season,week,league_key,league_name,team_a_name,team_a_manager,team_a_matchup_record,team_a_cats_won,team_b_name,team_b_manager,team_b_matchup_record,team_b_cats_won
2005,1,113.l.199100,Heritage League,Swing Batter,Scott,0-0-0,6,Easy E's Juice,--hidden--,0-0-0,4
2005,1,113.l.199100,Heritage League,GooseRules,The Wizard,0-0-0,6,holy cow!!!!!,--hidden--,0-0-0,4
2005,1,113.l.199100,Heritage League,Sidd Finch All Stars,-- hidden --,0-0-0,7,Zeg,M Z,0-0-0,3
2005,1,113.l.199100,Heritage League,DirtyBalz,Dan,0-0-0,3,Big League Chew,Nikolai Khabibulin,0-0-0,7
2005,1,113.l.199100,Heritage League,The Evil Empire,Kevo,0-0-0,2,A-Town,Chris Gaul,0-0-0,7
2005,2,113.l.199100,Heritage League,Swing Batter,Scott,0-0-0,4,GooseRules,The Wizard,0-0-0,5
2005,2,113.l.199100,Heritage League,Easy E's Juice,--hidden--,0-0-0,5,A-Town,Chris Gaul,0-0-0,4
2005,2,113.l.199100,Heritage League,Sidd Finch All Stars,-- hidden --,0-0-0,5,holy cow!!!!!,--hidden--,0-0-0,5
2005,2,113.l.199100,Heritage League,DirtyBalz,Dan,0-0-0,3,Zeg,M Z,0-0-0,6
2005,2,113.l.199100,Heritage League,The Evil Empire,Kevo,0-0-0,6,Big League Chew,Nikolai Khabibulin,0-0-0,3
2005,3,113.l.199100,Heritage League,Swing Batter,Scott,0-0-0,2,Sidd Finch All Stars,-- hidden --,0-0-0,7
2005,3,113.l.199100,Heritage League,Easy E's Juice,--hidden--,0-0-0,2,GooseRules,The Wizard,0-0-0,7
2005,3,113.l.199100,Heritage League,DirtyBalz,Dan,0-0-0,6,holy cow!!!!!,--hidden--,0-0-0,4
2005,3,113.l.199100,Heritage League,The Evil Empire,Kevo,0-0-0,5,Zeg,M Z,0-0-0,5
2005,3,113.l.199100,Heritage League,Big League Chew,Nikolai Khabibulin,0-0-0,5,A-Town,Chris Gaul,0-0-0,4
2005,4,113.l.199100,Heritage League,Swing Batter,Scott,0-0-0,5,DirtyBalz,Dan,0-0-0,4
2005,4,113.l.199100,Heritage League,Easy E's Juice,--hidden--,0-0-0,4,Sidd Finch All Stars,-- hidden --,0-0-0,5
2005,4,113.l.199100,Heritage League,GooseRules,The Wizard,0-0-0,4,A-Town,Chris Gaul,0-0-0,5
2005,4,113.l.199100,Heritage League,The Evil Empire,Kevo,0-0-0,9,holy cow!!!!!,--hidden--,0-0-0,1
2005,4,113.l.199100,Heritage League,Big League Chew,Nikolai Khabibulin,0-0-0,1,Zeg,M Z,0-0-0,8
2005,5,113.l.199100,Heritage League,Swing Batter,Scott,0-0-0,6,The Evil Empire,Kevo,0-0-0,4
2005,5,113.l.199100,Heritage League,Easy E's Juice,--hidden--,0-0-0,2,DirtyBalz,Dan,0-0-0,8
2005,5,113.l.199100,Heritage League,GooseRules,The Wizard,0-0-0,4,Sidd Finch All Stars,-- hidden --,0-0-0,5
2005,5,113.l.199100,Heritage League,Big League Chew,Nikolai Khabibulin,0-0-0,9,holy cow!!!!!,--hidden--,0-0-0,1
2005,5,113.l.199100,Heritage League,Zeg,M Z,0-0-0,2,A-Town,Chris Gaul,0-0-0,8
2005,6,113.l.199100,Heritage League,Swing Batter,Scott,0-0-0,6,Big League Chew,Nikolai Khabibulin,0-0-0,3
2005,6,113.l.199100,Heritage League,Easy E's Juice,--hidden--,0-0-0,4,The Evil Empire,Kevo,0-0-0,5
2005,6,113.l.199100,Heritage League,GooseRules,The Wizard,0-0-0,6,DirtyBalz,Dan,0-0-0,2
2005,6,113.l.199100,Heritage League,Sidd Finch All Stars,-- hidden --,0-0-0,5,A-Town,Chris Gaul,0-0-0,4
2005,6,113.l.199100,Heritage League,Zeg,M Z,0-0-0,5,holy cow!!!!!,--hidden--,0-0-0,3
2005,7,113.l.199100,Heritage League,Swing Batter,Scott,0-0-0,5,Zeg,M Z,0-0-0,5
2005,7,113.l.199100,Heritage League,Easy E's Juice,--hidden--,0-0-0,6,Big League Chew,Nikolai Khabibulin,0-0-0,3
2005,7,113.l.199100,Heritage League,GooseRules,The Wizard,0-0-0,8,The Evil Empire,Kevo,0-0-0,0
2005,7,113.l.199100,Heritage League,Sidd Finch All Stars,-- hidden --,0-0-0,4,DirtyBalz,Dan,0-0-0,4
2005,7,113.l.199100,Heritage League,holy cow!!!!!,--hidden--,0-0-0,2,A-Town,Chris Gaul,0-0-0,7
2005,8,113.l.199100,Heritage League,Swing Batter,Scott,0-0-0,7,holy cow!!!!!,--hidden--,0-0-0,3
2005,8,113.l.199100,Heritage League,Easy E's Juice,--hidden--,0-0-0,6,Zeg,M Z,0-0-0,4
2005,8,113.l.199100,Heritage League,GooseRules,The Wizard,0-0-0,7,Big League Chew,Nikolai Khabibulin,0-0-0,2
2005,8,113.l.199100,Heritage League,Sidd Finch All Stars,-- hidden --,0-0-0,1,The Evil Empire,Kevo,0-0-0,8
2005,8,113.l.199100,Heritage League,DirtyBalz,Dan,0-0-0,2,A-Town,Chris Gaul,0-0-0,7
2005,9,113.l.199100,Heritage League,Swing Batter,Scott,0-0-0,5,A-Town,Chris Gaul,0-0-0,4
2005,9,113.l.199100,Heritage League,Easy E's Juice,--hidden--,0-0-0,4,holy cow!!!!!,--hidden--,0-0-0,5
2005,9,113.l.199100,Heritage League,GooseRules,The Wizard,0-0-0,9,Zeg,M Z,0-0-0,0
2005,9,113.l.199100,Heritage League,Sidd Finch All Stars,-- hidden --,0-0-0,2,Big League Chew,Nikolai Khabibulin,0-0-0,8
2005,9,113.l.199100,Heritage League,DirtyBalz,Dan,0-0-0,3,The Evil Empire,Kevo,0-0-0,6
2005,10,113.l.199100,Heritage League,Swing Batter,Scott,0-0-0,5,Easy E's Juice,--hidden--,0-0-0,4
2005,10,113.l.199100,Heritage League,GooseRules,The Wizard,0-0-0,9,holy cow!!!!!,--hidden--,0-0-0,1
2005,10,113.l.199100,Heritage League,Sidd Finch All Stars,-- hidden --,0-0-0,7,Zeg,M Z,0-0-0,3
2005,10,113.l.199100,Heritage League,DirtyBalz,Dan,0-0-0,1,Big League Chew,Nikolai Khabibulin,0-0-0,6
2005,10,113.l.199100,Heritage League,The Evil Empire,Kevo,0-0-0,2,A-Town,Chris Gaul,0-0-0,6
2005,11,113.l.199100,Heritage League,Swing Batter,Scott,0-0-0,3,GooseRules,The Wizard,0-0-0,6
2005,11,113.l.199100,Heritage League,Easy E's Juice,--hidden--,0-0-0,5,A-Town,Chris Gaul,0-0-0,4
2005,11,113.l.199100,Heritage League,Sidd Finch All Stars,-- hidden --,0-0-0,5,holy cow!!!!!,--hidden--,0-0-0,3
2005,11,113.l.199100,Heritage League,DirtyBalz,Dan,0-0-0,8,Zeg,M Z,0-0-0,1
2005,11,113.l.199100,Heritage League,The Evil Empire,Kevo,0-0-0,4,Big League Chew,Nikolai Khabibulin,0-0-0,5
2005,12,113.l.199100,Heritage League,Swing Batter,Scott,0-0-0,5,Sidd Finch All Stars,-- hidden --,0-0-0,4
2005,12,113.l.199100,Heritage League,Easy E's Juice,--hidden--,0-0-0,3,GooseRules,The Wizard,0-0-0,7
2005,12,113.l.199100,Heritage League,DirtyBalz,Dan,0-0-0,5,holy cow!!!!!,--hidden--,0-0-0,4
2005,12,113.l.199100,Heritage League,The Evil Empire,Kevo,0-0-0,3,Zeg,M Z,0-0-0,7
2005,12,113.l.199100,Heritage League,Big League Chew,Nikolai Khabibulin,0-0-0,5,A-Town,Chris Gaul,0-0-0,5
2005,13,113.l.199100,Heritage League,Swing Batter,Scott,0-0-0,6,DirtyBalz,Dan,0-0-0,4
2005,13,113.l.199100,Heritage League,Easy E's Juice,--hidden--,0-0-0,6,Sidd Finch All Stars,-- hidden --,0-0-0,3
2005,13,113.l.199100,Heritage League,GooseRules,The Wizard,0-0-0,5,A-Town,Chris Gaul,0-0-0,4
2005,13,113.l.199100,Heritage League,The Evil Empire,Kevo,0-0-0,7,holy cow!!!!!,--hidden--,0-0-0,3
2005,13,113.l.199100,Heritage League,Big League Chew,Nikolai Khabibulin,0-0-0,3,Zeg,M Z,0-0-0,7
2005,14,113.l.199100,Heritage League,Swing Batter,Scott,0-0-0,3,The Evil Empire,Kevo,0-0-0,7
2005,14,113.l.199100,Heritage League,Easy E's Juice,--hidden--,0-0-0,7,DirtyBalz,Dan,0-0-0,3
2005,14,113.l.199100,Heritage League,GooseRules,The Wizard,0-0-0,7,Sidd Finch All Stars,-- hidden --,0-0-0,3
2005,14,113.l.199100,Heritage League,Big League Chew,Nikolai Khabibulin,0-0-0,9,holy cow!!!!!,--hidden--,0-0-0,0
2005,14,113.l.199100,Heritage League,Zeg,M Z,0-0-0,4,A-Town,Chris Gaul,0-0-0,6
2005,15,113.l.199100,Heritage League,Swing Batter,Scott,0-0-0,0,Big League Chew,Nikolai Khabibulin,0-0-0,10
2005,15,113.l.199100,Heritage League,Easy E's Juice,--hidden--,0-0-0,4,The Evil Empire,Kevo,0-0-0,5
2005,15,113.l.199100,Heritage League,GooseRules,The Wizard,0-0-0,2,DirtyBalz,Dan,0-0-0,8
2005,15,113.l.199100,Heritage League,Sidd Finch All Stars,-- hidden --,0-0-0,2,A-Town,Chris Gaul,0-0-0,7
2005,15,113.l.199100,Heritage League,Zeg,M Z,0-0-0,6,holy cow!!!!!,--hidden--,0-0-0,4
2005,16,113.l.199100,Heritage League,Swing Batter,Scott,0-0-0,6,Zeg,M Z,0-0-0,4
2005,16,113.l.199100,Heritage League,Easy E's Juice,--hidden--,0-0-0,7,Big League Chew,Nikolai Khabibulin,0-0-0,3
2005,16,113.l.199100,Heritage League,GooseRules,The Wizard,0-0-0,4,The Evil Empire,Kevo,0-0-0,5
2005,16,113.l.199100,Heritage League,Sidd Finch All Stars,-- hidden --,0-0-0,5,DirtyBalz,Dan,0-0-0,3
2005,16,113.l.199100,Heritage League,holy cow!!!!!,--hidden--,0-0-0,5,A-Town,Chris Gaul,0-0-0,4
2005,17,113.l.199100,Heritage League,Swing Batter,Scott,0-0-0,7,holy cow!!!!!,--hidden--,0-0-0,3
2005,17,113.l.199100,Heritage League,Easy E's Juice,--hidden--,0-0-0,7,Zeg,M Z,0-0-0,3
2005,17,113.l.199100,Heritage League,GooseRules,The Wizard,0-0-0,7,Big League Chew,Nikolai Khabibulin,0-0-0,3
2005,17,113.l.199100,Heritage League,Sidd Finch All Stars,-- hidden --,0-0-0,3,The Evil Empire,Kevo,0-0-0,7
2005,17,113.l.199100,Heritage League,DirtyBalz,Dan,0-0-0,4,A-Town,Chris Gaul,0-0-0,6
2005,18,113.l.199100,Heritage League,Swing Batter,Scott,0-0-0,4,A-Town,Chris Gaul,0-0-0,5
2005,18,113.l.199100,Heritage League,Easy E's Juice,--hidden--,0-0-0,8,holy cow!!!!!,--hidden--,0-0-0,2
2005,18,113.l.199100,Heritage League,GooseRules,The Wizard,0-0-0,8,Zeg,M Z,0-0-0,1
2005,18,113.l.199100,Heritage League,Sidd Finch All Stars,-- hidden --,0-0-0,3,Big League Chew,Nikolai Khabibulin,0-0-0,7
2005,18,113.l.199100,Heritage League,DirtyBalz,Dan,0-0-0,5,The Evil Empire,Kevo,0-0-0,5
2005,19,113.l.199100,Heritage League,Swing Batter,Scott,0-0-0,1,Easy E's Juice,--hidden--,0-0-0,9
2005,19,113.l.199100,Heritage League,GooseRules,The Wizard,0-0-0,10,holy cow!!!!!,--hidden--,0-0-0,0
2005,19,113.l.199100,Heritage League,Sidd Finch All Stars,-- hidden --,0-0-0,3,Zeg,M Z,0-0-0,6
2005,19,113.l.199100,Heritage League,DirtyBalz,Dan,0-0-0,3,Big League Chew,Nikolai Khabibulin,0-0-0,7
2005,19,113.l.199100,Heritage League,The Evil Empire,Kevo,0-0-0,2,A-Town,Chris Gaul,0-0-0,6
2005,20,113.l.199100,Heritage League,Swing Batter,Scott,0-0-0,6,GooseRules,The Wizard,0-0-0,4
2005,20,113.l.199100,Heritage League,Easy E's Juice,--hidden--,0-0-0,7,A-Town,Chris Gaul,0-0-0,3
2005,20,113.l.199100,Heritage League,Sidd Finch All Stars,-- hidden --,0-0-0,8,holy cow!!!!!,--hidden--,0-0-0,1
2005,20,113.l.199100,Heritage League,DirtyBalz,Dan,0-0-0,6,Zeg,M Z,0-0-0,3
2005,20,113.l.199100,Heritage League,The Evil Empire,Kevo,0-0-0,3,Big League Chew,Nikolai Khabibulin,0-0-0,6
2005,21,113.l.199100,Heritage League,Swing Batter,Scott,0-0-0,5,Sidd Finch All Stars,-- hidden --,0-0-0,5
2005,21,113.l.199100,Heritage League,Easy E's Juice,--hidden--,0-0-0,3,GooseRules,The Wizard,0-0-0,6
2005,21,113.l.199100,Heritage League,DirtyBalz,Dan,0-0-0,5,holy cow!!!!!,--hidden--,0-0-0,4
2005,21,113.l.199100,Heritage League,The Evil Empire,Kevo,0-0-0,4,Zeg,M Z,0-0-0,5
2005,21,113.l.199100,Heritage League,Big League Chew,Nikolai Khabibulin,0-0-0,2,A-Town,Chris Gaul,0-0-0,8
2005,22,113.l.199100,Heritage League,Swing Batter,Scott,0-0-0,5,DirtyBalz,Dan,0-0-0,4
2005,22,113.l.199100,Heritage League,Easy E's Juice,--hidden--,0-0-0,7,Sidd Finch All Stars,-- hidden --,0-0-0,2
2005,22,113.l.199100,Heritage League,GooseRules,The Wizard,0-0-0,2,A-Town,Chris Gaul,0-0-0,7
2005,22,113.l.199100,Heritage League,The Evil Empire,Kevo,0-0-0,8,holy cow!!!!!,--hidden--,0-0-0,1
2005,22,113.l.199100,Heritage League,Big League Chew,Nikolai Khabibulin,0-0-0,7,Zeg,M Z,0-0-0,3
2005,23,113.l.199100,Heritage League,Swing Batter,Scott,0-0-0,4,Easy E's Juice,--hidden--,0-0-0,6
2005,23,113.l.199100,Heritage League,The Evil Empire,Kevo,0-0-0,3,Big League Chew,Nikolai Khabibulin,0-0-0,5
2005,24,113.l.199100,Heritage League,Swing Batter,Scott,0-0-0,8,The Evil Empire,Kevo,0-0-0,1
2005,24,113.l.199100,Heritage League,Easy E's Juice,--hidden--,0-0-0,4,A-Town,Chris Gaul,0-0-0,6
2005,24,113.l.199100,Heritage League,GooseRules,The Wizard,0-0-0,5,Big League Chew,Nikolai Khabibulin,0-0-0,5
2005,24,113.l.199100,Heritage League,Sidd Finch All Stars,-- hidden --,0-0-0,7,Zeg,M Z,0-0-0,2
2005,24,113.l.199100,Heritage League,DirtyBalz,Dan,0-0-0,7,holy cow!!!!!,--hidden--,0-0-0,3
2005,25,113.l.199100,Heritage League,Easy E's Juice,--hidden--,0-0-0,7,GooseRules,The Wizard,0-0-0,2
2005,25,113.l.199100,Heritage League,Sidd Finch All Stars,-- hidden --,0-0-0,8,DirtyBalz,Dan,0-0-0,1
2005,25,113.l.199100,Heritage League,Big League Chew,Nikolai Khabibulin,0-0-0,7,A-Town,Chris Gaul,0-0-0,3
2005,25,113.l.199100,Heritage League,Zeg,M Z,0-0-0,10,holy cow!!!!!,--hidden--,0-0-0,0
2005,1,113.l.232958,Pimps & Hos,P Nizzel suk boy cok,Kevo,0-0-0,1,Got Cream?,--hidden--,0-0-0,9
2005,1,113.l.232958,Pimps & Hos,Easy E's Expos,--hidden--,0-0-0,5,Big League Chew,Nikolai Khabibulin,0-0-0,7
2005,1,113.l.232958,Pimps & Hos,GooseRules,The Wizard,0-0-0,4,Raybo Thunda,--hidden--,0-0-0,7
2005,1,113.l.232958,Pimps & Hos,Beancounters,Chris Gaul,0-0-0,5,In It To Win It!,--hidden--,0-0-0,6
2005,1,113.l.232958,Pimps & Hos,Kevo loves Man Ass,-- hidden --,0-0-0,7,WeazzillsWhiteSacks,Weazy,0-0-0,5
2005,1,113.l.232958,Pimps & Hos,BAMBAM,Brian,0-0-0,11,Zeg,M Z,0-0-0,1
2005,2,113.l.232958,Pimps & Hos,P Nizzel suk boy cok,Kevo,0-0-0,6,Easy E's Expos,--hidden--,0-0-0,6
2005,2,113.l.232958,Pimps & Hos,Got Cream?,--hidden--,0-0-0,7,Zeg,M Z,0-0-0,3
2005,2,113.l.232958,Pimps & Hos,GooseRules,The Wizard,0-0-0,3,Big League Chew,Nikolai Khabibulin,0-0-0,8
2005,2,113.l.232958,Pimps & Hos,Beancounters,Chris Gaul,0-0-0,5,Raybo Thunda,--hidden--,0-0-0,6
2005,2,113.l.232958,Pimps & Hos,Kevo loves Man Ass,-- hidden --,0-0-0,7,In It To Win It!,--hidden--,0-0-0,4
2005,2,113.l.232958,Pimps & Hos,BAMBAM,Brian,0-0-0,2,WeazzillsWhiteSacks,Weazy,0-0-0,9
2005,3,113.l.232958,Pimps & Hos,P Nizzel suk boy cok,Kevo,0-0-0,4,GooseRules,The Wizard,0-0-0,6
2005,3,113.l.232958,Pimps & Hos,Got Cream?,--hidden--,0-0-0,7,Easy E's Expos,--hidden--,0-0-0,5
2005,3,113.l.232958,Pimps & Hos,Beancounters,Chris Gaul,0-0-0,3,Big League Chew,Nikolai Khabibulin,0-0-0,8
2005,3,113.l.232958,Pimps & Hos,Kevo loves Man Ass,-- hidden --,0-0-0,5,Raybo Thunda,--hidden--,0-0-0,5
2005,3,113.l.232958,Pimps & Hos,BAMBAM,Brian,0-0-0,0,In It To Win It!,--hidden--,0-0-0,11
2005,3,113.l.232958,Pimps & Hos,WeazzillsWhiteSacks,Weazy,0-0-0,5,Zeg,M Z,0-0-0,6
2005,4,113.l.232958,Pimps & Hos,P Nizzel suk boy cok,Kevo,0-0-0,5,Beancounters,Chris Gaul,0-0-0,7
2005,4,113.l.232958,Pimps & Hos,Got Cream?,--hidden--,0-0-0,8,GooseRules,The Wizard,0-0-0,4
2005,4,113.l.232958,Pimps & Hos,Easy E's Expos,--hidden--,0-0-0,11,Zeg,M Z,0-0-0,1
2005,4,113.l.232958,Pimps & Hos,Kevo loves Man Ass,-- hidden --,0-0-0,2,Big League Chew,Nikolai Khabibulin,0-0-0,10
2005,4,113.l.232958,Pimps & Hos,BAMBAM,Brian,0-0-0,9,Raybo Thunda,--hidden--,0-0-0,2
2005,4,113.l.232958,Pimps & Hos,WeazzillsWhiteSacks,Weazy,0-0-0,10,In It To Win It!,--hidden--,0-0-0,2
2005,5,113.l.232958,Pimps & Hos,P Nizzel suk boy cok,Kevo,0-0-0,9,Kevo loves Man Ass,-- hidden --,0-0-0,2
2005,5,113.l.232958,Pimps & Hos,Got Cream?,--hidden--,0-0-0,11,Beancounters,Chris Gaul,0-0-0,1
2005,5,113.l.232958,Pimps & Hos,Easy E's Expos,--hidden--,0-0-0,8,GooseRules,The Wizard,0-0-0,3
2005,5,113.l.232958,Pimps & Hos,BAMBAM,Brian,0-0-0,4,Big League Chew,Nikolai Khabibulin,0-0-0,8
2005,5,113.l.232958,Pimps & Hos,WeazzillsWhiteSacks,Weazy,0-0-0,12,Raybo Thunda,--hidden--,0-0-0,0
2005,5,113.l.232958,Pimps & Hos,In It To Win It!,--hidden--,0-0-0,7,Zeg,M Z,0-0-0,5
2005,6,113.l.232958,Pimps & Hos,P Nizzel suk boy cok,Kevo,0-0-0,4,BAMBAM,Brian,0-0-0,8
2005,6,113.l.232958,Pimps & Hos,Got Cream?,--hidden--,0-0-0,11,Kevo loves Man Ass,-- hidden --,0-0-0,1
2005,6,113.l.232958,Pimps & Hos,Easy E's Expos,--hidden--,0-0-0,7,Beancounters,Chris Gaul,0-0-0,4
2005,6,113.l.232958,Pimps & Hos,GooseRules,The Wizard,0-0-0,3,Zeg,M Z,0-0-0,7
2005,6,113.l.232958,Pimps & Hos,WeazzillsWhiteSacks,Weazy,0-0-0,2,Big League Chew,Nikolai Khabibulin,0-0-0,9
2005,6,113.l.232958,Pimps & Hos,In It To Win It!,--hidden--,0-0-0,6,Raybo Thunda,--hidden--,0-0-0,5
2005,7,113.l.232958,Pimps & Hos,P Nizzel suk boy cok,Kevo,0-0-0,9,WeazzillsWhiteSacks,Weazy,0-0-0,3
2005,7,113.l.232958,Pimps & Hos,Got Cream?,--hidden--,0-0-0,5,BAMBAM,Brian,0-0-0,6
2005,7,113.l.232958,Pimps & Hos,Easy E's Expos,--hidden--,0-0-0,5,Kevo loves Man Ass,-- hidden --,0-0-0,7
2005,7,113.l.232958,Pimps & Hos,GooseRules,The Wizard,0-0-0,10,Beancounters,Chris Gaul,0-0-0,2
2005,7,113.l.232958,Pimps & Hos,In It To Win It!,--hidden--,0-0-0,6,Big League Chew,Nikolai Khabibulin,0-0-0,5
2005,7,113.l.232958,Pimps & Hos,Raybo Thunda,--hidden--,0-0-0,10,Zeg,M Z,0-0-0,1
2005,8,113.l.232958,Pimps & Hos,P Nizzel suk boy cok,Kevo,0-0-0,10,In It To Win It!,--hidden--,0-0-0,2
2005,8,113.l.232958,Pimps & Hos,Got Cream?,--hidden--,0-0-0,6,WeazzillsWhiteSacks,Weazy,0-0-0,3
2005,8,113.l.232958,Pimps & Hos,Easy E's Expos,--hidden--,0-0-0,6,BAMBAM,Brian,0-0-0,4
2005,8,113.l.232958,Pimps & Hos,GooseRules,The Wizard,0-0-0,9,Kevo loves Man Ass,-- hidden --,0-0-0,3
2005,8,113.l.232958,Pimps & Hos,Beancounters,Chris Gaul,0-0-0,9,Zeg,M Z,0-0-0,2
2005,8,113.l.232958,Pimps & Hos,Raybo Thunda,--hidden--,0-0-0,4,Big League Chew,Nikolai Khabibulin,0-0-0,8
2005,9,113.l.232958,Pimps & Hos,P Nizzel suk boy cok,Kevo,0-0-0,10,Raybo Thunda,--hidden--,0-0-0,2
2005,9,113.l.232958,Pimps & Hos,Got Cream?,--hidden--,0-0-0,6,In It To Win It!,--hidden--,0-0-0,5
2005,9,113.l.232958,Pimps & Hos,Easy E's Expos,--hidden--,0-0-0,9,WeazzillsWhiteSacks,Weazy,0-0-0,2
2005,9,113.l.232958,Pimps & Hos,GooseRules,The Wizard,0-0-0,6,BAMBAM,Brian,0-0-0,6
2005,9,113.l.232958,Pimps & Hos,Beancounters,Chris Gaul,0-0-0,10,Kevo loves Man Ass,-- hidden --,0-0-0,2
2005,9,113.l.232958,Pimps & Hos,Big League Chew,Nikolai Khabibulin,0-0-0,7,Zeg,M Z,0-0-0,5
2005,10,113.l.232958,Pimps & Hos,P Nizzel suk boy cok,Kevo,0-0-0,9,Big League Chew,Nikolai Khabibulin,0-0-0,3
2005,10,113.l.232958,Pimps & Hos,Got Cream?,--hidden--,0-0-0,6,Raybo Thunda,--hidden--,0-0-0,4
2005,10,113.l.232958,Pimps & Hos,Easy E's Expos,--hidden--,0-0-0,8,In It To Win It!,--hidden--,0-0-0,4
2005,10,113.l.232958,Pimps & Hos,GooseRules,The Wizard,0-0-0,7,WeazzillsWhiteSacks,Weazy,0-0-0,4
2005,10,113.l.232958,Pimps & Hos,Beancounters,Chris Gaul,0-0-0,5,BAMBAM,Brian,0-0-0,6
2005,10,113.l.232958,Pimps & Hos,Kevo loves Man Ass,-- hidden --,0-0-0,6,Zeg,M Z,0-0-0,6
2005,11,113.l.232958,Pimps & Hos,P Nizzel suk boy cok,Kevo,0-0-0,7,Zeg,M Z,0-0-0,3
2005,11,113.l.232958,Pimps & Hos,Got Cream?,--hidden--,0-0-0,6,Big League Chew,Nikolai Khabibulin,0-0-0,6
2005,11,113.l.232958,Pimps & Hos,Easy E's Expos,--hidden--,0-0-0,7,Raybo Thunda,--hidden--,0-0-0,5
2005,11,113.l.232958,Pimps & Hos,GooseRules,The Wizard,0-0-0,9,In It To Win It!,--hidden--,0-0-0,2
2005,11,113.l.232958,Pimps & Hos,Beancounters,Chris Gaul,0-0-0,5,WeazzillsWhiteSacks,Weazy,0-0-0,5
2005,11,113.l.232958,Pimps & Hos,Kevo loves Man Ass,-- hidden --,0-0-0,6,BAMBAM,Brian,0-0-0,5
2005,12,113.l.232958,Pimps & Hos,P Nizzel suk boy cok,Kevo,0-0-0,9,Got Cream?,--hidden--,0-0-0,3
2005,12,113.l.232958,Pimps & Hos,Easy E's Expos,--hidden--,0-0-0,3,Big League Chew,Nikolai Khabibulin,0-0-0,8
2005,12,113.l.232958,Pimps & Hos,GooseRules,The Wizard,0-0-0,6,Raybo Thunda,--hidden--,0-0-0,4
2005,12,113.l.232958,Pimps & Hos,Beancounters,Chris Gaul,0-0-0,9,In It To Win It!,--hidden--,0-0-0,3
2005,12,113.l.232958,Pimps & Hos,Kevo loves Man Ass,-- hidden --,0-0-0,1,WeazzillsWhiteSacks,Weazy,0-0-0,10
2005,12,113.l.232958,Pimps & Hos,BAMBAM,Brian,0-0-0,11,Zeg,M Z,0-0-0,1
2005,13,113.l.232958,Pimps & Hos,P Nizzel suk boy cok,Kevo,0-0-0,8,Easy E's Expos,--hidden--,0-0-0,4
2005,13,113.l.232958,Pimps & Hos,Got Cream?,--hidden--,0-0-0,9,Zeg,M Z,0-0-0,1
2005,13,113.l.232958,Pimps & Hos,GooseRules,The Wizard,0-0-0,9,Big League Chew,Nikolai Khabibulin,0-0-0,3
2005,13,113.l.232958,Pimps & Hos,Beancounters,Chris Gaul,0-0-0,6,Raybo Thunda,--hidden--,0-0-0,6
2005,13,113.l.232958,Pimps & Hos,Kevo loves Man Ass,-- hidden --,0-0-0,3,In It To Win It!,--hidden--,0-0-0,8
2005,13,113.l.232958,Pimps & Hos,BAMBAM,Brian,0-0-0,5,WeazzillsWhiteSacks,Weazy,0-0-0,7
2005,14,113.l.232958,Pimps & Hos,P Nizzel suk boy cok,Kevo,0-0-0,2,GooseRules,The Wizard,0-0-0,8
2005,14,113.l.232958,Pimps & Hos,Got Cream?,--hidden--,0-0-0,8,Easy E's Expos,--hidden--,0-0-0,3
2005,14,113.l.232958,Pimps & Hos,Beancounters,Chris Gaul,0-0-0,3,Big League Chew,Nikolai Khabibulin,0-0-0,9
2005,14,113.l.232958,Pimps & Hos,Kevo loves Man Ass,-- hidden --,0-0-0,6,Raybo Thunda,--hidden--,0-0-0,6
2005,14,113.l.232958,Pimps & Hos,BAMBAM,Brian,0-0-0,5,In It To Win It!,--hidden--,0-0-0,7
2005,14,113.l.232958,Pimps & Hos,WeazzillsWhiteSacks,Weazy,0-0-0,11,Zeg,M Z,0-0-0,0
2005,15,113.l.232958,Pimps & Hos,P Nizzel suk boy cok,Kevo,0-0-0,2,Beancounters,Chris Gaul,0-0-0,9
2005,15,113.l.232958,Pimps & Hos,Got Cream?,--hidden--,0-0-0,7,GooseRules,The Wizard,0-0-0,5
2005,15,113.l.232958,Pimps & Hos,Easy E's Expos,--hidden--,0-0-0,3,Zeg,M Z,0-0-0,8
2005,15,113.l.232958,Pimps & Hos,Kevo loves Man Ass,-- hidden --,0-0-0,7,Big League Chew,Nikolai Khabibulin,0-0-0,5
2005,15,113.l.232958,Pimps & Hos,BAMBAM,Brian,0-0-0,7,Raybo Thunda,--hidden--,0-0-0,3
2005,15,113.l.232958,Pimps & Hos,WeazzillsWhiteSacks,Weazy,0-0-0,7,In It To Win It!,--hidden--,0-0-0,5
2005,16,113.l.232958,Pimps & Hos,P Nizzel suk boy cok,Kevo,0-0-0,9,Kevo loves Man Ass,-- hidden --,0-0-0,2
2005,16,113.l.232958,Pimps & Hos,Got Cream?,--hidden--,0-0-0,10,Beancounters,Chris Gaul,0-0-0,0
2005,16,113.l.232958,Pimps & Hos,Easy E's Expos,--hidden--,0-0-0,8,GooseRules,The Wizard,0-0-0,4
2005,16,113.l.232958,Pimps & Hos,BAMBAM,Brian,0-0-0,6,Big League Chew,Nikolai Khabibulin,0-0-0,5
2005,16,113.l.232958,Pimps & Hos,WeazzillsWhiteSacks,Weazy,0-0-0,8,Raybo Thunda,--hidden--,0-0-0,3
2005,16,113.l.232958,Pimps & Hos,In It To Win It!,--hidden--,0-0-0,4,Zeg,M Z,0-0-0,7
2005,17,113.l.232958,Pimps & Hos,P Nizzel suk boy cok,Kevo,0-0-0,5,BAMBAM,Brian,0-0-0,7
2005,17,113.l.232958,Pimps & Hos,Got Cream?,--hidden--,0-0-0,6,Kevo loves Man Ass,-- hidden --,0-0-0,5
2005,17,113.l.232958,Pimps & Hos,Easy E's Expos,--hidden--,0-0-0,3,Beancounters,Chris Gaul,0-0-0,9
2005,17,113.l.232958,Pimps & Hos,GooseRules,The Wizard,0-0-0,12,Zeg,M Z,0-0-0,0
2005,17,113.l.232958,Pimps & Hos,WeazzillsWhiteSacks,Weazy,0-0-0,9,Big League Chew,Nikolai Khabibulin,0-0-0,2
2005,17,113.l.232958,Pimps & Hos,In It To Win It!,--hidden--,0-0-0,7,Raybo Thunda,--hidden--,0-0-0,4
2005,18,113.l.232958,Pimps & Hos,P Nizzel suk boy cok,Kevo,0-0-0,5,WeazzillsWhiteSacks,Weazy,0-0-0,7
2005,18,113.l.232958,Pimps & Hos,Got Cream?,--hidden--,0-0-0,11,BAMBAM,Brian,0-0-0,1
2005,18,113.l.232958,Pimps & Hos,Easy E's Expos,--hidden--,0-0-0,10,Kevo loves Man Ass,-- hidden --,0-0-0,2
2005,18,113.l.232958,Pimps & Hos,GooseRules,The Wizard,0-0-0,10,Beancounters,Chris Gaul,0-0-0,0
2005,18,113.l.232958,Pimps & Hos,In It To Win It!,--hidden--,0-0-0,3,Big League Chew,Nikolai Khabibulin,0-0-0,8
2005,18,113.l.232958,Pimps & Hos,Raybo Thunda,--hidden--,0-0-0,10,Zeg,M Z,0-0-0,0
2005,19,113.l.232958,Pimps & Hos,P Nizzel suk boy cok,Kevo,0-0-0,7,In It To Win It!,--hidden--,0-0-0,5
2005,19,113.l.232958,Pimps & Hos,Got Cream?,--hidden--,0-0-0,4,WeazzillsWhiteSacks,Weazy,0-0-0,7
2005,19,113.l.232958,Pimps & Hos,Easy E's Expos,--hidden--,0-0-0,2,BAMBAM,Brian,0-0-0,8
2005,19,113.l.232958,Pimps & Hos,GooseRules,The Wizard,0-0-0,9,Kevo loves Man Ass,-- hidden --,0-0-0,2
2005,19,113.l.232958,Pimps & Hos,Beancounters,Chris Gaul,0-0-0,5,Zeg,M Z,0-0-0,7
2005,19,113.l.232958,Pimps & Hos,Raybo Thunda,--hidden--,0-0-0,2,Big League Chew,Nikolai Khabibulin,0-0-0,9
2005,20,113.l.232958,Pimps & Hos,P Nizzel suk boy cok,Kevo,0-0-0,7,Raybo Thunda,--hidden--,0-0-0,3
2005,20,113.l.232958,Pimps & Hos,Got Cream?,--hidden--,0-0-0,8,In It To Win It!,--hidden--,0-0-0,3
2005,20,113.l.232958,Pimps & Hos,Easy E's Expos,--hidden--,0-0-0,7,WeazzillsWhiteSacks,Weazy,0-0-0,5
2005,20,113.l.232958,Pimps & Hos,GooseRules,The Wizard,0-0-0,3,BAMBAM,Brian,0-0-0,9
2005,20,113.l.232958,Pimps & Hos,Beancounters,Chris Gaul,0-0-0,8,Kevo loves Man Ass,-- hidden --,0-0-0,4
2005,20,113.l.232958,Pimps & Hos,Big League Chew,Nikolai Khabibulin,0-0-0,9,Zeg,M Z,0-0-0,3
2005,21,113.l.232958,Pimps & Hos,P Nizzel suk boy cok,Kevo,0-0-0,8,Big League Chew,Nikolai Khabibulin,0-0-0,4
2005,21,113.l.232958,Pimps & Hos,Got Cream?,--hidden--,0-0-0,10,Raybo Thunda,--hidden--,0-0-0,2
2005,21,113.l.232958,Pimps & Hos,Easy E's Expos,--hidden--,0-0-0,7,In It To Win It!,--hidden--,0-0-0,3
2005,21,113.l.232958,Pimps & Hos,GooseRules,The Wizard,0-0-0,8,WeazzillsWhiteSacks,Weazy,0-0-0,4
2005,21,113.l.232958,Pimps & Hos,Beancounters,Chris Gaul,0-0-0,7,BAMBAM,Brian,0-0-0,5
2005,21,113.l.232958,Pimps & Hos,Kevo loves Man Ass,-- hidden --,0-0-0,3,Zeg,M Z,0-0-0,7
2005,22,113.l.232958,Pimps & Hos,P Nizzel suk boy cok,Kevo,0-0-0,11,Zeg,M Z,0-0-0,1
2005,22,113.l.232958,Pimps & Hos,Got Cream?,--hidden--,0-0-0,2,Big League Chew,Nikolai Khabibulin,0-0-0,7
2005,22,113.l.232958,Pimps & Hos,Easy E's Expos,--hidden--,0-0-0,9,Raybo Thunda,--hidden--,0-0-0,2
2005,22,113.l.232958,Pimps & Hos,GooseRules,The Wizard,0-0-0,3,In It To Win It!,--hidden--,0-0-0,8
2005,22,113.l.232958,Pimps & Hos,Beancounters,Chris Gaul,0-0-0,11,WeazzillsWhiteSacks,Weazy,0-0-0,1
2005,22,113.l.232958,Pimps & Hos,Kevo loves Man Ass,-- hidden --,0-0-0,5,BAMBAM,Brian,0-0-0,6
2005,23,113.l.232958,Pimps & Hos,P Nizzel suk boy cok,Kevo,0-0-0,9,Easy E's Expos,--hidden--,0-0-0,3
2005,23,113.l.232958,Pimps & Hos,GooseRules,The Wizard,0-0-0,7,WeazzillsWhiteSacks,Weazy,0-0-0,4
2005,23,113.l.232958,Pimps & Hos,Kevo loves Man Ass,-- hidden --,0-0-0,9,Raybo Thunda,--hidden--,0-0-0,2
2005,23,113.l.232958,Pimps & Hos,In It To Win It!,--hidden--,0-0-0,10,Zeg,M Z,0-0-0,1
2005,24,113.l.232958,Pimps & Hos,P Nizzel suk boy cok,Kevo,0-0-0,7,Big League Chew,Nikolai Khabibulin,0-0-0,5
2005,24,113.l.232958,Pimps & Hos,Got Cream?,--hidden--,0-0-0,11,GooseRules,The Wizard,0-0-0,0
2005,24,113.l.232958,Pimps & Hos,Easy E's Expos,--hidden--,0-0-0,5,WeazzillsWhiteSacks,Weazy,0-0-0,7
2005,24,113.l.232958,Pimps & Hos,Beancounters,Chris Gaul,0-0-0,5,In It To Win It!,--hidden--,0-0-0,7
2005,24,113.l.232958,Pimps & Hos,Kevo loves Man Ass,-- hidden --,0-0-0,3,BAMBAM,Brian,0-0-0,8
2005,24,113.l.232958,Pimps & Hos,Raybo Thunda,--hidden--,0-0-0,7,Zeg,M Z,0-0-0,4
2005,25,113.l.232958,Pimps & Hos,P Nizzel suk boy cok,Kevo,0-0-0,4,Got Cream?,--hidden--,0-0-0,8
2005,25,113.l.232958,Pimps & Hos,GooseRules,The Wizard,0-0-0,3,Big League Chew,Nikolai Khabibulin,0-0-0,9
2005,25,113.l.232958,Pimps & Hos,Beancounters,Chris Gaul,0-0-0,8,Kevo loves Man Ass,-- hidden --,0-0-0,4
2005,25,113.l.232958,Pimps & Hos,BAMBAM,Brian,0-0-0,6,In It To Win It!,--hidden--,0-0-0,4
2006,1,147.l.322066,Nulnet Sucks Ass,GooseRules,The Wizard,0-0-0,7,Weazzills Wack Socks,Weazy,0-0-0,2
2006,1,147.l.322066,Nulnet Sucks Ass,A-Town,Chris Gaul,0-0-0,3,Ludwig,Nikolai Khabibulin,0-0-0,7
2006,1,147.l.322066,Nulnet Sucks Ass,snossberries,chris,0-0-0,10,Steins Boys,M Z,0-0-0,0
2006,1,147.l.322066,Nulnet Sucks Ass,Dizzy,DiZzY,0-0-0,7,Aces,Dan,0-0-0,3
2006,1,147.l.322066,Nulnet Sucks Ass,The Evil Empire,Kevo,0-0-0,0,Revenge of Sidd!!,-- hidden --,0-0-0,10
2006,1,147.l.322066,Nulnet Sucks Ass,Dirty Sanchez,M Z,0-0-0,5,YoMamma,M Z,0-0-0,0
2006,2,147.l.322066,Nulnet Sucks Ass,GooseRules,The Wizard,0-0-0,9,A-Town,Chris Gaul,0-0-0,1
2006,2,147.l.322066,Nulnet Sucks Ass,Weazzills Wack Socks,Weazy,0-0-0,10,YoMamma,M Z,0-0-0,0
2006,2,147.l.322066,Nulnet Sucks Ass,snossberries,chris,0-0-0,5,Ludwig,Nikolai Khabibulin,0-0-0,5
2006,2,147.l.322066,Nulnet Sucks Ass,Dizzy,DiZzY,0-0-0,4,Steins Boys,M Z,0-0-0,5
2006,2,147.l.322066,Nulnet Sucks Ass,The Evil Empire,Kevo,0-0-0,3,Aces,Dan,0-0-0,7
2006,2,147.l.322066,Nulnet Sucks Ass,Dirty Sanchez,M Z,0-0-0,2,Revenge of Sidd!!,-- hidden --,0-0-0,7
2006,3,147.l.322066,Nulnet Sucks Ass,GooseRules,The Wizard,0-0-0,4,snossberries,chris,0-0-0,4
2006,3,147.l.322066,Nulnet Sucks Ass,Weazzills Wack Socks,Weazy,0-0-0,4,A-Town,Chris Gaul,0-0-0,5
2006,3,147.l.322066,Nulnet Sucks Ass,Dizzy,DiZzY,0-0-0,3,Ludwig,Nikolai Khabibulin,0-0-0,7
2006,3,147.l.322066,Nulnet Sucks Ass,The Evil Empire,Kevo,0-0-0,6,Steins Boys,M Z,0-0-0,4
2006,3,147.l.322066,Nulnet Sucks Ass,Dirty Sanchez,M Z,0-0-0,1,Aces,Dan,0-0-0,6
2006,3,147.l.322066,Nulnet Sucks Ass,Revenge of Sidd!!,-- hidden --,0-0-0,5,YoMamma,M Z,0-0-0,5
2006,4,147.l.322066,Nulnet Sucks Ass,GooseRules,The Wizard,0-0-0,7,Dizzy,DiZzY,0-0-0,3
2006,4,147.l.322066,Nulnet Sucks Ass,Weazzills Wack Socks,Weazy,0-0-0,7,snossberries,chris,0-0-0,3
2006,4,147.l.322066,Nulnet Sucks Ass,A-Town,Chris Gaul,0-0-0,4,YoMamma,M Z,0-0-0,5
2006,4,147.l.322066,Nulnet Sucks Ass,The Evil Empire,Kevo,0-0-0,0,Ludwig,Nikolai Khabibulin,0-0-0,8
2006,4,147.l.322066,Nulnet Sucks Ass,Dirty Sanchez,M Z,0-0-0,4,Steins Boys,M Z,0-0-0,6
2006,4,147.l.322066,Nulnet Sucks Ass,Revenge of Sidd!!,-- hidden --,0-0-0,5,Aces,Dan,0-0-0,4
2006,5,147.l.322066,Nulnet Sucks Ass,GooseRules,The Wizard,0-0-0,7,The Evil Empire,Kevo,0-0-0,3
2006,5,147.l.322066,Nulnet Sucks Ass,Weazzills Wack Socks,Weazy,0-0-0,7,Dizzy,DiZzY,0-0-0,3
2006,5,147.l.322066,Nulnet Sucks Ass,A-Town,Chris Gaul,0-0-0,4,snossberries,chris,0-0-0,6
2006,5,147.l.322066,Nulnet Sucks Ass,Dirty Sanchez,M Z,0-0-0,2,Ludwig,Nikolai Khabibulin,0-0-0,8
2006,5,147.l.322066,Nulnet Sucks Ass,Revenge of Sidd!!,-- hidden --,0-0-0,6,Steins Boys,M Z,0-0-0,2
2006,5,147.l.322066,Nulnet Sucks Ass,Aces,Dan,0-0-0,7,YoMamma,M Z,0-0-0,3
2006,6,147.l.322066,Nulnet Sucks Ass,GooseRules,The Wizard,0-0-0,7,Dirty Sanchez,M Z,0-0-0,3
2006,6,147.l.322066,Nulnet Sucks Ass,Weazzills Wack Socks,Weazy,0-0-0,5,The Evil Empire,Kevo,0-0-0,4
2006,6,147.l.322066,Nulnet Sucks Ass,A-Town,Chris Gaul,0-0-0,6,Dizzy,DiZzY,0-0-0,4
2006,6,147.l.322066,Nulnet Sucks Ass,snossberries,chris,0-0-0,6,YoMamma,M Z,0-0-0,2
2006,6,147.l.322066,Nulnet Sucks Ass,Revenge of Sidd!!,-- hidden --,0-0-0,4,Ludwig,Nikolai Khabibulin,0-0-0,6
2006,6,147.l.322066,Nulnet Sucks Ass,Aces,Dan,0-0-0,5,Steins Boys,M Z,0-0-0,3
2006,7,147.l.322066,Nulnet Sucks Ass,GooseRules,The Wizard,0-0-0,4,Revenge of Sidd!!,-- hidden --,0-0-0,5
2006,7,147.l.322066,Nulnet Sucks Ass,Weazzills Wack Socks,Weazy,0-0-0,6,Dirty Sanchez,M Z,0-0-0,4
2006,7,147.l.322066,Nulnet Sucks Ass,A-Town,Chris Gaul,0-0-0,6,The Evil Empire,Kevo,0-0-0,4
2006,7,147.l.322066,Nulnet Sucks Ass,snossberries,chris,0-0-0,3,Dizzy,DiZzY,0-0-0,7
2006,7,147.l.322066,Nulnet Sucks Ass,Aces,Dan,0-0-0,4,Ludwig,Nikolai Khabibulin,0-0-0,5
2006,7,147.l.322066,Nulnet Sucks Ass,Steins Boys,M Z,0-0-0,5,YoMamma,M Z,0-0-0,5
2006,8,147.l.322066,Nulnet Sucks Ass,GooseRules,The Wizard,0-0-0,7,Aces,Dan,0-0-0,3
2006,8,147.l.322066,Nulnet Sucks Ass,Weazzills Wack Socks,Weazy,0-0-0,1,Revenge of Sidd!!,-- hidden --,0-0-0,9
2006,8,147.l.322066,Nulnet Sucks Ass,A-Town,Chris Gaul,0-0-0,7,Dirty Sanchez,M Z,0-0-0,3
2006,8,147.l.322066,Nulnet Sucks Ass,snossberries,chris,0-0-0,5,The Evil Empire,Kevo,0-0-0,4
2006,8,147.l.322066,Nulnet Sucks Ass,Dizzy,DiZzY,0-0-0,7,YoMamma,M Z,0-0-0,2
2006,8,147.l.322066,Nulnet Sucks Ass,Steins Boys,M Z,0-0-0,1,Ludwig,Nikolai Khabibulin,0-0-0,9
2006,9,147.l.322066,Nulnet Sucks Ass,GooseRules,The Wizard,0-0-0,3,Steins Boys,M Z,0-0-0,7
2006,9,147.l.322066,Nulnet Sucks Ass,Weazzills Wack Socks,Weazy,0-0-0,4,Aces,Dan,0-0-0,6
2006,9,147.l.322066,Nulnet Sucks Ass,A-Town,Chris Gaul,0-0-0,6,Revenge of Sidd!!,-- hidden --,0-0-0,3
2006,9,147.l.322066,Nulnet Sucks Ass,snossberries,chris,0-0-0,6,Dirty Sanchez,M Z,0-0-0,4
2006,9,147.l.322066,Nulnet Sucks Ass,Dizzy,DiZzY,0-0-0,6,The Evil Empire,Kevo,0-0-0,3
2006,9,147.l.322066,Nulnet Sucks Ass,Ludwig,Nikolai Khabibulin,0-0-0,4,YoMamma,M Z,0-0-0,4
2006,10,147.l.322066,Nulnet Sucks Ass,GooseRules,The Wizard,0-0-0,2,Ludwig,Nikolai Khabibulin,0-0-0,7
2006,10,147.l.322066,Nulnet Sucks Ass,Weazzills Wack Socks,Weazy,0-0-0,2,Steins Boys,M Z,0-0-0,6
2006,10,147.l.322066,Nulnet Sucks Ass,A-Town,Chris Gaul,0-0-0,4,Aces,Dan,0-0-0,6
2006,10,147.l.322066,Nulnet Sucks Ass,snossberries,chris,0-0-0,2,Revenge of Sidd!!,-- hidden --,0-0-0,8
2006,10,147.l.322066,Nulnet Sucks Ass,Dizzy,DiZzY,0-0-0,6,Dirty Sanchez,M Z,0-0-0,3
2006,10,147.l.322066,Nulnet Sucks Ass,The Evil Empire,Kevo,0-0-0,6,YoMamma,M Z,0-0-0,4
2006,11,147.l.322066,Nulnet Sucks Ass,GooseRules,The Wizard,0-0-0,9,YoMamma,M Z,0-0-0,1
2006,11,147.l.322066,Nulnet Sucks Ass,Weazzills Wack Socks,Weazy,0-0-0,7,Ludwig,Nikolai Khabibulin,0-0-0,3
2006,11,147.l.322066,Nulnet Sucks Ass,A-Town,Chris Gaul,0-0-0,4,Steins Boys,M Z,0-0-0,6
2006,11,147.l.322066,Nulnet Sucks Ass,snossberries,chris,0-0-0,2,Aces,Dan,0-0-0,8
2006,11,147.l.322066,Nulnet Sucks Ass,Dizzy,DiZzY,0-0-0,3,Revenge of Sidd!!,-- hidden --,0-0-0,6
2006,11,147.l.322066,Nulnet Sucks Ass,The Evil Empire,Kevo,0-0-0,2,Dirty Sanchez,M Z,0-0-0,6
2006,12,147.l.322066,Nulnet Sucks Ass,GooseRules,The Wizard,0-0-0,4,Weazzills Wack Socks,Weazy,0-0-0,5
2006,12,147.l.322066,Nulnet Sucks Ass,A-Town,Chris Gaul,0-0-0,2,Ludwig,Nikolai Khabibulin,0-0-0,7
2006,12,147.l.322066,Nulnet Sucks Ass,snossberries,chris,0-0-0,5,Steins Boys,M Z,0-0-0,5
2006,12,147.l.322066,Nulnet Sucks Ass,Dizzy,DiZzY,0-0-0,6,Aces,Dan,0-0-0,2
2006,12,147.l.322066,Nulnet Sucks Ass,The Evil Empire,Kevo,0-0-0,3,Revenge of Sidd!!,-- hidden --,0-0-0,6
2006,12,147.l.322066,Nulnet Sucks Ass,Dirty Sanchez,M Z,0-0-0,6,YoMamma,M Z,0-0-0,3
2006,13,147.l.322066,Nulnet Sucks Ass,GooseRules,The Wizard,0-0-0,5,A-Town,Chris Gaul,0-0-0,5
2006,13,147.l.322066,Nulnet Sucks Ass,Weazzills Wack Socks,Weazy,0-0-0,5,YoMamma,M Z,0-0-0,5
2006,13,147.l.322066,Nulnet Sucks Ass,snossberries,chris,0-0-0,7,Ludwig,Nikolai Khabibulin,0-0-0,3
2006,13,147.l.322066,Nulnet Sucks Ass,Dizzy,DiZzY,0-0-0,2,Steins Boys,M Z,0-0-0,8
2006,13,147.l.322066,Nulnet Sucks Ass,The Evil Empire,Kevo,0-0-0,3,Aces,Dan,0-0-0,6
2006,13,147.l.322066,Nulnet Sucks Ass,Dirty Sanchez,M Z,0-0-0,5,Revenge of Sidd!!,-- hidden --,0-0-0,5
2006,14,147.l.322066,Nulnet Sucks Ass,GooseRules,The Wizard,0-0-0,5,snossberries,chris,0-0-0,4
2006,14,147.l.322066,Nulnet Sucks Ass,Weazzills Wack Socks,Weazy,0-0-0,4,A-Town,Chris Gaul,0-0-0,4
2006,14,147.l.322066,Nulnet Sucks Ass,Dizzy,DiZzY,0-0-0,6,Ludwig,Nikolai Khabibulin,0-0-0,4
2006,14,147.l.322066,Nulnet Sucks Ass,The Evil Empire,Kevo,0-0-0,1,Steins Boys,M Z,0-0-0,9
2006,14,147.l.322066,Nulnet Sucks Ass,Dirty Sanchez,M Z,0-0-0,5,Aces,Dan,0-0-0,5
2006,14,147.l.322066,Nulnet Sucks Ass,Revenge of Sidd!!,-- hidden --,0-0-0,7,YoMamma,M Z,0-0-0,3
2006,15,147.l.322066,Nulnet Sucks Ass,GooseRules,The Wizard,0-0-0,5,Dizzy,DiZzY,0-0-0,4
2006,15,147.l.322066,Nulnet Sucks Ass,Weazzills Wack Socks,Weazy,0-0-0,6,snossberries,chris,0-0-0,4
2006,15,147.l.322066,Nulnet Sucks Ass,A-Town,Chris Gaul,0-0-0,5,YoMamma,M Z,0-0-0,3
2006,15,147.l.322066,Nulnet Sucks Ass,The Evil Empire,Kevo,0-0-0,3,Ludwig,Nikolai Khabibulin,0-0-0,6
2006,15,147.l.322066,Nulnet Sucks Ass,Dirty Sanchez,M Z,0-0-0,8,Steins Boys,M Z,0-0-0,2
2006,15,147.l.322066,Nulnet Sucks Ass,Revenge of Sidd!!,-- hidden --,0-0-0,5,Aces,Dan,0-0-0,4
2006,16,147.l.322066,Nulnet Sucks Ass,GooseRules,The Wizard,0-0-0,8,The Evil Empire,Kevo,0-0-0,2
2006,16,147.l.322066,Nulnet Sucks Ass,Weazzills Wack Socks,Weazy,0-0-0,8,Dizzy,DiZzY,0-0-0,2
2006,16,147.l.322066,Nulnet Sucks Ass,A-Town,Chris Gaul,0-0-0,3,snossberries,chris,0-0-0,5
2006,16,147.l.322066,Nulnet Sucks Ass,Dirty Sanchez,M Z,0-0-0,4,Ludwig,Nikolai Khabibulin,0-0-0,4
2006,16,147.l.322066,Nulnet Sucks Ass,Revenge of Sidd!!,-- hidden --,0-0-0,1,Steins Boys,M Z,0-0-0,8
2006,16,147.l.322066,Nulnet Sucks Ass,Aces,Dan,0-0-0,7,YoMamma,M Z,0-0-0,3
2006,17,147.l.322066,Nulnet Sucks Ass,GooseRules,The Wizard,0-0-0,3,Dirty Sanchez,M Z,0-0-0,7
2006,17,147.l.322066,Nulnet Sucks Ass,Weazzills Wack Socks,Weazy,0-0-0,5,The Evil Empire,Kevo,0-0-0,4
2006,17,147.l.322066,Nulnet Sucks Ass,A-Town,Chris Gaul,0-0-0,5,Dizzy,DiZzY,0-0-0,5
2006,17,147.l.322066,Nulnet Sucks Ass,snossberries,chris,0-0-0,7,YoMamma,M Z,0-0-0,3
2006,17,147.l.322066,Nulnet Sucks Ass,Revenge of Sidd!!,-- hidden --,0-0-0,4,Ludwig,Nikolai Khabibulin,0-0-0,5
2006,17,147.l.322066,Nulnet Sucks Ass,Aces,Dan,0-0-0,6,Steins Boys,M Z,0-0-0,4
2006,18,147.l.322066,Nulnet Sucks Ass,GooseRules,The Wizard,0-0-0,7,Revenge of Sidd!!,-- hidden --,0-0-0,3
2006,18,147.l.322066,Nulnet Sucks Ass,Weazzills Wack Socks,Weazy,0-0-0,6,Dirty Sanchez,M Z,0-0-0,4
2006,18,147.l.322066,Nulnet Sucks Ass,A-Town,Chris Gaul,0-0-0,9,The Evil Empire,Kevo,0-0-0,1
2006,18,147.l.322066,Nulnet Sucks Ass,snossberries,chris,0-0-0,7,Dizzy,DiZzY,0-0-0,3
2006,18,147.l.322066,Nulnet Sucks Ass,Aces,Dan,0-0-0,5,Ludwig,Nikolai Khabibulin,0-0-0,4
2006,18,147.l.322066,Nulnet Sucks Ass,Steins Boys,M Z,0-0-0,4,YoMamma,M Z,0-0-0,5
2006,19,147.l.322066,Nulnet Sucks Ass,GooseRules,The Wizard,0-0-0,8,Aces,Dan,0-0-0,2
2006,19,147.l.322066,Nulnet Sucks Ass,Weazzills Wack Socks,Weazy,0-0-0,4,Revenge of Sidd!!,-- hidden --,0-0-0,6
2006,19,147.l.322066,Nulnet Sucks Ass,A-Town,Chris Gaul,0-0-0,9,Dirty Sanchez,M Z,0-0-0,1
2006,19,147.l.322066,Nulnet Sucks Ass,snossberries,chris,0-0-0,7,The Evil Empire,Kevo,0-0-0,3
2006,19,147.l.322066,Nulnet Sucks Ass,Dizzy,DiZzY,0-0-0,6,YoMamma,M Z,0-0-0,4
2006,19,147.l.322066,Nulnet Sucks Ass,Steins Boys,M Z,0-0-0,4,Ludwig,Nikolai Khabibulin,0-0-0,6
2006,20,147.l.322066,Nulnet Sucks Ass,GooseRules,The Wizard,0-0-0,8,Steins Boys,M Z,0-0-0,2
2006,20,147.l.322066,Nulnet Sucks Ass,Weazzills Wack Socks,Weazy,0-0-0,6,Aces,Dan,0-0-0,3
2006,20,147.l.322066,Nulnet Sucks Ass,A-Town,Chris Gaul,0-0-0,8,Revenge of Sidd!!,-- hidden --,0-0-0,2
2006,20,147.l.322066,Nulnet Sucks Ass,snossberries,chris,0-0-0,6,Dirty Sanchez,M Z,0-0-0,3
2006,20,147.l.322066,Nulnet Sucks Ass,Dizzy,DiZzY,0-0-0,2,The Evil Empire,Kevo,0-0-0,7
2006,20,147.l.322066,Nulnet Sucks Ass,Ludwig,Nikolai Khabibulin,0-0-0,5,YoMamma,M Z,0-0-0,4
2006,21,147.l.322066,Nulnet Sucks Ass,GooseRules,The Wizard,0-0-0,7,Ludwig,Nikolai Khabibulin,0-0-0,3
2006,21,147.l.322066,Nulnet Sucks Ass,Weazzills Wack Socks,Weazy,0-0-0,3,Steins Boys,M Z,0-0-0,7
2006,21,147.l.322066,Nulnet Sucks Ass,A-Town,Chris Gaul,0-0-0,5,Aces,Dan,0-0-0,4
2006,21,147.l.322066,Nulnet Sucks Ass,snossberries,chris,0-0-0,1,Revenge of Sidd!!,-- hidden --,0-0-0,8
2006,21,147.l.322066,Nulnet Sucks Ass,Dizzy,DiZzY,0-0-0,5,Dirty Sanchez,M Z,0-0-0,4
2006,21,147.l.322066,Nulnet Sucks Ass,The Evil Empire,Kevo,0-0-0,7,YoMamma,M Z,0-0-0,3
2006,22,147.l.322066,Nulnet Sucks Ass,GooseRules,The Wizard,0-0-0,7,YoMamma,M Z,0-0-0,2
2006,22,147.l.322066,Nulnet Sucks Ass,Weazzills Wack Socks,Weazy,0-0-0,5,Ludwig,Nikolai Khabibulin,0-0-0,4
2006,22,147.l.322066,Nulnet Sucks Ass,A-Town,Chris Gaul,0-0-0,8,Steins Boys,M Z,0-0-0,2
2006,22,147.l.322066,Nulnet Sucks Ass,snossberries,chris,0-0-0,6,Aces,Dan,0-0-0,4
2006,22,147.l.322066,Nulnet Sucks Ass,Dizzy,DiZzY,0-0-0,5,Revenge of Sidd!!,-- hidden --,0-0-0,4
2006,22,147.l.322066,Nulnet Sucks Ass,The Evil Empire,Kevo,0-0-0,7,Dirty Sanchez,M Z,0-0-0,2
2006,23,147.l.322066,Nulnet Sucks Ass,Weazzills Wack Socks,Weazy,0-0-0,4,A-Town,Chris Gaul,0-0-0,5
2006,23,147.l.322066,Nulnet Sucks Ass,snossberries,chris,0-0-0,3,Revenge of Sidd!!,-- hidden --,0-0-0,7
2006,23,147.l.322066,Nulnet Sucks Ass,The Evil Empire,Kevo,0-0-0,7,Dirty Sanchez,M Z,0-0-0,3
2006,23,147.l.322066,Nulnet Sucks Ass,Steins Boys,M Z,0-0-0,4,YoMamma,M Z,0-0-0,5
2006,24,147.l.322066,Nulnet Sucks Ass,GooseRules,The Wizard,0-0-0,3,A-Town,Chris Gaul,0-0-0,7
2006,24,147.l.322066,Nulnet Sucks Ass,Weazzills Wack Socks,Weazy,0-0-0,3,snossberries,chris,0-0-0,7
2006,24,147.l.322066,Nulnet Sucks Ass,Dizzy,DiZzY,0-0-0,6,YoMamma,M Z,0-0-0,4
2006,24,147.l.322066,Nulnet Sucks Ass,The Evil Empire,Kevo,0-0-0,5,Aces,Dan,0-0-0,4
2006,24,147.l.322066,Nulnet Sucks Ass,Dirty Sanchez,M Z,0-0-0,6,Steins Boys,M Z,0-0-0,3
2006,24,147.l.322066,Nulnet Sucks Ass,Revenge of Sidd!!,-- hidden --,0-0-0,1,Ludwig,Nikolai Khabibulin,0-0-0,9
2006,25,147.l.322066,Nulnet Sucks Ass,GooseRules,The Wizard,0-0-0,7,Revenge of Sidd!!,-- hidden --,0-0-0,3
2006,25,147.l.322066,Nulnet Sucks Ass,A-Town,Chris Gaul,0-0-0,6,Ludwig,Nikolai Khabibulin,0-0-0,4
2006,25,147.l.322066,Nulnet Sucks Ass,Dizzy,DiZzY,0-0-0,7,The Evil Empire,Kevo,0-0-0,2
2006,25,147.l.322066,Nulnet Sucks Ass,Aces,Dan,0-0-0,7,YoMamma,M Z,0-0-0,1
2007,1,171.l.159408,100 year Cubbie Anniversary!,GooseRules,The Wizard,0-0-0,10,The Evil Empire,Kevo,0-0-0,3
2007,1,171.l.159408,100 year Cubbie Anniversary!,Baltimore Blowfish,-- hidden --,0-0-0,10,Dingleberries,--hidden--,0-0-0,4
2007,1,171.l.159408,100 year Cubbie Anniversary!,Weazzills Red Sacks,Weazy,0-0-0,7,The new guy's team,--hidden--,0-0-0,6
2007,1,171.l.159408,100 year Cubbie Anniversary!,I Pitch You Catch,DiZzY,0-0-0,4,RustyTrombones,Dan,0-0-0,6
2007,1,171.l.159408,100 year Cubbie Anniversary!,Zegsters,M Z,0-0-0,10,TEAM BYE,--hidden--,0-0-0,4
2007,2,171.l.159408,100 year Cubbie Anniversary!,GooseRules,The Wizard,0-0-0,7,Baltimore Blowfish,-- hidden --,0-0-0,5
2007,2,171.l.159408,100 year Cubbie Anniversary!,The Evil Empire,Kevo,0-0-0,10,TEAM BYE,--hidden--,0-0-0,3
2007,2,171.l.159408,100 year Cubbie Anniversary!,Weazzills Red Sacks,Weazy,0-0-0,8,Dingleberries,--hidden--,0-0-0,5
2007,2,171.l.159408,100 year Cubbie Anniversary!,I Pitch You Catch,DiZzY,0-0-0,4,The new guy's team,--hidden--,0-0-0,10
2007,2,171.l.159408,100 year Cubbie Anniversary!,Zegsters,M Z,0-0-0,4,RustyTrombones,Dan,0-0-0,10
2007,3,171.l.159408,100 year Cubbie Anniversary!,GooseRules,The Wizard,0-0-0,5,Weazzills Red Sacks,Weazy,0-0-0,6
2007,3,171.l.159408,100 year Cubbie Anniversary!,The Evil Empire,Kevo,0-0-0,7,Baltimore Blowfish,-- hidden --,0-0-0,5
2007,3,171.l.159408,100 year Cubbie Anniversary!,I Pitch You Catch,DiZzY,0-0-0,4,Dingleberries,--hidden--,0-0-0,9
2007,3,171.l.159408,100 year Cubbie Anniversary!,Zegsters,M Z,0-0-0,9,The new guy's team,--hidden--,0-0-0,4
2007,3,171.l.159408,100 year Cubbie Anniversary!,RustyTrombones,Dan,0-0-0,11,TEAM BYE,--hidden--,0-0-0,2
2007,4,171.l.159408,100 year Cubbie Anniversary!,GooseRules,The Wizard,0-0-0,10,I Pitch You Catch,DiZzY,0-0-0,4
2007,4,171.l.159408,100 year Cubbie Anniversary!,The Evil Empire,Kevo,0-0-0,5,Weazzills Red Sacks,Weazy,0-0-0,9
2007,4,171.l.159408,100 year Cubbie Anniversary!,Baltimore Blowfish,-- hidden --,0-0-0,8,TEAM BYE,--hidden--,0-0-0,6
2007,4,171.l.159408,100 year Cubbie Anniversary!,Zegsters,M Z,0-0-0,2,Dingleberries,--hidden--,0-0-0,12
2007,4,171.l.159408,100 year Cubbie Anniversary!,RustyTrombones,Dan,0-0-0,7,The new guy's team,--hidden--,0-0-0,7
2007,5,171.l.159408,100 year Cubbie Anniversary!,GooseRules,The Wizard,0-0-0,9,Zegsters,M Z,0-0-0,5
2007,5,171.l.159408,100 year Cubbie Anniversary!,The Evil Empire,Kevo,0-0-0,13,I Pitch You Catch,DiZzY,0-0-0,1
2007,5,171.l.159408,100 year Cubbie Anniversary!,Baltimore Blowfish,-- hidden --,0-0-0,6,Weazzills Red Sacks,Weazy,0-0-0,5
2007,5,171.l.159408,100 year Cubbie Anniversary!,RustyTrombones,Dan,0-0-0,8,Dingleberries,--hidden--,0-0-0,6
2007,5,171.l.159408,100 year Cubbie Anniversary!,The new guy's team,--hidden--,0-0-0,9,TEAM BYE,--hidden--,0-0-0,3
2007,6,171.l.159408,100 year Cubbie Anniversary!,GooseRules,The Wizard,0-0-0,11,RustyTrombones,Dan,0-0-0,3
2007,6,171.l.159408,100 year Cubbie Anniversary!,The Evil Empire,Kevo,0-0-0,7,Zegsters,M Z,0-0-0,6
2007,6,171.l.159408,100 year Cubbie Anniversary!,Baltimore Blowfish,-- hidden --,0-0-0,9,I Pitch You Catch,DiZzY,0-0-0,5
2007,6,171.l.159408,100 year Cubbie Anniversary!,Weazzills Red Sacks,Weazy,0-0-0,13,TEAM BYE,--hidden--,0-0-0,1
2007,6,171.l.159408,100 year Cubbie Anniversary!,The new guy's team,--hidden--,0-0-0,10,Dingleberries,--hidden--,0-0-0,3
2007,7,171.l.159408,100 year Cubbie Anniversary!,GooseRules,The Wizard,0-0-0,7,The new guy's team,--hidden--,0-0-0,6
2007,7,171.l.159408,100 year Cubbie Anniversary!,The Evil Empire,Kevo,0-0-0,7,RustyTrombones,Dan,0-0-0,7
2007,7,171.l.159408,100 year Cubbie Anniversary!,Baltimore Blowfish,-- hidden --,0-0-0,8,Zegsters,M Z,0-0-0,5
2007,7,171.l.159408,100 year Cubbie Anniversary!,Weazzills Red Sacks,Weazy,0-0-0,8,I Pitch You Catch,DiZzY,0-0-0,6
2007,7,171.l.159408,100 year Cubbie Anniversary!,Dingleberries,--hidden--,0-0-0,10,TEAM BYE,--hidden--,0-0-0,2
2007,8,171.l.159408,100 year Cubbie Anniversary!,GooseRules,The Wizard,0-0-0,12,Dingleberries,--hidden--,0-0-0,2
2007,8,171.l.159408,100 year Cubbie Anniversary!,The Evil Empire,Kevo,0-0-0,2,The new guy's team,--hidden--,0-0-0,8
2007,8,171.l.159408,100 year Cubbie Anniversary!,Baltimore Blowfish,-- hidden --,0-0-0,7,RustyTrombones,Dan,0-0-0,6
2007,8,171.l.159408,100 year Cubbie Anniversary!,Weazzills Red Sacks,Weazy,0-0-0,8,Zegsters,M Z,0-0-0,6
2007,8,171.l.159408,100 year Cubbie Anniversary!,I Pitch You Catch,DiZzY,0-0-0,7,TEAM BYE,--hidden--,0-0-0,7
2007,9,171.l.159408,100 year Cubbie Anniversary!,GooseRules,The Wizard,0-0-0,12,TEAM BYE,--hidden--,0-0-0,2
2007,9,171.l.159408,100 year Cubbie Anniversary!,The Evil Empire,Kevo,0-0-0,12,Dingleberries,--hidden--,0-0-0,2
2007,9,171.l.159408,100 year Cubbie Anniversary!,Baltimore Blowfish,-- hidden --,0-0-0,8,The new guy's team,--hidden--,0-0-0,5
2007,9,171.l.159408,100 year Cubbie Anniversary!,Weazzills Red Sacks,Weazy,0-0-0,7,RustyTrombones,Dan,0-0-0,6
2007,9,171.l.159408,100 year Cubbie Anniversary!,I Pitch You Catch,DiZzY,0-0-0,2,Zegsters,M Z,0-0-0,10
2007,10,171.l.159408,100 year Cubbie Anniversary!,GooseRules,The Wizard,0-0-0,10,The Evil Empire,Kevo,0-0-0,4
2007,10,171.l.159408,100 year Cubbie Anniversary!,Baltimore Blowfish,-- hidden --,0-0-0,4,Dingleberries,--hidden--,0-0-0,10
2007,10,171.l.159408,100 year Cubbie Anniversary!,Weazzills Red Sacks,Weazy,0-0-0,5,The new guy's team,--hidden--,0-0-0,8
2007,10,171.l.159408,100 year Cubbie Anniversary!,I Pitch You Catch,DiZzY,0-0-0,8,RustyTrombones,Dan,0-0-0,6
2007,10,171.l.159408,100 year Cubbie Anniversary!,Zegsters,M Z,0-0-0,7,TEAM BYE,--hidden--,0-0-0,6
2007,11,171.l.159408,100 year Cubbie Anniversary!,GooseRules,The Wizard,0-0-0,12,Baltimore Blowfish,-- hidden --,0-0-0,0
2007,11,171.l.159408,100 year Cubbie Anniversary!,The Evil Empire,Kevo,0-0-0,11,TEAM BYE,--hidden--,0-0-0,3
2007,11,171.l.159408,100 year Cubbie Anniversary!,Weazzills Red Sacks,Weazy,0-0-0,3,Dingleberries,--hidden--,0-0-0,8
2007,11,171.l.159408,100 year Cubbie Anniversary!,I Pitch You Catch,DiZzY,0-0-0,4,The new guy's team,--hidden--,0-0-0,9
2007,11,171.l.159408,100 year Cubbie Anniversary!,Zegsters,M Z,0-0-0,7,RustyTrombones,Dan,0-0-0,7
2007,12,171.l.159408,100 year Cubbie Anniversary!,GooseRules,The Wizard,0-0-0,5,Weazzills Red Sacks,Weazy,0-0-0,8
2007,12,171.l.159408,100 year Cubbie Anniversary!,The Evil Empire,Kevo,0-0-0,7,Baltimore Blowfish,-- hidden --,0-0-0,7
2007,12,171.l.159408,100 year Cubbie Anniversary!,I Pitch You Catch,DiZzY,0-0-0,4,Dingleberries,--hidden--,0-0-0,10
2007,12,171.l.159408,100 year Cubbie Anniversary!,Zegsters,M Z,0-0-0,8,The new guy's team,--hidden--,0-0-0,6
2007,12,171.l.159408,100 year Cubbie Anniversary!,RustyTrombones,Dan,0-0-0,7,TEAM BYE,--hidden--,0-0-0,6
2007,13,171.l.159408,100 year Cubbie Anniversary!,GooseRules,The Wizard,0-0-0,13,I Pitch You Catch,DiZzY,0-0-0,1
2007,13,171.l.159408,100 year Cubbie Anniversary!,The Evil Empire,Kevo,0-0-0,2,Weazzills Red Sacks,Weazy,0-0-0,11
2007,13,171.l.159408,100 year Cubbie Anniversary!,Baltimore Blowfish,-- hidden --,0-0-0,8,TEAM BYE,--hidden--,0-0-0,6
2007,13,171.l.159408,100 year Cubbie Anniversary!,Zegsters,M Z,0-0-0,11,Dingleberries,--hidden--,0-0-0,3
2007,13,171.l.159408,100 year Cubbie Anniversary!,RustyTrombones,Dan,0-0-0,2,The new guy's team,--hidden--,0-0-0,12
2007,14,171.l.159408,100 year Cubbie Anniversary!,GooseRules,The Wizard,0-0-0,10,Zegsters,M Z,0-0-0,3
2007,14,171.l.159408,100 year Cubbie Anniversary!,The Evil Empire,Kevo,0-0-0,6,I Pitch You Catch,DiZzY,0-0-0,8
2007,14,171.l.159408,100 year Cubbie Anniversary!,Baltimore Blowfish,-- hidden --,0-0-0,7,Weazzills Red Sacks,Weazy,0-0-0,7
2007,14,171.l.159408,100 year Cubbie Anniversary!,RustyTrombones,Dan,0-0-0,7,Dingleberries,--hidden--,0-0-0,5
2007,14,171.l.159408,100 year Cubbie Anniversary!,The new guy's team,--hidden--,0-0-0,12,TEAM BYE,--hidden--,0-0-0,1
2007,15,171.l.159408,100 year Cubbie Anniversary!,GooseRules,The Wizard,0-0-0,13,RustyTrombones,Dan,0-0-0,1
2007,15,171.l.159408,100 year Cubbie Anniversary!,The Evil Empire,Kevo,0-0-0,10,Zegsters,M Z,0-0-0,2
2007,15,171.l.159408,100 year Cubbie Anniversary!,Baltimore Blowfish,-- hidden --,0-0-0,5,I Pitch You Catch,DiZzY,0-0-0,7
2007,15,171.l.159408,100 year Cubbie Anniversary!,Weazzills Red Sacks,Weazy,0-0-0,9,TEAM BYE,--hidden--,0-0-0,5
2007,15,171.l.159408,100 year Cubbie Anniversary!,The new guy's team,--hidden--,0-0-0,8,Dingleberries,--hidden--,0-0-0,3
2007,16,171.l.159408,100 year Cubbie Anniversary!,GooseRules,The Wizard,0-0-0,10,The new guy's team,--hidden--,0-0-0,4
2007,16,171.l.159408,100 year Cubbie Anniversary!,The Evil Empire,Kevo,0-0-0,8,RustyTrombones,Dan,0-0-0,5
2007,16,171.l.159408,100 year Cubbie Anniversary!,Baltimore Blowfish,-- hidden --,0-0-0,9,Zegsters,M Z,0-0-0,5
2007,16,171.l.159408,100 year Cubbie Anniversary!,Weazzills Red Sacks,Weazy,0-0-0,13,I Pitch You Catch,DiZzY,0-0-0,1
2007,16,171.l.159408,100 year Cubbie Anniversary!,Dingleberries,--hidden--,0-0-0,12,TEAM BYE,--hidden--,0-0-0,2
2007,17,171.l.159408,100 year Cubbie Anniversary!,GooseRules,The Wizard,0-0-0,5,Dingleberries,--hidden--,0-0-0,6
2007,17,171.l.159408,100 year Cubbie Anniversary!,The Evil Empire,Kevo,0-0-0,8,The new guy's team,--hidden--,0-0-0,4
2007,17,171.l.159408,100 year Cubbie Anniversary!,Baltimore Blowfish,-- hidden --,0-0-0,5,RustyTrombones,Dan,0-0-0,9
2007,17,171.l.159408,100 year Cubbie Anniversary!,Weazzills Red Sacks,Weazy,0-0-0,6,Zegsters,M Z,0-0-0,7
2007,17,171.l.159408,100 year Cubbie Anniversary!,I Pitch You Catch,DiZzY,0-0-0,10,TEAM BYE,--hidden--,0-0-0,4
2007,18,171.l.159408,100 year Cubbie Anniversary!,GooseRules,The Wizard,0-0-0,11,TEAM BYE,--hidden--,0-0-0,2
2007,18,171.l.159408,100 year Cubbie Anniversary!,The Evil Empire,Kevo,0-0-0,11,Dingleberries,--hidden--,0-0-0,2
2007,18,171.l.159408,100 year Cubbie Anniversary!,Baltimore Blowfish,-- hidden --,0-0-0,5,The new guy's team,--hidden--,0-0-0,9
2007,18,171.l.159408,100 year Cubbie Anniversary!,Weazzills Red Sacks,Weazy,0-0-0,3,RustyTrombones,Dan,0-0-0,10
2007,18,171.l.159408,100 year Cubbie Anniversary!,I Pitch You Catch,DiZzY,0-0-0,2,Zegsters,M Z,0-0-0,12
2007,19,171.l.159408,100 year Cubbie Anniversary!,GooseRules,The Wizard,0-0-0,5,The Evil Empire,Kevo,0-0-0,6
2007,19,171.l.159408,100 year Cubbie Anniversary!,Baltimore Blowfish,-- hidden --,0-0-0,3,Dingleberries,--hidden--,0-0-0,9
2007,19,171.l.159408,100 year Cubbie Anniversary!,Weazzills Red Sacks,Weazy,0-0-0,7,The new guy's team,--hidden--,0-0-0,5
2007,19,171.l.159408,100 year Cubbie Anniversary!,I Pitch You Catch,DiZzY,0-0-0,2,RustyTrombones,Dan,0-0-0,12
2007,19,171.l.159408,100 year Cubbie Anniversary!,Zegsters,M Z,0-0-0,8,TEAM BYE,--hidden--,0-0-0,4
2007,20,171.l.159408,100 year Cubbie Anniversary!,GooseRules,The Wizard,0-0-0,6,Baltimore Blowfish,-- hidden --,0-0-0,8
2007,20,171.l.159408,100 year Cubbie Anniversary!,The Evil Empire,Kevo,0-0-0,10,TEAM BYE,--hidden--,0-0-0,3
2007,20,171.l.159408,100 year Cubbie Anniversary!,Weazzills Red Sacks,Weazy,0-0-0,4,Dingleberries,--hidden--,0-0-0,9
2007,20,171.l.159408,100 year Cubbie Anniversary!,I Pitch You Catch,DiZzY,0-0-0,2,The new guy's team,--hidden--,0-0-0,12
2007,20,171.l.159408,100 year Cubbie Anniversary!,Zegsters,M Z,0-0-0,9,RustyTrombones,Dan,0-0-0,5
2007,21,171.l.159408,100 year Cubbie Anniversary!,GooseRules,The Wizard,0-0-0,5,Weazzills Red Sacks,Weazy,0-0-0,7
2007,21,171.l.159408,100 year Cubbie Anniversary!,The Evil Empire,Kevo,0-0-0,7,Baltimore Blowfish,-- hidden --,0-0-0,4
2007,21,171.l.159408,100 year Cubbie Anniversary!,I Pitch You Catch,DiZzY,0-0-0,1,Dingleberries,--hidden--,0-0-0,13
2007,21,171.l.159408,100 year Cubbie Anniversary!,Zegsters,M Z,0-0-0,4,The new guy's team,--hidden--,0-0-0,9
2007,21,171.l.159408,100 year Cubbie Anniversary!,RustyTrombones,Dan,0-0-0,10,TEAM BYE,--hidden--,0-0-0,4
2007,22,171.l.159408,100 year Cubbie Anniversary!,GooseRules,The Wizard,0-0-0,13,I Pitch You Catch,DiZzY,0-0-0,1
2007,22,171.l.159408,100 year Cubbie Anniversary!,The Evil Empire,Kevo,0-0-0,4,Weazzills Red Sacks,Weazy,0-0-0,8
2007,22,171.l.159408,100 year Cubbie Anniversary!,Baltimore Blowfish,-- hidden --,0-0-0,8,TEAM BYE,--hidden--,0-0-0,5
2007,22,171.l.159408,100 year Cubbie Anniversary!,Zegsters,M Z,0-0-0,9,Dingleberries,--hidden--,0-0-0,5
2007,22,171.l.159408,100 year Cubbie Anniversary!,RustyTrombones,Dan,0-0-0,9,The new guy's team,--hidden--,0-0-0,5
2007,23,171.l.159408,100 year Cubbie Anniversary!,The Evil Empire,Kevo,0-0-0,8,RustyTrombones,Dan,0-0-0,5
2007,23,171.l.159408,100 year Cubbie Anniversary!,Weazzills Red Sacks,Weazy,0-0-0,4,Dingleberries,--hidden--,0-0-0,8
2007,24,171.l.159408,100 year Cubbie Anniversary!,GooseRules,The Wizard,0-0-0,8,The Evil Empire,Kevo,0-0-0,4
2007,24,171.l.159408,100 year Cubbie Anniversary!,Baltimore Blowfish,-- hidden --,0-0-0,11,I Pitch You Catch,DiZzY,0-0-0,3
2007,24,171.l.159408,100 year Cubbie Anniversary!,Weazzills Red Sacks,Weazy,0-0-0,4,RustyTrombones,Dan,0-0-0,9
2007,24,171.l.159408,100 year Cubbie Anniversary!,Zegsters,M Z,0-0-0,10,TEAM BYE,--hidden--,0-0-0,4
2007,24,171.l.159408,100 year Cubbie Anniversary!,The new guy's team,--hidden--,0-0-0,5,Dingleberries,--hidden--,0-0-0,9
2007,25,171.l.159408,100 year Cubbie Anniversary!,GooseRules,The Wizard,0-0-0,8,Dingleberries,--hidden--,0-0-0,6
2007,25,171.l.159408,100 year Cubbie Anniversary!,The Evil Empire,Kevo,0-0-0,8,The new guy's team,--hidden--,0-0-0,6
2007,25,171.l.159408,100 year Cubbie Anniversary!,Baltimore Blowfish,-- hidden --,0-0-0,4,Zegsters,M Z,0-0-0,7
2007,25,171.l.159408,100 year Cubbie Anniversary!,I Pitch You Catch,DiZzY,0-0-0,11,TEAM BYE,--hidden--,0-0-0,3
2008,1,195.l.242126,Bartman is my hero,GooseRules,The Wizard,0-0-0,6,Zegster,M Z,0-0-0,8
2008,1,195.l.242126,Bartman is my hero,We've Got The Runs,Nikolai Khabibulin,0-0-0,6,Steroids Rule,M Z,0-0-0,7
2008,1,195.l.242126,Bartman is my hero,Go Stros,--hidden--,0-0-0,7,BlitzKeg,Dan,0-0-0,7
2008,1,195.l.242126,Bartman is my hero,queen bee,MELISSA,0-0-0,6,RBI Speedwagon,-- hidden --,0-0-0,5
2008,1,195.l.242126,Bartman is my hero,The Evil Empire,Kevo,0-0-0,8,I Pitch You Catch,DiZzY,0-0-0,5
2008,2,195.l.242126,Bartman is my hero,GooseRules,The Wizard,0-0-0,9,We've Got The Runs,Nikolai Khabibulin,0-0-0,4
2008,2,195.l.242126,Bartman is my hero,Zegster,M Z,0-0-0,11,I Pitch You Catch,DiZzY,0-0-0,2
2008,2,195.l.242126,Bartman is my hero,Go Stros,--hidden--,0-0-0,3,Steroids Rule,M Z,0-0-0,11
2008,2,195.l.242126,Bartman is my hero,queen bee,MELISSA,0-0-0,7,BlitzKeg,Dan,0-0-0,4
2008,2,195.l.242126,Bartman is my hero,The Evil Empire,Kevo,0-0-0,6,RBI Speedwagon,-- hidden --,0-0-0,7
2008,3,195.l.242126,Bartman is my hero,GooseRules,The Wizard,0-0-0,8,Go Stros,--hidden--,0-0-0,5
2008,3,195.l.242126,Bartman is my hero,Zegster,M Z,0-0-0,8,We've Got The Runs,Nikolai Khabibulin,0-0-0,5
2008,3,195.l.242126,Bartman is my hero,queen bee,MELISSA,0-0-0,4,Steroids Rule,M Z,0-0-0,10
2008,3,195.l.242126,Bartman is my hero,The Evil Empire,Kevo,0-0-0,11,BlitzKeg,Dan,0-0-0,2
2008,3,195.l.242126,Bartman is my hero,RBI Speedwagon,-- hidden --,0-0-0,5,I Pitch You Catch,DiZzY,0-0-0,9
2008,4,195.l.242126,Bartman is my hero,GooseRules,The Wizard,0-0-0,7,queen bee,MELISSA,0-0-0,5
2008,4,195.l.242126,Bartman is my hero,Zegster,M Z,0-0-0,0,Go Stros,--hidden--,0-0-0,11
2008,4,195.l.242126,Bartman is my hero,We've Got The Runs,Nikolai Khabibulin,0-0-0,2,I Pitch You Catch,DiZzY,0-0-0,10
2008,4,195.l.242126,Bartman is my hero,The Evil Empire,Kevo,0-0-0,6,Steroids Rule,M Z,0-0-0,8
2008,4,195.l.242126,Bartman is my hero,RBI Speedwagon,-- hidden --,0-0-0,8,BlitzKeg,Dan,0-0-0,5
2008,5,195.l.242126,Bartman is my hero,GooseRules,The Wizard,0-0-0,9,The Evil Empire,Kevo,0-0-0,5
2008,5,195.l.242126,Bartman is my hero,Zegster,M Z,0-0-0,9,queen bee,MELISSA,0-0-0,4
2008,5,195.l.242126,Bartman is my hero,We've Got The Runs,Nikolai Khabibulin,0-0-0,5,Go Stros,--hidden--,0-0-0,8
2008,5,195.l.242126,Bartman is my hero,RBI Speedwagon,-- hidden --,0-0-0,5,Steroids Rule,M Z,0-0-0,9
2008,5,195.l.242126,Bartman is my hero,BlitzKeg,Dan,0-0-0,2,I Pitch You Catch,DiZzY,0-0-0,11
2008,6,195.l.242126,Bartman is my hero,GooseRules,The Wizard,0-0-0,10,RBI Speedwagon,-- hidden --,0-0-0,2
2008,6,195.l.242126,Bartman is my hero,Zegster,M Z,0-0-0,3,The Evil Empire,Kevo,0-0-0,9
2008,6,195.l.242126,Bartman is my hero,We've Got The Runs,Nikolai Khabibulin,0-0-0,8,queen bee,MELISSA,0-0-0,4
2008,6,195.l.242126,Bartman is my hero,Go Stros,--hidden--,0-0-0,7,I Pitch You Catch,DiZzY,0-0-0,7
2008,6,195.l.242126,Bartman is my hero,BlitzKeg,Dan,0-0-0,6,Steroids Rule,M Z,0-0-0,4
2008,7,195.l.242126,Bartman is my hero,GooseRules,The Wizard,0-0-0,3,BlitzKeg,Dan,0-0-0,11
2008,7,195.l.242126,Bartman is my hero,Zegster,M Z,0-0-0,9,RBI Speedwagon,-- hidden --,0-0-0,3
2008,7,195.l.242126,Bartman is my hero,We've Got The Runs,Nikolai Khabibulin,0-0-0,3,The Evil Empire,Kevo,0-0-0,9
2008,7,195.l.242126,Bartman is my hero,Go Stros,--hidden--,0-0-0,8,queen bee,MELISSA,0-0-0,6
2008,7,195.l.242126,Bartman is my hero,Steroids Rule,M Z,0-0-0,4,I Pitch You Catch,DiZzY,0-0-0,10
2008,8,195.l.242126,Bartman is my hero,GooseRules,The Wizard,0-0-0,10,Steroids Rule,M Z,0-0-0,2
2008,8,195.l.242126,Bartman is my hero,Zegster,M Z,0-0-0,8,BlitzKeg,Dan,0-0-0,6
2008,8,195.l.242126,Bartman is my hero,We've Got The Runs,Nikolai Khabibulin,0-0-0,10,RBI Speedwagon,-- hidden --,0-0-0,3
2008,8,195.l.242126,Bartman is my hero,Go Stros,--hidden--,0-0-0,5,The Evil Empire,Kevo,0-0-0,8
2008,8,195.l.242126,Bartman is my hero,queen bee,MELISSA,0-0-0,6,I Pitch You Catch,DiZzY,0-0-0,8
2008,9,195.l.242126,Bartman is my hero,GooseRules,The Wizard,0-0-0,6,I Pitch You Catch,DiZzY,0-0-0,7
2008,9,195.l.242126,Bartman is my hero,Zegster,M Z,0-0-0,8,Steroids Rule,M Z,0-0-0,6
2008,9,195.l.242126,Bartman is my hero,We've Got The Runs,Nikolai Khabibulin,0-0-0,4,BlitzKeg,Dan,0-0-0,9
2008,9,195.l.242126,Bartman is my hero,Go Stros,--hidden--,0-0-0,6,RBI Speedwagon,-- hidden --,0-0-0,5
2008,9,195.l.242126,Bartman is my hero,queen bee,MELISSA,0-0-0,3,The Evil Empire,Kevo,0-0-0,9
2008,10,195.l.242126,Bartman is my hero,GooseRules,The Wizard,0-0-0,8,Zegster,M Z,0-0-0,5
2008,10,195.l.242126,Bartman is my hero,We've Got The Runs,Nikolai Khabibulin,0-0-0,6,Steroids Rule,M Z,0-0-0,7
2008,10,195.l.242126,Bartman is my hero,Go Stros,--hidden--,0-0-0,2,BlitzKeg,Dan,0-0-0,12
2008,10,195.l.242126,Bartman is my hero,queen bee,MELISSA,0-0-0,5,RBI Speedwagon,-- hidden --,0-0-0,7
2008,10,195.l.242126,Bartman is my hero,The Evil Empire,Kevo,0-0-0,12,I Pitch You Catch,DiZzY,0-0-0,2
2008,11,195.l.242126,Bartman is my hero,GooseRules,The Wizard,0-0-0,7,We've Got The Runs,Nikolai Khabibulin,0-0-0,5
2008,11,195.l.242126,Bartman is my hero,Zegster,M Z,0-0-0,9,I Pitch You Catch,DiZzY,0-0-0,5
2008,11,195.l.242126,Bartman is my hero,Go Stros,--hidden--,0-0-0,4,Steroids Rule,M Z,0-0-0,9
2008,11,195.l.242126,Bartman is my hero,queen bee,MELISSA,0-0-0,6,BlitzKeg,Dan,0-0-0,7
2008,11,195.l.242126,Bartman is my hero,The Evil Empire,Kevo,0-0-0,7,RBI Speedwagon,-- hidden --,0-0-0,6
2008,12,195.l.242126,Bartman is my hero,GooseRules,The Wizard,0-0-0,5,Go Stros,--hidden--,0-0-0,9
2008,12,195.l.242126,Bartman is my hero,Zegster,M Z,0-0-0,5,We've Got The Runs,Nikolai Khabibulin,0-0-0,9
2008,12,195.l.242126,Bartman is my hero,queen bee,MELISSA,0-0-0,11,Steroids Rule,M Z,0-0-0,2
2008,12,195.l.242126,Bartman is my hero,The Evil Empire,Kevo,0-0-0,8,BlitzKeg,Dan,0-0-0,5
2008,12,195.l.242126,Bartman is my hero,RBI Speedwagon,-- hidden --,0-0-0,7,I Pitch You Catch,DiZzY,0-0-0,6
2008,13,195.l.242126,Bartman is my hero,GooseRules,The Wizard,0-0-0,11,queen bee,MELISSA,0-0-0,3
2008,13,195.l.242126,Bartman is my hero,Zegster,M Z,0-0-0,9,Go Stros,--hidden--,0-0-0,3
2008,13,195.l.242126,Bartman is my hero,We've Got The Runs,Nikolai Khabibulin,0-0-0,7,I Pitch You Catch,DiZzY,0-0-0,6
2008,13,195.l.242126,Bartman is my hero,The Evil Empire,Kevo,0-0-0,1,Steroids Rule,M Z,0-0-0,11
2008,13,195.l.242126,Bartman is my hero,RBI Speedwagon,-- hidden --,0-0-0,7,BlitzKeg,Dan,0-0-0,7
2008,14,195.l.242126,Bartman is my hero,GooseRules,The Wizard,0-0-0,4,The Evil Empire,Kevo,0-0-0,8
2008,14,195.l.242126,Bartman is my hero,Zegster,M Z,0-0-0,3,queen bee,MELISSA,0-0-0,11
2008,14,195.l.242126,Bartman is my hero,We've Got The Runs,Nikolai Khabibulin,0-0-0,9,Go Stros,--hidden--,0-0-0,5
2008,14,195.l.242126,Bartman is my hero,RBI Speedwagon,-- hidden --,0-0-0,10,Steroids Rule,M Z,0-0-0,4
2008,14,195.l.242126,Bartman is my hero,BlitzKeg,Dan,0-0-0,7,I Pitch You Catch,DiZzY,0-0-0,5
2008,15,195.l.242126,Bartman is my hero,GooseRules,The Wizard,0-0-0,8,RBI Speedwagon,-- hidden --,0-0-0,4
2008,15,195.l.242126,Bartman is my hero,Zegster,M Z,0-0-0,4,The Evil Empire,Kevo,0-0-0,10
2008,15,195.l.242126,Bartman is my hero,We've Got The Runs,Nikolai Khabibulin,0-0-0,11,queen bee,MELISSA,0-0-0,3
2008,15,195.l.242126,Bartman is my hero,Go Stros,--hidden--,0-0-0,2,I Pitch You Catch,DiZzY,0-0-0,10
2008,15,195.l.242126,Bartman is my hero,BlitzKeg,Dan,0-0-0,6,Steroids Rule,M Z,0-0-0,8
2008,16,195.l.242126,Bartman is my hero,GooseRules,The Wizard,0-0-0,4,BlitzKeg,Dan,0-0-0,8
2008,16,195.l.242126,Bartman is my hero,Zegster,M Z,0-0-0,8,RBI Speedwagon,-- hidden --,0-0-0,2
2008,16,195.l.242126,Bartman is my hero,We've Got The Runs,Nikolai Khabibulin,0-0-0,9,The Evil Empire,Kevo,0-0-0,4
2008,16,195.l.242126,Bartman is my hero,Go Stros,--hidden--,0-0-0,6,queen bee,MELISSA,0-0-0,7
2008,16,195.l.242126,Bartman is my hero,Steroids Rule,M Z,0-0-0,8,I Pitch You Catch,DiZzY,0-0-0,4
2008,17,195.l.242126,Bartman is my hero,GooseRules,The Wizard,0-0-0,1,Steroids Rule,M Z,0-0-0,10
2008,17,195.l.242126,Bartman is my hero,Zegster,M Z,0-0-0,5,BlitzKeg,Dan,0-0-0,9
2008,17,195.l.242126,Bartman is my hero,We've Got The Runs,Nikolai Khabibulin,0-0-0,8,RBI Speedwagon,-- hidden --,0-0-0,6
2008,17,195.l.242126,Bartman is my hero,Go Stros,--hidden--,0-0-0,6,The Evil Empire,Kevo,0-0-0,8
2008,17,195.l.242126,Bartman is my hero,queen bee,MELISSA,0-0-0,3,I Pitch You Catch,DiZzY,0-0-0,10
2008,18,195.l.242126,Bartman is my hero,GooseRules,The Wizard,0-0-0,12,I Pitch You Catch,DiZzY,0-0-0,2
2008,18,195.l.242126,Bartman is my hero,Zegster,M Z,0-0-0,8,Steroids Rule,M Z,0-0-0,5
2008,18,195.l.242126,Bartman is my hero,We've Got The Runs,Nikolai Khabibulin,0-0-0,4,BlitzKeg,Dan,0-0-0,9
2008,18,195.l.242126,Bartman is my hero,Go Stros,--hidden--,0-0-0,0,RBI Speedwagon,-- hidden --,0-0-0,12
2008,18,195.l.242126,Bartman is my hero,queen bee,MELISSA,0-0-0,1,The Evil Empire,Kevo,0-0-0,12
2008,19,195.l.242126,Bartman is my hero,GooseRules,The Wizard,0-0-0,10,Zegster,M Z,0-0-0,4
2008,19,195.l.242126,Bartman is my hero,We've Got The Runs,Nikolai Khabibulin,0-0-0,4,Steroids Rule,M Z,0-0-0,9
2008,19,195.l.242126,Bartman is my hero,Go Stros,--hidden--,0-0-0,4,BlitzKeg,Dan,0-0-0,8
2008,19,195.l.242126,Bartman is my hero,queen bee,MELISSA,0-0-0,9,RBI Speedwagon,-- hidden --,0-0-0,4
2008,19,195.l.242126,Bartman is my hero,The Evil Empire,Kevo,0-0-0,7,I Pitch You Catch,DiZzY,0-0-0,6
2008,20,195.l.242126,Bartman is my hero,GooseRules,The Wizard,0-0-0,6,We've Got The Runs,Nikolai Khabibulin,0-0-0,7
2008,20,195.l.242126,Bartman is my hero,Zegster,M Z,0-0-0,3,I Pitch You Catch,DiZzY,0-0-0,10
2008,20,195.l.242126,Bartman is my hero,Go Stros,--hidden--,0-0-0,5,Steroids Rule,M Z,0-0-0,9
2008,20,195.l.242126,Bartman is my hero,queen bee,MELISSA,0-0-0,4,BlitzKeg,Dan,0-0-0,9
2008,20,195.l.242126,Bartman is my hero,The Evil Empire,Kevo,0-0-0,3,RBI Speedwagon,-- hidden --,0-0-0,9
2008,21,195.l.242126,Bartman is my hero,GooseRules,The Wizard,0-0-0,12,Go Stros,--hidden--,0-0-0,1
2008,21,195.l.242126,Bartman is my hero,Zegster,M Z,0-0-0,8,We've Got The Runs,Nikolai Khabibulin,0-0-0,5
2008,21,195.l.242126,Bartman is my hero,queen bee,MELISSA,0-0-0,3,Steroids Rule,M Z,0-0-0,11
2008,21,195.l.242126,Bartman is my hero,The Evil Empire,Kevo,0-0-0,4,BlitzKeg,Dan,0-0-0,9
2008,21,195.l.242126,Bartman is my hero,RBI Speedwagon,-- hidden --,0-0-0,5,I Pitch You Catch,DiZzY,0-0-0,8
2008,22,195.l.242126,Bartman is my hero,GooseRules,The Wizard,0-0-0,8,queen bee,MELISSA,0-0-0,5
2008,22,195.l.242126,Bartman is my hero,Zegster,M Z,0-0-0,9,Go Stros,--hidden--,0-0-0,5
2008,22,195.l.242126,Bartman is my hero,We've Got The Runs,Nikolai Khabibulin,0-0-0,5,I Pitch You Catch,DiZzY,0-0-0,7
2008,22,195.l.242126,Bartman is my hero,The Evil Empire,Kevo,0-0-0,10,Steroids Rule,M Z,0-0-0,3
2008,22,195.l.242126,Bartman is my hero,RBI Speedwagon,-- hidden --,0-0-0,5,BlitzKeg,Dan,0-0-0,7
2008,23,195.l.242126,Bartman is my hero,Zegster,M Z,0-0-0,8,BlitzKeg,Dan,0-0-0,5
2008,23,195.l.242126,Bartman is my hero,Steroids Rule,M Z,0-0-0,3,I Pitch You Catch,DiZzY,0-0-0,9
2008,24,195.l.242126,Bartman is my hero,GooseRules,The Wizard,0-0-0,6,Zegster,M Z,0-0-0,8
2008,24,195.l.242126,Bartman is my hero,We've Got The Runs,Nikolai Khabibulin,0-0-0,11,Go Stros,--hidden--,0-0-0,2
2008,24,195.l.242126,Bartman is my hero,queen bee,MELISSA,0-0-0,2,RBI Speedwagon,-- hidden --,0-0-0,10
2008,24,195.l.242126,Bartman is my hero,The Evil Empire,Kevo,0-0-0,9,I Pitch You Catch,DiZzY,0-0-0,4
2008,24,195.l.242126,Bartman is my hero,BlitzKeg,Dan,0-0-0,2,Steroids Rule,M Z,0-0-0,10
2008,25,195.l.242126,Bartman is my hero,GooseRules,The Wizard,0-0-0,4,I Pitch You Catch,DiZzY,0-0-0,10
2008,25,195.l.242126,Bartman is my hero,Zegster,M Z,0-0-0,5,The Evil Empire,Kevo,0-0-0,9
2008,25,195.l.242126,Bartman is my hero,We've Got The Runs,Nikolai Khabibulin,0-0-0,6,RBI Speedwagon,-- hidden --,0-0-0,8
2008,25,195.l.242126,Bartman is my hero,Go Stros,--hidden--,0-0-0,6,queen bee,MELISSA,0-0-0,8
2009,1,215.l.96581,Manny Ramirez is Godly,GooseRules,The Wizard,0-0-0,12,assbags,Baby..I&#39;m gonna butter your bread,0-0-0,1
2009,1,215.l.96581,Manny Ramirez is Godly,Zegster,M Z,0-0-0,6,QUEEN BEE,MELISSA,0-0-0,7
2009,1,215.l.96581,Manny Ramirez is Godly,The Evil Empire,Kevo,0-0-0,10,I Pitch You Catch,DiZzY,0-0-0,3
2009,1,215.l.96581,Manny Ramirez is Godly,We've Got The Runs,Nikolai Khabibulin,0-0-0,10,Sidd 5.2,Paulie,0-0-0,2
2009,1,215.l.96581,Manny Ramirez is Godly,Weazzills Wack Socks,Weazy,0-0-0,7,BlitzKeg,Dan,0-0-0,7
2009,2,215.l.96581,Manny Ramirez is Godly,GooseRules,The Wizard,0-0-0,6,Zegster,M Z,0-0-0,8
2009,2,215.l.96581,Manny Ramirez is Godly,assbags,Baby..I&#39;m gonna butter your bread,0-0-0,12,BlitzKeg,Dan,0-0-0,1
2009,2,215.l.96581,Manny Ramirez is Godly,The Evil Empire,Kevo,0-0-0,5,QUEEN BEE,MELISSA,0-0-0,9
2009,2,215.l.96581,Manny Ramirez is Godly,We've Got The Runs,Nikolai Khabibulin,0-0-0,6,I Pitch You Catch,DiZzY,0-0-0,5
2009,2,215.l.96581,Manny Ramirez is Godly,Weazzills Wack Socks,Weazy,0-0-0,7,Sidd 5.2,Paulie,0-0-0,6
2009,3,215.l.96581,Manny Ramirez is Godly,GooseRules,The Wizard,0-0-0,6,The Evil Empire,Kevo,0-0-0,6
2009,3,215.l.96581,Manny Ramirez is Godly,assbags,Baby..I&#39;m gonna butter your bread,0-0-0,4,Zegster,M Z,0-0-0,7
2009,3,215.l.96581,Manny Ramirez is Godly,We've Got The Runs,Nikolai Khabibulin,0-0-0,2,QUEEN BEE,MELISSA,0-0-0,12
2009,3,215.l.96581,Manny Ramirez is Godly,Weazzills Wack Socks,Weazy,0-0-0,9,I Pitch You Catch,DiZzY,0-0-0,5
2009,3,215.l.96581,Manny Ramirez is Godly,Sidd 5.2,Paulie,0-0-0,12,BlitzKeg,Dan,0-0-0,1
2009,4,215.l.96581,Manny Ramirez is Godly,GooseRules,The Wizard,0-0-0,13,We've Got The Runs,Nikolai Khabibulin,0-0-0,1
2009,4,215.l.96581,Manny Ramirez is Godly,assbags,Baby..I&#39;m gonna butter your bread,0-0-0,5,The Evil Empire,Kevo,0-0-0,6
2009,4,215.l.96581,Manny Ramirez is Godly,Zegster,M Z,0-0-0,7,BlitzKeg,Dan,0-0-0,6
2009,4,215.l.96581,Manny Ramirez is Godly,Weazzills Wack Socks,Weazy,0-0-0,4,QUEEN BEE,MELISSA,0-0-0,9
2009,4,215.l.96581,Manny Ramirez is Godly,Sidd 5.2,Paulie,0-0-0,4,I Pitch You Catch,DiZzY,0-0-0,9
2009,5,215.l.96581,Manny Ramirez is Godly,GooseRules,The Wizard,0-0-0,8,Weazzills Wack Socks,Weazy,0-0-0,5
2009,5,215.l.96581,Manny Ramirez is Godly,assbags,Baby..I&#39;m gonna butter your bread,0-0-0,6,We've Got The Runs,Nikolai Khabibulin,0-0-0,8
2009,5,215.l.96581,Manny Ramirez is Godly,Zegster,M Z,0-0-0,7,The Evil Empire,Kevo,0-0-0,6
2009,5,215.l.96581,Manny Ramirez is Godly,Sidd 5.2,Paulie,0-0-0,8,QUEEN BEE,MELISSA,0-0-0,6
2009,5,215.l.96581,Manny Ramirez is Godly,I Pitch You Catch,DiZzY,0-0-0,10,BlitzKeg,Dan,0-0-0,4
2009,6,215.l.96581,Manny Ramirez is Godly,GooseRules,The Wizard,0-0-0,7,Sidd 5.2,Paulie,0-0-0,7
2009,6,215.l.96581,Manny Ramirez is Godly,assbags,Baby..I&#39;m gonna butter your bread,0-0-0,6,Weazzills Wack Socks,Weazy,0-0-0,7
2009,6,215.l.96581,Manny Ramirez is Godly,Zegster,M Z,0-0-0,5,We've Got The Runs,Nikolai Khabibulin,0-0-0,6
2009,6,215.l.96581,Manny Ramirez is Godly,The Evil Empire,Kevo,0-0-0,7,BlitzKeg,Dan,0-0-0,5
2009,6,215.l.96581,Manny Ramirez is Godly,I Pitch You Catch,DiZzY,0-0-0,6,QUEEN BEE,MELISSA,0-0-0,7
2009,7,215.l.96581,Manny Ramirez is Godly,GooseRules,The Wizard,0-0-0,7,I Pitch You Catch,DiZzY,0-0-0,7
2009,7,215.l.96581,Manny Ramirez is Godly,assbags,Baby..I&#39;m gonna butter your bread,0-0-0,8,Sidd 5.2,Paulie,0-0-0,5
2009,7,215.l.96581,Manny Ramirez is Godly,Zegster,M Z,0-0-0,9,Weazzills Wack Socks,Weazy,0-0-0,5
2009,7,215.l.96581,Manny Ramirez is Godly,The Evil Empire,Kevo,0-0-0,6,We've Got The Runs,Nikolai Khabibulin,0-0-0,6
2009,7,215.l.96581,Manny Ramirez is Godly,QUEEN BEE,MELISSA,0-0-0,7,BlitzKeg,Dan,0-0-0,7
2009,8,215.l.96581,Manny Ramirez is Godly,GooseRules,The Wizard,0-0-0,9,QUEEN BEE,MELISSA,0-0-0,5
2009,8,215.l.96581,Manny Ramirez is Godly,assbags,Baby..I&#39;m gonna butter your bread,0-0-0,2,I Pitch You Catch,DiZzY,0-0-0,10
2009,8,215.l.96581,Manny Ramirez is Godly,Zegster,M Z,0-0-0,8,Sidd 5.2,Paulie,0-0-0,6
2009,8,215.l.96581,Manny Ramirez is Godly,The Evil Empire,Kevo,0-0-0,2,Weazzills Wack Socks,Weazy,0-0-0,9
2009,8,215.l.96581,Manny Ramirez is Godly,We've Got The Runs,Nikolai Khabibulin,0-0-0,8,BlitzKeg,Dan,0-0-0,3
2009,9,215.l.96581,Manny Ramirez is Godly,GooseRules,The Wizard,0-0-0,10,BlitzKeg,Dan,0-0-0,3
2009,9,215.l.96581,Manny Ramirez is Godly,assbags,Baby..I&#39;m gonna butter your bread,0-0-0,5,QUEEN BEE,MELISSA,0-0-0,8
2009,9,215.l.96581,Manny Ramirez is Godly,Zegster,M Z,0-0-0,12,I Pitch You Catch,DiZzY,0-0-0,2
2009,9,215.l.96581,Manny Ramirez is Godly,The Evil Empire,Kevo,0-0-0,5,Sidd 5.2,Paulie,0-0-0,8
2009,9,215.l.96581,Manny Ramirez is Godly,We've Got The Runs,Nikolai Khabibulin,0-0-0,9,Weazzills Wack Socks,Weazy,0-0-0,5
2009,10,215.l.96581,Manny Ramirez is Godly,GooseRules,The Wizard,0-0-0,14,assbags,Baby..I&#39;m gonna butter your bread,0-0-0,0
2009,10,215.l.96581,Manny Ramirez is Godly,Zegster,M Z,0-0-0,7,QUEEN BEE,MELISSA,0-0-0,6
2009,10,215.l.96581,Manny Ramirez is Godly,The Evil Empire,Kevo,0-0-0,8,I Pitch You Catch,DiZzY,0-0-0,6
2009,10,215.l.96581,Manny Ramirez is Godly,We've Got The Runs,Nikolai Khabibulin,0-0-0,7,Sidd 5.2,Paulie,0-0-0,6
2009,10,215.l.96581,Manny Ramirez is Godly,Weazzills Wack Socks,Weazy,0-0-0,4,BlitzKeg,Dan,0-0-0,10
2009,11,215.l.96581,Manny Ramirez is Godly,GooseRules,The Wizard,0-0-0,10,Zegster,M Z,0-0-0,2
2009,11,215.l.96581,Manny Ramirez is Godly,assbags,Baby..I&#39;m gonna butter your bread,0-0-0,8,BlitzKeg,Dan,0-0-0,4
2009,11,215.l.96581,Manny Ramirez is Godly,The Evil Empire,Kevo,0-0-0,9,QUEEN BEE,MELISSA,0-0-0,3
2009,11,215.l.96581,Manny Ramirez is Godly,We've Got The Runs,Nikolai Khabibulin,0-0-0,5,I Pitch You Catch,DiZzY,0-0-0,8
2009,11,215.l.96581,Manny Ramirez is Godly,Weazzills Wack Socks,Weazy,0-0-0,2,Sidd 5.2,Paulie,0-0-0,12
2009,12,215.l.96581,Manny Ramirez is Godly,GooseRules,The Wizard,0-0-0,8,The Evil Empire,Kevo,0-0-0,5
2009,12,215.l.96581,Manny Ramirez is Godly,assbags,Baby..I&#39;m gonna butter your bread,0-0-0,8,Zegster,M Z,0-0-0,6
2009,12,215.l.96581,Manny Ramirez is Godly,We've Got The Runs,Nikolai Khabibulin,0-0-0,4,QUEEN BEE,MELISSA,0-0-0,9
2009,12,215.l.96581,Manny Ramirez is Godly,Weazzills Wack Socks,Weazy,0-0-0,10,I Pitch You Catch,DiZzY,0-0-0,4
2009,12,215.l.96581,Manny Ramirez is Godly,Sidd 5.2,Paulie,0-0-0,8,BlitzKeg,Dan,0-0-0,5
2009,13,215.l.96581,Manny Ramirez is Godly,GooseRules,The Wizard,0-0-0,10,We've Got The Runs,Nikolai Khabibulin,0-0-0,4
2009,13,215.l.96581,Manny Ramirez is Godly,assbags,Baby..I&#39;m gonna butter your bread,0-0-0,5,The Evil Empire,Kevo,0-0-0,7
2009,13,215.l.96581,Manny Ramirez is Godly,Zegster,M Z,0-0-0,7,BlitzKeg,Dan,0-0-0,5
2009,13,215.l.96581,Manny Ramirez is Godly,Weazzills Wack Socks,Weazy,0-0-0,6,QUEEN BEE,MELISSA,0-0-0,8
2009,13,215.l.96581,Manny Ramirez is Godly,Sidd 5.2,Paulie,0-0-0,8,I Pitch You Catch,DiZzY,0-0-0,5
2009,14,215.l.96581,Manny Ramirez is Godly,GooseRules,The Wizard,0-0-0,8,Weazzills Wack Socks,Weazy,0-0-0,5
2009,14,215.l.96581,Manny Ramirez is Godly,assbags,Baby..I&#39;m gonna butter your bread,0-0-0,4,We've Got The Runs,Nikolai Khabibulin,0-0-0,10
2009,14,215.l.96581,Manny Ramirez is Godly,Zegster,M Z,0-0-0,8,The Evil Empire,Kevo,0-0-0,5
2009,14,215.l.96581,Manny Ramirez is Godly,Sidd 5.2,Paulie,0-0-0,6,QUEEN BEE,MELISSA,0-0-0,7
2009,14,215.l.96581,Manny Ramirez is Godly,I Pitch You Catch,DiZzY,0-0-0,12,BlitzKeg,Dan,0-0-0,1
2009,15,215.l.96581,Manny Ramirez is Godly,GooseRules,The Wizard,0-0-0,2,Sidd 5.2,Paulie,0-0-0,11
2009,15,215.l.96581,Manny Ramirez is Godly,assbags,Baby..I&#39;m gonna butter your bread,0-0-0,8,Weazzills Wack Socks,Weazy,0-0-0,4
2009,15,215.l.96581,Manny Ramirez is Godly,Zegster,M Z,0-0-0,4,We've Got The Runs,Nikolai Khabibulin,0-0-0,10
2009,15,215.l.96581,Manny Ramirez is Godly,The Evil Empire,Kevo,0-0-0,9,BlitzKeg,Dan,0-0-0,3
2009,15,215.l.96581,Manny Ramirez is Godly,I Pitch You Catch,DiZzY,0-0-0,5,QUEEN BEE,MELISSA,0-0-0,7
2009,16,215.l.96581,Manny Ramirez is Godly,GooseRules,The Wizard,0-0-0,7,I Pitch You Catch,DiZzY,0-0-0,6
2009,16,215.l.96581,Manny Ramirez is Godly,assbags,Baby..I&#39;m gonna butter your bread,0-0-0,5,Sidd 5.2,Paulie,0-0-0,8
2009,16,215.l.96581,Manny Ramirez is Godly,Zegster,M Z,0-0-0,11,Weazzills Wack Socks,Weazy,0-0-0,2
2009,16,215.l.96581,Manny Ramirez is Godly,The Evil Empire,Kevo,0-0-0,9,We've Got The Runs,Nikolai Khabibulin,0-0-0,5
2009,16,215.l.96581,Manny Ramirez is Godly,QUEEN BEE,MELISSA,0-0-0,6,BlitzKeg,Dan,0-0-0,6
2009,17,215.l.96581,Manny Ramirez is Godly,GooseRules,The Wizard,0-0-0,8,QUEEN BEE,MELISSA,0-0-0,4
2009,17,215.l.96581,Manny Ramirez is Godly,assbags,Baby..I&#39;m gonna butter your bread,0-0-0,6,I Pitch You Catch,DiZzY,0-0-0,7
2009,17,215.l.96581,Manny Ramirez is Godly,Zegster,M Z,0-0-0,5,Sidd 5.2,Paulie,0-0-0,8
2009,17,215.l.96581,Manny Ramirez is Godly,The Evil Empire,Kevo,0-0-0,10,Weazzills Wack Socks,Weazy,0-0-0,2
2009,17,215.l.96581,Manny Ramirez is Godly,We've Got The Runs,Nikolai Khabibulin,0-0-0,4,BlitzKeg,Dan,0-0-0,8
2009,18,215.l.96581,Manny Ramirez is Godly,GooseRules,The Wizard,0-0-0,8,BlitzKeg,Dan,0-0-0,6
2009,18,215.l.96581,Manny Ramirez is Godly,assbags,Baby..I&#39;m gonna butter your bread,0-0-0,5,QUEEN BEE,MELISSA,0-0-0,7
2009,18,215.l.96581,Manny Ramirez is Godly,Zegster,M Z,0-0-0,5,I Pitch You Catch,DiZzY,0-0-0,7
2009,18,215.l.96581,Manny Ramirez is Godly,The Evil Empire,Kevo,0-0-0,11,Sidd 5.2,Paulie,0-0-0,2
2009,18,215.l.96581,Manny Ramirez is Godly,We've Got The Runs,Nikolai Khabibulin,0-0-0,5,Weazzills Wack Socks,Weazy,0-0-0,9
2009,19,215.l.96581,Manny Ramirez is Godly,GooseRules,The Wizard,0-0-0,3,assbags,Baby..I&#39;m gonna butter your bread,0-0-0,7
2009,19,215.l.96581,Manny Ramirez is Godly,Zegster,M Z,0-0-0,4,QUEEN BEE,MELISSA,0-0-0,10
2009,19,215.l.96581,Manny Ramirez is Godly,The Evil Empire,Kevo,0-0-0,10,I Pitch You Catch,DiZzY,0-0-0,4
2009,19,215.l.96581,Manny Ramirez is Godly,We've Got The Runs,Nikolai Khabibulin,0-0-0,6,Sidd 5.2,Paulie,0-0-0,6
2009,19,215.l.96581,Manny Ramirez is Godly,Weazzills Wack Socks,Weazy,0-0-0,9,BlitzKeg,Dan,0-0-0,4
2009,20,215.l.96581,Manny Ramirez is Godly,GooseRules,The Wizard,0-0-0,7,Zegster,M Z,0-0-0,7
2009,20,215.l.96581,Manny Ramirez is Godly,assbags,Baby..I&#39;m gonna butter your bread,0-0-0,5,BlitzKeg,Dan,0-0-0,6
2009,20,215.l.96581,Manny Ramirez is Godly,The Evil Empire,Kevo,0-0-0,4,QUEEN BEE,MELISSA,0-0-0,10
2009,20,215.l.96581,Manny Ramirez is Godly,We've Got The Runs,Nikolai Khabibulin,0-0-0,10,I Pitch You Catch,DiZzY,0-0-0,4
2009,20,215.l.96581,Manny Ramirez is Godly,Weazzills Wack Socks,Weazy,0-0-0,4,Sidd 5.2,Paulie,0-0-0,9
2009,21,215.l.96581,Manny Ramirez is Godly,GooseRules,The Wizard,0-0-0,10,The Evil Empire,Kevo,0-0-0,4
2009,21,215.l.96581,Manny Ramirez is Godly,assbags,Baby..I&#39;m gonna butter your bread,0-0-0,4,Zegster,M Z,0-0-0,8
2009,21,215.l.96581,Manny Ramirez is Godly,We've Got The Runs,Nikolai Khabibulin,0-0-0,8,QUEEN BEE,MELISSA,0-0-0,5
2009,21,215.l.96581,Manny Ramirez is Godly,Weazzills Wack Socks,Weazy,0-0-0,2,I Pitch You Catch,DiZzY,0-0-0,12
2009,21,215.l.96581,Manny Ramirez is Godly,Sidd 5.2,Paulie,0-0-0,10,BlitzKeg,Dan,0-0-0,4
2009,22,215.l.96581,Manny Ramirez is Godly,GooseRules,The Wizard,0-0-0,9,We've Got The Runs,Nikolai Khabibulin,0-0-0,5
2009,22,215.l.96581,Manny Ramirez is Godly,assbags,Baby..I&#39;m gonna butter your bread,0-0-0,4,The Evil Empire,Kevo,0-0-0,9
2009,22,215.l.96581,Manny Ramirez is Godly,Zegster,M Z,0-0-0,6,BlitzKeg,Dan,0-0-0,7
2009,22,215.l.96581,Manny Ramirez is Godly,Weazzills Wack Socks,Weazy,0-0-0,4,QUEEN BEE,MELISSA,0-0-0,10
2009,22,215.l.96581,Manny Ramirez is Godly,Sidd 5.2,Paulie,0-0-0,6,I Pitch You Catch,DiZzY,0-0-0,7
2009,23,215.l.96581,Manny Ramirez is Godly,Zegster,M Z,0-0-0,3,The Evil Empire,Kevo,0-0-0,11
2009,23,215.l.96581,Manny Ramirez is Godly,Sidd 5.2,Paulie,0-0-0,9,I Pitch You Catch,DiZzY,0-0-0,4
2009,24,215.l.96581,Manny Ramirez is Godly,GooseRules,The Wizard,0-0-0,9,The Evil Empire,Kevo,0-0-0,4
2009,24,215.l.96581,Manny Ramirez is Godly,assbags,Baby..I&#39;m gonna butter your bread,0-0-0,7,Weazzills Wack Socks,Weazy,0-0-0,5
2009,24,215.l.96581,Manny Ramirez is Godly,Zegster,M Z,0-0-0,12,I Pitch You Catch,DiZzY,0-0-0,2
2009,24,215.l.96581,Manny Ramirez is Godly,We've Got The Runs,Nikolai Khabibulin,0-0-0,9,BlitzKeg,Dan,0-0-0,3
2009,24,215.l.96581,Manny Ramirez is Godly,Sidd 5.2,Paulie,0-0-0,9,QUEEN BEE,MELISSA,0-0-0,4
2009,25,215.l.96581,Manny Ramirez is Godly,GooseRules,The Wizard,0-0-0,4,Sidd 5.2,Paulie,0-0-0,9
2009,25,215.l.96581,Manny Ramirez is Godly,assbags,Baby..I&#39;m gonna butter your bread,0-0-0,6,We've Got The Runs,Nikolai Khabibulin,0-0-0,6
2009,25,215.l.96581,Manny Ramirez is Godly,The Evil Empire,Kevo,0-0-0,11,QUEEN BEE,MELISSA,0-0-0,2
2009,25,215.l.96581,Manny Ramirez is Godly,Weazzills Wack Socks,Weazy,0-0-0,3,BlitzKeg,Dan,0-0-0,10
2010,1,238.l.196954,2010 Year of the Claw,The DIRTY JUICE,Fat Jesus,0-0-0,9,assbags,Baby..I&#39;m gonna butter your bread,0-0-0,3
2010,1,238.l.196954,2010 Year of the Claw,GooseRules,The Wizard,0-0-0,9,Weazzills Wack Socks,Weazy,0-0-0,3
2010,1,238.l.196954,2010 Year of the Claw,Yank These,--hidden--,0-0-0,7,The Evil Empire,Kevo,0-0-0,5
2010,1,238.l.196954,2010 Year of the Claw,Lt Dans New Legs,Dan,0-0-0,6,Asian League,Jeff,0-0-0,5
2010,1,238.l.196954,2010 Year of the Claw,Zegster,M Z,0-0-0,9,Sidd part VI,Paulie,0-0-0,5
2010,1,238.l.196954,2010 Year of the Claw,AllUrBaseRBelongToUs,Nikolai Khabibulin,0-0-0,9,QUEEN BEE,MELISSA,0-0-0,5
2010,2,238.l.196954,2010 Year of the Claw,The DIRTY JUICE,Fat Jesus,0-0-0,5,GooseRules,The Wizard,0-0-0,7
2010,2,238.l.196954,2010 Year of the Claw,assbags,Baby..I&#39;m gonna butter your bread,0-0-0,1,QUEEN BEE,MELISSA,0-0-0,13
2010,2,238.l.196954,2010 Year of the Claw,Yank These,--hidden--,0-0-0,1,Weazzills Wack Socks,Weazy,0-0-0,13
2010,2,238.l.196954,2010 Year of the Claw,Lt Dans New Legs,Dan,0-0-0,7,The Evil Empire,Kevo,0-0-0,6
2010,2,238.l.196954,2010 Year of the Claw,Zegster,M Z,0-0-0,10,Asian League,Jeff,0-0-0,4
2010,2,238.l.196954,2010 Year of the Claw,AllUrBaseRBelongToUs,Nikolai Khabibulin,0-0-0,2,Sidd part VI,Paulie,0-0-0,10
2010,3,238.l.196954,2010 Year of the Claw,The DIRTY JUICE,Fat Jesus,0-0-0,8,Yank These,--hidden--,0-0-0,6
2010,3,238.l.196954,2010 Year of the Claw,assbags,Baby..I&#39;m gonna butter your bread,0-0-0,5,GooseRules,The Wizard,0-0-0,9
2010,3,238.l.196954,2010 Year of the Claw,Lt Dans New Legs,Dan,0-0-0,5,Weazzills Wack Socks,Weazy,0-0-0,7
2010,3,238.l.196954,2010 Year of the Claw,Zegster,M Z,0-0-0,3,The Evil Empire,Kevo,0-0-0,11
2010,3,238.l.196954,2010 Year of the Claw,AllUrBaseRBelongToUs,Nikolai Khabibulin,0-0-0,7,Asian League,Jeff,0-0-0,7
2010,3,238.l.196954,2010 Year of the Claw,Sidd part VI,Paulie,0-0-0,7,QUEEN BEE,MELISSA,0-0-0,7
2010,4,238.l.196954,2010 Year of the Claw,The DIRTY JUICE,Fat Jesus,0-0-0,7,Lt Dans New Legs,Dan,0-0-0,7
2010,4,238.l.196954,2010 Year of the Claw,assbags,Baby..I&#39;m gonna butter your bread,0-0-0,9,Yank These,--hidden--,0-0-0,4
2010,4,238.l.196954,2010 Year of the Claw,GooseRules,The Wizard,0-0-0,3,QUEEN BEE,MELISSA,0-0-0,10
2010,4,238.l.196954,2010 Year of the Claw,Zegster,M Z,0-0-0,12,Weazzills Wack Socks,Weazy,0-0-0,2
2010,4,238.l.196954,2010 Year of the Claw,AllUrBaseRBelongToUs,Nikolai Khabibulin,0-0-0,6,The Evil Empire,Kevo,0-0-0,8
2010,4,238.l.196954,2010 Year of the Claw,Sidd part VI,Paulie,0-0-0,5,Asian League,Jeff,0-0-0,7
2010,5,238.l.196954,2010 Year of the Claw,The DIRTY JUICE,Fat Jesus,0-0-0,6,Zegster,M Z,0-0-0,8
2010,5,238.l.196954,2010 Year of the Claw,assbags,Baby..I&#39;m gonna butter your bread,0-0-0,8,Lt Dans New Legs,Dan,0-0-0,5
2010,5,238.l.196954,2010 Year of the Claw,GooseRules,The Wizard,0-0-0,9,Yank These,--hidden--,0-0-0,5
2010,5,238.l.196954,2010 Year of the Claw,AllUrBaseRBelongToUs,Nikolai Khabibulin,0-0-0,5,Weazzills Wack Socks,Weazy,0-0-0,9
2010,5,238.l.196954,2010 Year of the Claw,Sidd part VI,Paulie,0-0-0,9,The Evil Empire,Kevo,0-0-0,5
2010,5,238.l.196954,2010 Year of the Claw,Asian League,Jeff,0-0-0,7,QUEEN BEE,MELISSA,0-0-0,5
2010,6,238.l.196954,2010 Year of the Claw,The DIRTY JUICE,Fat Jesus,0-0-0,7,AllUrBaseRBelongToUs,Nikolai Khabibulin,0-0-0,7
2010,6,238.l.196954,2010 Year of the Claw,assbags,Baby..I&#39;m gonna butter your bread,0-0-0,9,Zegster,M Z,0-0-0,4
2010,6,238.l.196954,2010 Year of the Claw,GooseRules,The Wizard,0-0-0,13,Lt Dans New Legs,Dan,0-0-0,0
2010,6,238.l.196954,2010 Year of the Claw,Yank These,--hidden--,0-0-0,9,QUEEN BEE,MELISSA,0-0-0,4
2010,6,238.l.196954,2010 Year of the Claw,Sidd part VI,Paulie,0-0-0,5,Weazzills Wack Socks,Weazy,0-0-0,9
2010,6,238.l.196954,2010 Year of the Claw,Asian League,Jeff,0-0-0,5,The Evil Empire,Kevo,0-0-0,9
2010,7,238.l.196954,2010 Year of the Claw,The DIRTY JUICE,Fat Jesus,0-0-0,4,Sidd part VI,Paulie,0-0-0,9
2010,7,238.l.196954,2010 Year of the Claw,assbags,Baby..I&#39;m gonna butter your bread,0-0-0,5,AllUrBaseRBelongToUs,Nikolai Khabibulin,0-0-0,4
2010,7,238.l.196954,2010 Year of the Claw,GooseRules,The Wizard,0-0-0,10,Zegster,M Z,0-0-0,3
2010,7,238.l.196954,2010 Year of the Claw,Yank These,--hidden--,0-0-0,5,Lt Dans New Legs,Dan,0-0-0,7
2010,7,238.l.196954,2010 Year of the Claw,Asian League,Jeff,0-0-0,7,Weazzills Wack Socks,Weazy,0-0-0,6
2010,7,238.l.196954,2010 Year of the Claw,The Evil Empire,Kevo,0-0-0,4,QUEEN BEE,MELISSA,0-0-0,10
2010,8,238.l.196954,2010 Year of the Claw,The DIRTY JUICE,Fat Jesus,0-0-0,8,Asian League,Jeff,0-0-0,5
2010,8,238.l.196954,2010 Year of the Claw,assbags,Baby..I&#39;m gonna butter your bread,0-0-0,10,Sidd part VI,Paulie,0-0-0,3
2010,8,238.l.196954,2010 Year of the Claw,GooseRules,The Wizard,0-0-0,10,AllUrBaseRBelongToUs,Nikolai Khabibulin,0-0-0,2
2010,8,238.l.196954,2010 Year of the Claw,Yank These,--hidden--,0-0-0,7,Zegster,M Z,0-0-0,5
2010,8,238.l.196954,2010 Year of the Claw,Lt Dans New Legs,Dan,0-0-0,5,QUEEN BEE,MELISSA,0-0-0,7
2010,8,238.l.196954,2010 Year of the Claw,The Evil Empire,Kevo,0-0-0,13,Weazzills Wack Socks,Weazy,0-0-0,1
2010,9,238.l.196954,2010 Year of the Claw,The DIRTY JUICE,Fat Jesus,0-0-0,12,The Evil Empire,Kevo,0-0-0,2
2010,9,238.l.196954,2010 Year of the Claw,assbags,Baby..I&#39;m gonna butter your bread,0-0-0,3,Asian League,Jeff,0-0-0,9
2010,9,238.l.196954,2010 Year of the Claw,GooseRules,The Wizard,0-0-0,10,Sidd part VI,Paulie,0-0-0,4
2010,9,238.l.196954,2010 Year of the Claw,Yank These,--hidden--,0-0-0,7,AllUrBaseRBelongToUs,Nikolai Khabibulin,0-0-0,6
2010,9,238.l.196954,2010 Year of the Claw,Lt Dans New Legs,Dan,0-0-0,8,Zegster,M Z,0-0-0,5
2010,9,238.l.196954,2010 Year of the Claw,Weazzills Wack Socks,Weazy,0-0-0,7,QUEEN BEE,MELISSA,0-0-0,7
2010,10,238.l.196954,2010 Year of the Claw,The DIRTY JUICE,Fat Jesus,0-0-0,4,Weazzills Wack Socks,Weazy,0-0-0,10
2010,10,238.l.196954,2010 Year of the Claw,assbags,Baby..I&#39;m gonna butter your bread,0-0-0,2,The Evil Empire,Kevo,0-0-0,10
2010,10,238.l.196954,2010 Year of the Claw,GooseRules,The Wizard,0-0-0,3,Asian League,Jeff,0-0-0,9
2010,10,238.l.196954,2010 Year of the Claw,Yank These,--hidden--,0-0-0,4,Sidd part VI,Paulie,0-0-0,7
2010,10,238.l.196954,2010 Year of the Claw,Lt Dans New Legs,Dan,0-0-0,8,AllUrBaseRBelongToUs,Nikolai Khabibulin,0-0-0,6
2010,10,238.l.196954,2010 Year of the Claw,Zegster,M Z,0-0-0,7,QUEEN BEE,MELISSA,0-0-0,6
2010,11,238.l.196954,2010 Year of the Claw,The DIRTY JUICE,Fat Jesus,0-0-0,8,QUEEN BEE,MELISSA,0-0-0,6
2010,11,238.l.196954,2010 Year of the Claw,assbags,Baby..I&#39;m gonna butter your bread,0-0-0,7,Weazzills Wack Socks,Weazy,0-0-0,6
2010,11,238.l.196954,2010 Year of the Claw,GooseRules,The Wizard,0-0-0,5,The Evil Empire,Kevo,0-0-0,9
2010,11,238.l.196954,2010 Year of the Claw,Yank These,--hidden--,0-0-0,5,Asian League,Jeff,0-0-0,8
2010,11,238.l.196954,2010 Year of the Claw,Lt Dans New Legs,Dan,0-0-0,3,Sidd part VI,Paulie,0-0-0,8
2010,11,238.l.196954,2010 Year of the Claw,Zegster,M Z,0-0-0,7,AllUrBaseRBelongToUs,Nikolai Khabibulin,0-0-0,7
2010,12,238.l.196954,2010 Year of the Claw,The DIRTY JUICE,Fat Jesus,0-0-0,6,assbags,Baby..I&#39;m gonna butter your bread,0-0-0,8
2010,12,238.l.196954,2010 Year of the Claw,GooseRules,The Wizard,0-0-0,8,Weazzills Wack Socks,Weazy,0-0-0,5
2010,12,238.l.196954,2010 Year of the Claw,Yank These,--hidden--,0-0-0,5,The Evil Empire,Kevo,0-0-0,8
2010,12,238.l.196954,2010 Year of the Claw,Lt Dans New Legs,Dan,0-0-0,6,Asian League,Jeff,0-0-0,7
2010,12,238.l.196954,2010 Year of the Claw,Zegster,M Z,0-0-0,11,Sidd part VI,Paulie,0-0-0,2
2010,12,238.l.196954,2010 Year of the Claw,AllUrBaseRBelongToUs,Nikolai Khabibulin,0-0-0,5,QUEEN BEE,MELISSA,0-0-0,8
2010,13,238.l.196954,2010 Year of the Claw,The DIRTY JUICE,Fat Jesus,0-0-0,0,GooseRules,The Wizard,0-0-0,13
2010,13,238.l.196954,2010 Year of the Claw,assbags,Baby..I&#39;m gonna butter your bread,0-0-0,6,QUEEN BEE,MELISSA,0-0-0,4
2010,13,238.l.196954,2010 Year of the Claw,Yank These,--hidden--,0-0-0,2,Weazzills Wack Socks,Weazy,0-0-0,11
2010,13,238.l.196954,2010 Year of the Claw,Lt Dans New Legs,Dan,0-0-0,7,The Evil Empire,Kevo,0-0-0,7
2010,13,238.l.196954,2010 Year of the Claw,Zegster,M Z,0-0-0,2,Asian League,Jeff,0-0-0,12
2010,13,238.l.196954,2010 Year of the Claw,AllUrBaseRBelongToUs,Nikolai Khabibulin,0-0-0,8,Sidd part VI,Paulie,0-0-0,6
2010,14,238.l.196954,2010 Year of the Claw,The DIRTY JUICE,Fat Jesus,0-0-0,10,Yank These,--hidden--,0-0-0,4
2010,14,238.l.196954,2010 Year of the Claw,assbags,Baby..I&#39;m gonna butter your bread,0-0-0,3,GooseRules,The Wizard,0-0-0,11
2010,14,238.l.196954,2010 Year of the Claw,Lt Dans New Legs,Dan,0-0-0,9,Weazzills Wack Socks,Weazy,0-0-0,4
2010,14,238.l.196954,2010 Year of the Claw,Zegster,M Z,0-0-0,2,The Evil Empire,Kevo,0-0-0,10
2010,14,238.l.196954,2010 Year of the Claw,AllUrBaseRBelongToUs,Nikolai Khabibulin,0-0-0,9,Asian League,Jeff,0-0-0,3
2010,14,238.l.196954,2010 Year of the Claw,Sidd part VI,Paulie,0-0-0,5,QUEEN BEE,MELISSA,0-0-0,7
2010,15,238.l.196954,2010 Year of the Claw,The DIRTY JUICE,Fat Jesus,0-0-0,8,Lt Dans New Legs,Dan,0-0-0,6
2010,15,238.l.196954,2010 Year of the Claw,assbags,Baby..I&#39;m gonna butter your bread,0-0-0,9,Yank These,--hidden--,0-0-0,3
2010,15,238.l.196954,2010 Year of the Claw,GooseRules,The Wizard,0-0-0,5,QUEEN BEE,MELISSA,0-0-0,7
2010,15,238.l.196954,2010 Year of the Claw,Zegster,M Z,0-0-0,5,Weazzills Wack Socks,Weazy,0-0-0,8
2010,15,238.l.196954,2010 Year of the Claw,AllUrBaseRBelongToUs,Nikolai Khabibulin,0-0-0,4,The Evil Empire,Kevo,0-0-0,10
2010,15,238.l.196954,2010 Year of the Claw,Sidd part VI,Paulie,0-0-0,5,Asian League,Jeff,0-0-0,7
2010,16,238.l.196954,2010 Year of the Claw,The DIRTY JUICE,Fat Jesus,0-0-0,4,Zegster,M Z,0-0-0,10
2010,16,238.l.196954,2010 Year of the Claw,assbags,Baby..I&#39;m gonna butter your bread,0-0-0,6,Lt Dans New Legs,Dan,0-0-0,8
2010,16,238.l.196954,2010 Year of the Claw,GooseRules,The Wizard,0-0-0,5,Yank These,--hidden--,0-0-0,6
2010,16,238.l.196954,2010 Year of the Claw,AllUrBaseRBelongToUs,Nikolai Khabibulin,0-0-0,11,Weazzills Wack Socks,Weazy,0-0-0,2
2010,16,238.l.196954,2010 Year of the Claw,Sidd part VI,Paulie,0-0-0,3,The Evil Empire,Kevo,0-0-0,9
2010,16,238.l.196954,2010 Year of the Claw,Asian League,Jeff,0-0-0,9,QUEEN BEE,MELISSA,0-0-0,5
2010,17,238.l.196954,2010 Year of the Claw,The DIRTY JUICE,Fat Jesus,0-0-0,3,AllUrBaseRBelongToUs,Nikolai Khabibulin,0-0-0,10
2010,17,238.l.196954,2010 Year of the Claw,assbags,Baby..I&#39;m gonna butter your bread,0-0-0,6,Zegster,M Z,0-0-0,7
2010,17,238.l.196954,2010 Year of the Claw,GooseRules,The Wizard,0-0-0,8,Lt Dans New Legs,Dan,0-0-0,3
2010,17,238.l.196954,2010 Year of the Claw,Yank These,--hidden--,0-0-0,5,QUEEN BEE,MELISSA,0-0-0,9
2010,17,238.l.196954,2010 Year of the Claw,Sidd part VI,Paulie,0-0-0,7,Weazzills Wack Socks,Weazy,0-0-0,5
2010,17,238.l.196954,2010 Year of the Claw,Asian League,Jeff,0-0-0,7,The Evil Empire,Kevo,0-0-0,7
2010,18,238.l.196954,2010 Year of the Claw,The DIRTY JUICE,Fat Jesus,0-0-0,9,Sidd part VI,Paulie,0-0-0,5
2010,18,238.l.196954,2010 Year of the Claw,assbags,Baby..I&#39;m gonna butter your bread,0-0-0,0,AllUrBaseRBelongToUs,Nikolai Khabibulin,0-0-0,13
2010,18,238.l.196954,2010 Year of the Claw,GooseRules,The Wizard,0-0-0,4,Zegster,M Z,0-0-0,10
2010,18,238.l.196954,2010 Year of the Claw,Yank These,--hidden--,0-0-0,5,Lt Dans New Legs,Dan,0-0-0,7
2010,18,238.l.196954,2010 Year of the Claw,Asian League,Jeff,0-0-0,10,Weazzills Wack Socks,Weazy,0-0-0,4
2010,18,238.l.196954,2010 Year of the Claw,The Evil Empire,Kevo,0-0-0,6,QUEEN BEE,MELISSA,0-0-0,8
2010,19,238.l.196954,2010 Year of the Claw,The DIRTY JUICE,Fat Jesus,0-0-0,9,Asian League,Jeff,0-0-0,5
2010,19,238.l.196954,2010 Year of the Claw,assbags,Baby..I&#39;m gonna butter your bread,0-0-0,5,Sidd part VI,Paulie,0-0-0,8
2010,19,238.l.196954,2010 Year of the Claw,GooseRules,The Wizard,0-0-0,6,AllUrBaseRBelongToUs,Nikolai Khabibulin,0-0-0,7
2010,19,238.l.196954,2010 Year of the Claw,Yank These,--hidden--,0-0-0,3,Zegster,M Z,0-0-0,5
2010,19,238.l.196954,2010 Year of the Claw,Lt Dans New Legs,Dan,0-0-0,6,QUEEN BEE,MELISSA,0-0-0,7
2010,19,238.l.196954,2010 Year of the Claw,The Evil Empire,Kevo,0-0-0,6,Weazzills Wack Socks,Weazy,0-0-0,6
2010,20,238.l.196954,2010 Year of the Claw,The DIRTY JUICE,Fat Jesus,0-0-0,5,The Evil Empire,Kevo,0-0-0,9
2010,20,238.l.196954,2010 Year of the Claw,assbags,Baby..I&#39;m gonna butter your bread,0-0-0,3,Asian League,Jeff,0-0-0,10
2010,20,238.l.196954,2010 Year of the Claw,GooseRules,The Wizard,0-0-0,10,Sidd part VI,Paulie,0-0-0,3
2010,20,238.l.196954,2010 Year of the Claw,Yank These,--hidden--,0-0-0,9,AllUrBaseRBelongToUs,Nikolai Khabibulin,0-0-0,5
2010,20,238.l.196954,2010 Year of the Claw,Lt Dans New Legs,Dan,0-0-0,4,Zegster,M Z,0-0-0,10
2010,20,238.l.196954,2010 Year of the Claw,Weazzills Wack Socks,Weazy,0-0-0,9,QUEEN BEE,MELISSA,0-0-0,4
2010,21,238.l.196954,2010 Year of the Claw,The DIRTY JUICE,Fat Jesus,0-0-0,8,Weazzills Wack Socks,Weazy,0-0-0,6
2010,21,238.l.196954,2010 Year of the Claw,assbags,Baby..I&#39;m gonna butter your bread,0-0-0,5,The Evil Empire,Kevo,0-0-0,9
2010,21,238.l.196954,2010 Year of the Claw,GooseRules,The Wizard,0-0-0,5,Asian League,Jeff,0-0-0,6
2010,21,238.l.196954,2010 Year of the Claw,Yank These,--hidden--,0-0-0,8,Sidd part VI,Paulie,0-0-0,5
2010,21,238.l.196954,2010 Year of the Claw,Lt Dans New Legs,Dan,0-0-0,5,AllUrBaseRBelongToUs,Nikolai Khabibulin,0-0-0,9
2010,21,238.l.196954,2010 Year of the Claw,Zegster,M Z,0-0-0,5,QUEEN BEE,MELISSA,0-0-0,8
2010,22,238.l.196954,2010 Year of the Claw,The DIRTY JUICE,Fat Jesus,0-0-0,8,QUEEN BEE,MELISSA,0-0-0,5
2010,22,238.l.196954,2010 Year of the Claw,assbags,Baby..I&#39;m gonna butter your bread,0-0-0,4,Weazzills Wack Socks,Weazy,0-0-0,8
2010,22,238.l.196954,2010 Year of the Claw,GooseRules,The Wizard,0-0-0,8,The Evil Empire,Kevo,0-0-0,5
2010,22,238.l.196954,2010 Year of the Claw,Yank These,--hidden--,0-0-0,7,Asian League,Jeff,0-0-0,5
2010,22,238.l.196954,2010 Year of the Claw,Lt Dans New Legs,Dan,0-0-0,9,Sidd part VI,Paulie,0-0-0,4
2010,22,238.l.196954,2010 Year of the Claw,Zegster,M Z,0-0-0,2,AllUrBaseRBelongToUs,Nikolai Khabibulin,0-0-0,11
2010,23,238.l.196954,2010 Year of the Claw,The DIRTY JUICE,Fat Jesus,0-0-0,4,Asian League,Jeff,0-0-0,8
2010,23,238.l.196954,2010 Year of the Claw,assbags,Baby..I&#39;m gonna butter your bread,0-0-0,6,Lt Dans New Legs,Dan,0-0-0,4
2010,23,238.l.196954,2010 Year of the Claw,Yank These,--hidden--,0-0-0,5,Sidd part VI,Paulie,0-0-0,7
2010,23,238.l.196954,2010 Year of the Claw,AllUrBaseRBelongToUs,Nikolai Khabibulin,0-0-0,10,QUEEN BEE,MELISSA,0-0-0,4
2010,24,238.l.196954,2010 Year of the Claw,The DIRTY JUICE,Fat Jesus,0-0-0,11,QUEEN BEE,MELISSA,0-0-0,2
2010,24,238.l.196954,2010 Year of the Claw,assbags,Baby..I&#39;m gonna butter your bread,0-0-0,9,Weazzills Wack Socks,Weazy,0-0-0,3
2010,24,238.l.196954,2010 Year of the Claw,GooseRules,The Wizard,0-0-0,3,AllUrBaseRBelongToUs,Nikolai Khabibulin,0-0-0,9
2010,24,238.l.196954,2010 Year of the Claw,Yank These,--hidden--,0-0-0,8,Lt Dans New Legs,Dan,0-0-0,6
2010,24,238.l.196954,2010 Year of the Claw,Zegster,M Z,0-0-0,5,Sidd part VI,Paulie,0-0-0,8
2010,24,238.l.196954,2010 Year of the Claw,Asian League,Jeff,0-0-0,6,The Evil Empire,Kevo,0-0-0,7
2010,25,238.l.196954,2010 Year of the Claw,assbags,Baby..I&#39;m gonna butter your bread,0-0-0,7,Sidd part VI,Paulie,0-0-0,7
2010,25,238.l.196954,2010 Year of the Claw,GooseRules,The Wizard,0-0-0,4,Asian League,Jeff,0-0-0,9
2010,25,238.l.196954,2010 Year of the Claw,Zegster,M Z,0-0-0,9,Weazzills Wack Socks,Weazy,0-0-0,4
2010,25,238.l.196954,2010 Year of the Claw,AllUrBaseRBelongToUs,Nikolai Khabibulin,0-0-0,6,The Evil Empire,Kevo,0-0-0,8
2011,1,253.l.71205,Donnie 'Fuck Me' Baseball,GooseRules,The Wizard,0-0-0,9,Sidd Finch 9.0,Paulie,0-0-0,5
2011,1,253.l.71205,Donnie 'Fuck Me' Baseball,Lt Dans New Legs,Dan,0-0-0,8,Queen Bee,MELISSA,0-0-0,5
2011,1,253.l.71205,Donnie 'Fuck Me' Baseball,The DIRTY JUICE,Fat Jesus,0-0-0,6,I Pitch You Catch!,DiZzY,0-0-0,6
2011,1,253.l.71205,Donnie 'Fuck Me' Baseball,Zegster,M Z,0-0-0,6,AllUrBaseRBelongToUs,Nikolai Khabibulin,0-0-0,8
2011,1,253.l.71205,Donnie 'Fuck Me' Baseball,The Evil Empire,Kevo,0-0-0,6,Asian League,Jeff,0-0-0,7
2011,2,253.l.71205,Donnie 'Fuck Me' Baseball,GooseRules,The Wizard,0-0-0,11,Lt Dans New Legs,Dan,0-0-0,3
2011,2,253.l.71205,Donnie 'Fuck Me' Baseball,Sidd Finch 9.0,Paulie,0-0-0,6,Asian League,Jeff,0-0-0,7
2011,2,253.l.71205,Donnie 'Fuck Me' Baseball,The DIRTY JUICE,Fat Jesus,0-0-0,8,Queen Bee,MELISSA,0-0-0,5
2011,2,253.l.71205,Donnie 'Fuck Me' Baseball,Zegster,M Z,0-0-0,8,I Pitch You Catch!,DiZzY,0-0-0,5
2011,2,253.l.71205,Donnie 'Fuck Me' Baseball,The Evil Empire,Kevo,0-0-0,8,AllUrBaseRBelongToUs,Nikolai Khabibulin,0-0-0,5
2011,3,253.l.71205,Donnie 'Fuck Me' Baseball,GooseRules,The Wizard,0-0-0,10,The DIRTY JUICE,Fat Jesus,0-0-0,4
2011,3,253.l.71205,Donnie 'Fuck Me' Baseball,Sidd Finch 9.0,Paulie,0-0-0,9,Lt Dans New Legs,Dan,0-0-0,4
2011,3,253.l.71205,Donnie 'Fuck Me' Baseball,Zegster,M Z,0-0-0,8,Queen Bee,MELISSA,0-0-0,5
2011,3,253.l.71205,Donnie 'Fuck Me' Baseball,The Evil Empire,Kevo,0-0-0,9,I Pitch You Catch!,DiZzY,0-0-0,2
2011,3,253.l.71205,Donnie 'Fuck Me' Baseball,AllUrBaseRBelongToUs,Nikolai Khabibulin,0-0-0,13,Asian League,Jeff,0-0-0,1
2011,4,253.l.71205,Donnie 'Fuck Me' Baseball,GooseRules,The Wizard,0-0-0,8,Zegster,M Z,0-0-0,6
2011,4,253.l.71205,Donnie 'Fuck Me' Baseball,Sidd Finch 9.0,Paulie,0-0-0,10,The DIRTY JUICE,Fat Jesus,0-0-0,3
2011,4,253.l.71205,Donnie 'Fuck Me' Baseball,Lt Dans New Legs,Dan,0-0-0,7,Asian League,Jeff,0-0-0,5
2011,4,253.l.71205,Donnie 'Fuck Me' Baseball,The Evil Empire,Kevo,0-0-0,6,Queen Bee,MELISSA,0-0-0,7
2011,4,253.l.71205,Donnie 'Fuck Me' Baseball,AllUrBaseRBelongToUs,Nikolai Khabibulin,0-0-0,12,I Pitch You Catch!,DiZzY,0-0-0,2
2011,5,253.l.71205,Donnie 'Fuck Me' Baseball,GooseRules,The Wizard,0-0-0,8,The Evil Empire,Kevo,0-0-0,3
2011,5,253.l.71205,Donnie 'Fuck Me' Baseball,Sidd Finch 9.0,Paulie,0-0-0,3,Zegster,M Z,0-0-0,10
2011,5,253.l.71205,Donnie 'Fuck Me' Baseball,Lt Dans New Legs,Dan,0-0-0,3,The DIRTY JUICE,Fat Jesus,0-0-0,11
2011,5,253.l.71205,Donnie 'Fuck Me' Baseball,AllUrBaseRBelongToUs,Nikolai Khabibulin,0-0-0,9,Queen Bee,MELISSA,0-0-0,3
2011,5,253.l.71205,Donnie 'Fuck Me' Baseball,I Pitch You Catch!,DiZzY,0-0-0,5,Asian League,Jeff,0-0-0,9
2011,6,253.l.71205,Donnie 'Fuck Me' Baseball,GooseRules,The Wizard,0-0-0,11,AllUrBaseRBelongToUs,Nikolai Khabibulin,0-0-0,3
2011,6,253.l.71205,Donnie 'Fuck Me' Baseball,Sidd Finch 9.0,Paulie,0-0-0,7,The Evil Empire,Kevo,0-0-0,6
2011,6,253.l.71205,Donnie 'Fuck Me' Baseball,Lt Dans New Legs,Dan,0-0-0,7,Zegster,M Z,0-0-0,5
2011,6,253.l.71205,Donnie 'Fuck Me' Baseball,The DIRTY JUICE,Fat Jesus,0-0-0,7,Asian League,Jeff,0-0-0,6
2011,6,253.l.71205,Donnie 'Fuck Me' Baseball,I Pitch You Catch!,DiZzY,0-0-0,7,Queen Bee,MELISSA,0-0-0,7
2011,7,253.l.71205,Donnie 'Fuck Me' Baseball,GooseRules,The Wizard,0-0-0,6,I Pitch You Catch!,DiZzY,0-0-0,5
2011,7,253.l.71205,Donnie 'Fuck Me' Baseball,Sidd Finch 9.0,Paulie,0-0-0,7,AllUrBaseRBelongToUs,Nikolai Khabibulin,0-0-0,6
2011,7,253.l.71205,Donnie 'Fuck Me' Baseball,Lt Dans New Legs,Dan,0-0-0,4,The Evil Empire,Kevo,0-0-0,10
2011,7,253.l.71205,Donnie 'Fuck Me' Baseball,The DIRTY JUICE,Fat Jesus,0-0-0,5,Zegster,M Z,0-0-0,7
2011,7,253.l.71205,Donnie 'Fuck Me' Baseball,Queen Bee,MELISSA,0-0-0,7,Asian League,Jeff,0-0-0,7
2011,8,253.l.71205,Donnie 'Fuck Me' Baseball,GooseRules,The Wizard,0-0-0,6,Queen Bee,MELISSA,0-0-0,8
2011,8,253.l.71205,Donnie 'Fuck Me' Baseball,Sidd Finch 9.0,Paulie,0-0-0,5,I Pitch You Catch!,DiZzY,0-0-0,9
2011,8,253.l.71205,Donnie 'Fuck Me' Baseball,Lt Dans New Legs,Dan,0-0-0,10,AllUrBaseRBelongToUs,Nikolai Khabibulin,0-0-0,4
2011,8,253.l.71205,Donnie 'Fuck Me' Baseball,The DIRTY JUICE,Fat Jesus,0-0-0,2,The Evil Empire,Kevo,0-0-0,9
2011,8,253.l.71205,Donnie 'Fuck Me' Baseball,Zegster,M Z,0-0-0,3,Asian League,Jeff,0-0-0,9
2011,9,253.l.71205,Donnie 'Fuck Me' Baseball,GooseRules,The Wizard,0-0-0,9,Asian League,Jeff,0-0-0,4
2011,9,253.l.71205,Donnie 'Fuck Me' Baseball,Sidd Finch 9.0,Paulie,0-0-0,4,Queen Bee,MELISSA,0-0-0,10
2011,9,253.l.71205,Donnie 'Fuck Me' Baseball,Lt Dans New Legs,Dan,0-0-0,7,I Pitch You Catch!,DiZzY,0-0-0,7
2011,9,253.l.71205,Donnie 'Fuck Me' Baseball,The DIRTY JUICE,Fat Jesus,0-0-0,3,AllUrBaseRBelongToUs,Nikolai Khabibulin,0-0-0,9
2011,9,253.l.71205,Donnie 'Fuck Me' Baseball,Zegster,M Z,0-0-0,1,The Evil Empire,Kevo,0-0-0,12
2011,10,253.l.71205,Donnie 'Fuck Me' Baseball,GooseRules,The Wizard,0-0-0,8,Sidd Finch 9.0,Paulie,0-0-0,3
2011,10,253.l.71205,Donnie 'Fuck Me' Baseball,Lt Dans New Legs,Dan,0-0-0,6,Queen Bee,MELISSA,0-0-0,7
2011,10,253.l.71205,Donnie 'Fuck Me' Baseball,The DIRTY JUICE,Fat Jesus,0-0-0,7,I Pitch You Catch!,DiZzY,0-0-0,7
2011,10,253.l.71205,Donnie 'Fuck Me' Baseball,Zegster,M Z,0-0-0,5,AllUrBaseRBelongToUs,Nikolai Khabibulin,0-0-0,9
2011,10,253.l.71205,Donnie 'Fuck Me' Baseball,The Evil Empire,Kevo,0-0-0,4,Asian League,Jeff,0-0-0,9
2011,11,253.l.71205,Donnie 'Fuck Me' Baseball,GooseRules,The Wizard,0-0-0,10,Lt Dans New Legs,Dan,0-0-0,4
2011,11,253.l.71205,Donnie 'Fuck Me' Baseball,Sidd Finch 9.0,Paulie,0-0-0,9,Asian League,Jeff,0-0-0,3
2011,11,253.l.71205,Donnie 'Fuck Me' Baseball,The DIRTY JUICE,Fat Jesus,0-0-0,6,Queen Bee,MELISSA,0-0-0,7
2011,11,253.l.71205,Donnie 'Fuck Me' Baseball,Zegster,M Z,0-0-0,2,I Pitch You Catch!,DiZzY,0-0-0,10
2011,11,253.l.71205,Donnie 'Fuck Me' Baseball,The Evil Empire,Kevo,0-0-0,5,AllUrBaseRBelongToUs,Nikolai Khabibulin,0-0-0,8
2011,12,253.l.71205,Donnie 'Fuck Me' Baseball,GooseRules,The Wizard,0-0-0,7,The DIRTY JUICE,Fat Jesus,0-0-0,7
2011,12,253.l.71205,Donnie 'Fuck Me' Baseball,Sidd Finch 9.0,Paulie,0-0-0,7,Lt Dans New Legs,Dan,0-0-0,6
2011,12,253.l.71205,Donnie 'Fuck Me' Baseball,Zegster,M Z,0-0-0,5,Queen Bee,MELISSA,0-0-0,5
2011,12,253.l.71205,Donnie 'Fuck Me' Baseball,The Evil Empire,Kevo,0-0-0,4,I Pitch You Catch!,DiZzY,0-0-0,8
2011,12,253.l.71205,Donnie 'Fuck Me' Baseball,AllUrBaseRBelongToUs,Nikolai Khabibulin,0-0-0,9,Asian League,Jeff,0-0-0,4
2011,13,253.l.71205,Donnie 'Fuck Me' Baseball,GooseRules,The Wizard,0-0-0,9,Zegster,M Z,0-0-0,3
2011,13,253.l.71205,Donnie 'Fuck Me' Baseball,Sidd Finch 9.0,Paulie,0-0-0,7,The DIRTY JUICE,Fat Jesus,0-0-0,6
2011,13,253.l.71205,Donnie 'Fuck Me' Baseball,Lt Dans New Legs,Dan,0-0-0,7,Asian League,Jeff,0-0-0,5
2011,13,253.l.71205,Donnie 'Fuck Me' Baseball,The Evil Empire,Kevo,0-0-0,4,Queen Bee,MELISSA,0-0-0,9
2011,13,253.l.71205,Donnie 'Fuck Me' Baseball,AllUrBaseRBelongToUs,Nikolai Khabibulin,0-0-0,13,I Pitch You Catch!,DiZzY,0-0-0,1
2011,14,253.l.71205,Donnie 'Fuck Me' Baseball,GooseRules,The Wizard,0-0-0,10,The Evil Empire,Kevo,0-0-0,4
2011,14,253.l.71205,Donnie 'Fuck Me' Baseball,Sidd Finch 9.0,Paulie,0-0-0,5,Zegster,M Z,0-0-0,7
2011,14,253.l.71205,Donnie 'Fuck Me' Baseball,Lt Dans New Legs,Dan,0-0-0,3,The DIRTY JUICE,Fat Jesus,0-0-0,9
2011,14,253.l.71205,Donnie 'Fuck Me' Baseball,AllUrBaseRBelongToUs,Nikolai Khabibulin,0-0-0,4,Queen Bee,MELISSA,0-0-0,10
2011,14,253.l.71205,Donnie 'Fuck Me' Baseball,I Pitch You Catch!,DiZzY,0-0-0,6,Asian League,Jeff,0-0-0,6
2011,15,253.l.71205,Donnie 'Fuck Me' Baseball,GooseRules,The Wizard,0-0-0,9,AllUrBaseRBelongToUs,Nikolai Khabibulin,0-0-0,5
2011,15,253.l.71205,Donnie 'Fuck Me' Baseball,Sidd Finch 9.0,Paulie,0-0-0,9,The Evil Empire,Kevo,0-0-0,4
2011,15,253.l.71205,Donnie 'Fuck Me' Baseball,Lt Dans New Legs,Dan,0-0-0,5,Zegster,M Z,0-0-0,5
2011,15,253.l.71205,Donnie 'Fuck Me' Baseball,The DIRTY JUICE,Fat Jesus,0-0-0,7,Asian League,Jeff,0-0-0,6
2011,15,253.l.71205,Donnie 'Fuck Me' Baseball,I Pitch You Catch!,DiZzY,0-0-0,4,Queen Bee,MELISSA,0-0-0,8
2011,16,253.l.71205,Donnie 'Fuck Me' Baseball,GooseRules,The Wizard,0-0-0,11,I Pitch You Catch!,DiZzY,0-0-0,3
2011,16,253.l.71205,Donnie 'Fuck Me' Baseball,Sidd Finch 9.0,Paulie,0-0-0,4,AllUrBaseRBelongToUs,Nikolai Khabibulin,0-0-0,10
2011,16,253.l.71205,Donnie 'Fuck Me' Baseball,Lt Dans New Legs,Dan,0-0-0,6,The Evil Empire,Kevo,0-0-0,8
2011,16,253.l.71205,Donnie 'Fuck Me' Baseball,The DIRTY JUICE,Fat Jesus,0-0-0,5,Zegster,M Z,0-0-0,8
2011,16,253.l.71205,Donnie 'Fuck Me' Baseball,Queen Bee,MELISSA,0-0-0,7,Asian League,Jeff,0-0-0,5
2011,17,253.l.71205,Donnie 'Fuck Me' Baseball,GooseRules,The Wizard,0-0-0,6,Queen Bee,MELISSA,0-0-0,8
2011,17,253.l.71205,Donnie 'Fuck Me' Baseball,Sidd Finch 9.0,Paulie,0-0-0,9,I Pitch You Catch!,DiZzY,0-0-0,4
2011,17,253.l.71205,Donnie 'Fuck Me' Baseball,Lt Dans New Legs,Dan,0-0-0,7,AllUrBaseRBelongToUs,Nikolai Khabibulin,0-0-0,7
2011,17,253.l.71205,Donnie 'Fuck Me' Baseball,The DIRTY JUICE,Fat Jesus,0-0-0,6,The Evil Empire,Kevo,0-0-0,5
2011,17,253.l.71205,Donnie 'Fuck Me' Baseball,Zegster,M Z,0-0-0,9,Asian League,Jeff,0-0-0,5
2011,18,253.l.71205,Donnie 'Fuck Me' Baseball,GooseRules,The Wizard,0-0-0,6,Asian League,Jeff,0-0-0,7
2011,18,253.l.71205,Donnie 'Fuck Me' Baseball,Sidd Finch 9.0,Paulie,0-0-0,5,Queen Bee,MELISSA,0-0-0,9
2011,18,253.l.71205,Donnie 'Fuck Me' Baseball,Lt Dans New Legs,Dan,0-0-0,6,I Pitch You Catch!,DiZzY,0-0-0,7
2011,18,253.l.71205,Donnie 'Fuck Me' Baseball,The DIRTY JUICE,Fat Jesus,0-0-0,1,AllUrBaseRBelongToUs,Nikolai Khabibulin,0-0-0,13
2011,18,253.l.71205,Donnie 'Fuck Me' Baseball,Zegster,M Z,0-0-0,10,The Evil Empire,Kevo,0-0-0,4
2011,19,253.l.71205,Donnie 'Fuck Me' Baseball,GooseRules,The Wizard,0-0-0,6,Sidd Finch 9.0,Paulie,0-0-0,6
2011,19,253.l.71205,Donnie 'Fuck Me' Baseball,Lt Dans New Legs,Dan,0-0-0,5,Queen Bee,MELISSA,0-0-0,8
2011,19,253.l.71205,Donnie 'Fuck Me' Baseball,The DIRTY JUICE,Fat Jesus,0-0-0,4,I Pitch You Catch!,DiZzY,0-0-0,9
2011,19,253.l.71205,Donnie 'Fuck Me' Baseball,Zegster,M Z,0-0-0,6,AllUrBaseRBelongToUs,Nikolai Khabibulin,0-0-0,7
2011,19,253.l.71205,Donnie 'Fuck Me' Baseball,The Evil Empire,Kevo,0-0-0,7,Asian League,Jeff,0-0-0,3
2011,20,253.l.71205,Donnie 'Fuck Me' Baseball,GooseRules,The Wizard,0-0-0,12,Lt Dans New Legs,Dan,0-0-0,0
2011,20,253.l.71205,Donnie 'Fuck Me' Baseball,Sidd Finch 9.0,Paulie,0-0-0,6,Asian League,Jeff,0-0-0,8
2011,20,253.l.71205,Donnie 'Fuck Me' Baseball,The DIRTY JUICE,Fat Jesus,0-0-0,3,Queen Bee,MELISSA,0-0-0,10
2011,20,253.l.71205,Donnie 'Fuck Me' Baseball,Zegster,M Z,0-0-0,9,I Pitch You Catch!,DiZzY,0-0-0,3
2011,20,253.l.71205,Donnie 'Fuck Me' Baseball,The Evil Empire,Kevo,0-0-0,6,AllUrBaseRBelongToUs,Nikolai Khabibulin,0-0-0,5
2011,21,253.l.71205,Donnie 'Fuck Me' Baseball,GooseRules,The Wizard,0-0-0,7,The DIRTY JUICE,Fat Jesus,0-0-0,6
2011,21,253.l.71205,Donnie 'Fuck Me' Baseball,Sidd Finch 9.0,Paulie,0-0-0,10,Lt Dans New Legs,Dan,0-0-0,3
2011,21,253.l.71205,Donnie 'Fuck Me' Baseball,Zegster,M Z,0-0-0,4,Queen Bee,MELISSA,0-0-0,10
2011,21,253.l.71205,Donnie 'Fuck Me' Baseball,The Evil Empire,Kevo,0-0-0,5,I Pitch You Catch!,DiZzY,0-0-0,9
2011,21,253.l.71205,Donnie 'Fuck Me' Baseball,AllUrBaseRBelongToUs,Nikolai Khabibulin,0-0-0,6,Asian League,Jeff,0-0-0,8
2011,22,253.l.71205,Donnie 'Fuck Me' Baseball,GooseRules,The Wizard,0-0-0,8,Zegster,M Z,0-0-0,6
2011,22,253.l.71205,Donnie 'Fuck Me' Baseball,Sidd Finch 9.0,Paulie,0-0-0,7,The DIRTY JUICE,Fat Jesus,0-0-0,6
2011,22,253.l.71205,Donnie 'Fuck Me' Baseball,Lt Dans New Legs,Dan,0-0-0,6,Asian League,Jeff,0-0-0,7
2011,22,253.l.71205,Donnie 'Fuck Me' Baseball,The Evil Empire,Kevo,0-0-0,4,Queen Bee,MELISSA,0-0-0,9
2011,22,253.l.71205,Donnie 'Fuck Me' Baseball,AllUrBaseRBelongToUs,Nikolai Khabibulin,0-0-0,6,I Pitch You Catch!,DiZzY,0-0-0,4
2011,23,253.l.71205,Donnie 'Fuck Me' Baseball,Sidd Finch 9.0,Paulie,0-0-0,6,The Evil Empire,Kevo,0-0-0,8
2011,23,253.l.71205,Donnie 'Fuck Me' Baseball,Zegster,M Z,0-0-0,3,Queen Bee,MELISSA,0-0-0,11
2011,24,253.l.71205,Donnie 'Fuck Me' Baseball,GooseRules,The Wizard,0-0-0,10,The Evil Empire,Kevo,0-0-0,3
2011,24,253.l.71205,Donnie 'Fuck Me' Baseball,Sidd Finch 9.0,Paulie,0-0-0,6,Zegster,M Z,0-0-0,8
2011,24,253.l.71205,Donnie 'Fuck Me' Baseball,Lt Dans New Legs,Dan,0-0-0,9,Asian League,Jeff,0-0-0,4
2011,24,253.l.71205,Donnie 'Fuck Me' Baseball,The DIRTY JUICE,Fat Jesus,0-0-0,1,I Pitch You Catch!,DiZzY,0-0-0,13
2011,24,253.l.71205,Donnie 'Fuck Me' Baseball,AllUrBaseRBelongToUs,Nikolai Khabibulin,0-0-0,7,Queen Bee,MELISSA,0-0-0,7
2011,25,253.l.71205,Donnie 'Fuck Me' Baseball,GooseRules,The Wizard,0-0-0,8,AllUrBaseRBelongToUs,Nikolai Khabibulin,0-0-0,5
2011,25,253.l.71205,Donnie 'Fuck Me' Baseball,Lt Dans New Legs,Dan,0-0-0,4,I Pitch You Catch!,DiZzY,0-0-0,10
2011,25,253.l.71205,Donnie 'Fuck Me' Baseball,The DIRTY JUICE,Fat Jesus,0-0-0,8,Asian League,Jeff,0-0-0,5
2011,25,253.l.71205,Donnie 'Fuck Me' Baseball,The Evil Empire,Kevo,0-0-0,9,Queen Bee,MELISSA,0-0-0,4
2012,1,268.l.108096,You wanna take his face off?,Nic Cage Fan,Dan,0-0-0,6,Zegster,M Z,0-0-0,4
2012,1,268.l.108096,You wanna take his face off?,Assbags,Baby..I&#39;m gonna butter your bread,0-0-0,1,The Wild Things,MojoHusker,0-0-0,9
2012,1,268.l.108096,You wanna take his face off?,Meatty Matty,Meatty,0-0-0,7,Isotopes,--hidden--,0-0-0,4
2012,1,268.l.108096,You wanna take his face off?,The Evil Empire,Kevo,0-0-0,5,B B Bird Is The Word,Nikolai Khabibulin,0-0-0,4
2012,1,268.l.108096,You wanna take his face off?,happ useenmybaseball,Jambalaya,0-0-0,8,Funky Cold Mussina,Paulie,0-0-0,3
2012,2,268.l.108096,You wanna take his face off?,Nic Cage Fan,Dan,0-0-0,2,Assbags,Baby..I&#39;m gonna butter your bread,0-0-0,8
2012,2,268.l.108096,You wanna take his face off?,Zegster,M Z,0-0-0,5,Funky Cold Mussina,Paulie,0-0-0,6
2012,2,268.l.108096,You wanna take his face off?,Meatty Matty,Meatty,0-0-0,0,The Wild Things,MojoHusker,0-0-0,11
2012,2,268.l.108096,You wanna take his face off?,The Evil Empire,Kevo,0-0-0,4,Isotopes,--hidden--,0-0-0,4
2012,2,268.l.108096,You wanna take his face off?,happ useenmybaseball,Jambalaya,0-0-0,5,B B Bird Is The Word,Nikolai Khabibulin,0-0-0,6
2012,3,268.l.108096,You wanna take his face off?,Nic Cage Fan,Dan,0-0-0,3,Meatty Matty,Meatty,0-0-0,8
2012,3,268.l.108096,You wanna take his face off?,Zegster,M Z,0-0-0,1,Assbags,Baby..I&#39;m gonna butter your bread,0-0-0,8
2012,3,268.l.108096,You wanna take his face off?,The Evil Empire,Kevo,0-0-0,6,The Wild Things,MojoHusker,0-0-0,4
2012,3,268.l.108096,You wanna take his face off?,happ useenmybaseball,Jambalaya,0-0-0,4,Isotopes,--hidden--,0-0-0,7
2012,3,268.l.108096,You wanna take his face off?,B B Bird Is The Word,Nikolai Khabibulin,0-0-0,6,Funky Cold Mussina,Paulie,0-0-0,5
2012,4,268.l.108096,You wanna take his face off?,Nic Cage Fan,Dan,0-0-0,3,The Evil Empire,Kevo,0-0-0,8
2012,4,268.l.108096,You wanna take his face off?,Zegster,M Z,0-0-0,4,Meatty Matty,Meatty,0-0-0,6
2012,4,268.l.108096,You wanna take his face off?,Assbags,Baby..I&#39;m gonna butter your bread,0-0-0,7,Funky Cold Mussina,Paulie,0-0-0,3
2012,4,268.l.108096,You wanna take his face off?,happ useenmybaseball,Jambalaya,0-0-0,4,The Wild Things,MojoHusker,0-0-0,7
2012,4,268.l.108096,You wanna take his face off?,B B Bird Is The Word,Nikolai Khabibulin,0-0-0,8,Isotopes,--hidden--,0-0-0,3
2012,5,268.l.108096,You wanna take his face off?,Nic Cage Fan,Dan,0-0-0,4,happ useenmybaseball,Jambalaya,0-0-0,6
2012,5,268.l.108096,You wanna take his face off?,Zegster,M Z,0-0-0,6,The Evil Empire,Kevo,0-0-0,5
2012,5,268.l.108096,You wanna take his face off?,Assbags,Baby..I&#39;m gonna butter your bread,0-0-0,5,Meatty Matty,Meatty,0-0-0,6
2012,5,268.l.108096,You wanna take his face off?,B B Bird Is The Word,Nikolai Khabibulin,0-0-0,6,The Wild Things,MojoHusker,0-0-0,5
2012,5,268.l.108096,You wanna take his face off?,Isotopes,--hidden--,0-0-0,5,Funky Cold Mussina,Paulie,0-0-0,6
2012,6,268.l.108096,You wanna take his face off?,Nic Cage Fan,Dan,0-0-0,4,B B Bird Is The Word,Nikolai Khabibulin,0-0-0,6
2012,6,268.l.108096,You wanna take his face off?,Zegster,M Z,0-0-0,6,happ useenmybaseball,Jambalaya,0-0-0,5
2012,6,268.l.108096,You wanna take his face off?,Assbags,Baby..I&#39;m gonna butter your bread,0-0-0,5,The Evil Empire,Kevo,0-0-0,6
2012,6,268.l.108096,You wanna take his face off?,Meatty Matty,Meatty,0-0-0,7,Funky Cold Mussina,Paulie,0-0-0,3
2012,6,268.l.108096,You wanna take his face off?,Isotopes,--hidden--,0-0-0,6,The Wild Things,MojoHusker,0-0-0,4
2012,7,268.l.108096,You wanna take his face off?,Nic Cage Fan,Dan,0-0-0,2,Isotopes,--hidden--,0-0-0,9
2012,7,268.l.108096,You wanna take his face off?,Zegster,M Z,0-0-0,2,B B Bird Is The Word,Nikolai Khabibulin,0-0-0,9
2012,7,268.l.108096,You wanna take his face off?,Assbags,Baby..I&#39;m gonna butter your bread,0-0-0,2,happ useenmybaseball,Jambalaya,0-0-0,9
2012,7,268.l.108096,You wanna take his face off?,Meatty Matty,Meatty,0-0-0,6,The Evil Empire,Kevo,0-0-0,5
2012,7,268.l.108096,You wanna take his face off?,The Wild Things,MojoHusker,0-0-0,7,Funky Cold Mussina,Paulie,0-0-0,4
2012,8,268.l.108096,You wanna take his face off?,Nic Cage Fan,Dan,0-0-0,6,The Wild Things,MojoHusker,0-0-0,5
2012,8,268.l.108096,You wanna take his face off?,Zegster,M Z,0-0-0,1,Isotopes,--hidden--,0-0-0,10
2012,8,268.l.108096,You wanna take his face off?,Assbags,Baby..I&#39;m gonna butter your bread,0-0-0,6,B B Bird Is The Word,Nikolai Khabibulin,0-0-0,4
2012,8,268.l.108096,You wanna take his face off?,Meatty Matty,Meatty,0-0-0,2,happ useenmybaseball,Jambalaya,0-0-0,9
2012,8,268.l.108096,You wanna take his face off?,The Evil Empire,Kevo,0-0-0,5,Funky Cold Mussina,Paulie,0-0-0,5
2012,9,268.l.108096,You wanna take his face off?,Nic Cage Fan,Dan,0-0-0,3,Funky Cold Mussina,Paulie,0-0-0,7
2012,9,268.l.108096,You wanna take his face off?,Zegster,M Z,0-0-0,3,The Wild Things,MojoHusker,0-0-0,8
2012,9,268.l.108096,You wanna take his face off?,Assbags,Baby..I&#39;m gonna butter your bread,0-0-0,6,Isotopes,--hidden--,0-0-0,5
2012,9,268.l.108096,You wanna take his face off?,Meatty Matty,Meatty,0-0-0,6,B B Bird Is The Word,Nikolai Khabibulin,0-0-0,4
2012,9,268.l.108096,You wanna take his face off?,The Evil Empire,Kevo,0-0-0,0,happ useenmybaseball,Jambalaya,0-0-0,10
2012,10,268.l.108096,You wanna take his face off?,Nic Cage Fan,Dan,0-0-0,3,Zegster,M Z,0-0-0,8
2012,10,268.l.108096,You wanna take his face off?,Assbags,Baby..I&#39;m gonna butter your bread,0-0-0,0,The Wild Things,MojoHusker,0-0-0,10
2012,10,268.l.108096,You wanna take his face off?,Meatty Matty,Meatty,0-0-0,5,Isotopes,--hidden--,0-0-0,5
2012,10,268.l.108096,You wanna take his face off?,The Evil Empire,Kevo,0-0-0,2,B B Bird Is The Word,Nikolai Khabibulin,0-0-0,9
2012,10,268.l.108096,You wanna take his face off?,happ useenmybaseball,Jambalaya,0-0-0,11,Funky Cold Mussina,Paulie,0-0-0,0
2012,11,268.l.108096,You wanna take his face off?,Nic Cage Fan,Dan,0-0-0,7,Assbags,Baby..I&#39;m gonna butter your bread,0-0-0,3
2012,11,268.l.108096,You wanna take his face off?,Zegster,M Z,0-0-0,6,Funky Cold Mussina,Paulie,0-0-0,3
2012,11,268.l.108096,You wanna take his face off?,Meatty Matty,Meatty,0-0-0,2,The Wild Things,MojoHusker,0-0-0,8
2012,11,268.l.108096,You wanna take his face off?,The Evil Empire,Kevo,0-0-0,2,Isotopes,--hidden--,0-0-0,9
2012,11,268.l.108096,You wanna take his face off?,happ useenmybaseball,Jambalaya,0-0-0,4,B B Bird Is The Word,Nikolai Khabibulin,0-0-0,6
2012,12,268.l.108096,You wanna take his face off?,Nic Cage Fan,Dan,0-0-0,5,Meatty Matty,Meatty,0-0-0,5
2012,12,268.l.108096,You wanna take his face off?,Zegster,M Z,0-0-0,3,Assbags,Baby..I&#39;m gonna butter your bread,0-0-0,7
2012,12,268.l.108096,You wanna take his face off?,The Evil Empire,Kevo,0-0-0,7,The Wild Things,MojoHusker,0-0-0,4
2012,12,268.l.108096,You wanna take his face off?,happ useenmybaseball,Jambalaya,0-0-0,6,Isotopes,--hidden--,0-0-0,5
2012,12,268.l.108096,You wanna take his face off?,B B Bird Is The Word,Nikolai Khabibulin,0-0-0,11,Funky Cold Mussina,Paulie,0-0-0,0
2012,13,268.l.108096,You wanna take his face off?,Nic Cage Fan,Dan,0-0-0,3,The Evil Empire,Kevo,0-0-0,8
2012,13,268.l.108096,You wanna take his face off?,Zegster,M Z,0-0-0,2,Meatty Matty,Meatty,0-0-0,8
2012,13,268.l.108096,You wanna take his face off?,Assbags,Baby..I&#39;m gonna butter your bread,0-0-0,11,Funky Cold Mussina,Paulie,0-0-0,0
2012,13,268.l.108096,You wanna take his face off?,happ useenmybaseball,Jambalaya,0-0-0,2,The Wild Things,MojoHusker,0-0-0,9
2012,13,268.l.108096,You wanna take his face off?,B B Bird Is The Word,Nikolai Khabibulin,0-0-0,6,Isotopes,--hidden--,0-0-0,4
2012,14,268.l.108096,You wanna take his face off?,Nic Cage Fan,Dan,0-0-0,4,happ useenmybaseball,Jambalaya,0-0-0,6
2012,14,268.l.108096,You wanna take his face off?,Zegster,M Z,0-0-0,5,The Evil Empire,Kevo,0-0-0,6
2012,14,268.l.108096,You wanna take his face off?,Assbags,Baby..I&#39;m gonna butter your bread,0-0-0,4,Meatty Matty,Meatty,0-0-0,6
2012,14,268.l.108096,You wanna take his face off?,B B Bird Is The Word,Nikolai Khabibulin,0-0-0,5,The Wild Things,MojoHusker,0-0-0,6
2012,14,268.l.108096,You wanna take his face off?,Isotopes,--hidden--,0-0-0,9,Funky Cold Mussina,Paulie,0-0-0,1
2012,15,268.l.108096,You wanna take his face off?,Nic Cage Fan,Dan,0-0-0,1,B B Bird Is The Word,Nikolai Khabibulin,0-0-0,9
2012,15,268.l.108096,You wanna take his face off?,Zegster,M Z,0-0-0,3,happ useenmybaseball,Jambalaya,0-0-0,8
2012,15,268.l.108096,You wanna take his face off?,Assbags,Baby..I&#39;m gonna butter your bread,0-0-0,3,The Evil Empire,Kevo,0-0-0,7
2012,15,268.l.108096,You wanna take his face off?,Meatty Matty,Meatty,0-0-0,9,Funky Cold Mussina,Paulie,0-0-0,1
2012,15,268.l.108096,You wanna take his face off?,Isotopes,--hidden--,0-0-0,2,The Wild Things,MojoHusker,0-0-0,9
2012,16,268.l.108096,You wanna take his face off?,Nic Cage Fan,Dan,0-0-0,7,Isotopes,--hidden--,0-0-0,3
2012,16,268.l.108096,You wanna take his face off?,Zegster,M Z,0-0-0,6,B B Bird Is The Word,Nikolai Khabibulin,0-0-0,5
2012,16,268.l.108096,You wanna take his face off?,Assbags,Baby..I&#39;m gonna butter your bread,0-0-0,7,happ useenmybaseball,Jambalaya,0-0-0,4
2012,16,268.l.108096,You wanna take his face off?,Meatty Matty,Meatty,0-0-0,7,The Evil Empire,Kevo,0-0-0,3
2012,16,268.l.108096,You wanna take his face off?,The Wild Things,MojoHusker,0-0-0,9,Funky Cold Mussina,Paulie,0-0-0,2
2012,17,268.l.108096,You wanna take his face off?,Nic Cage Fan,Dan,0-0-0,1,The Wild Things,MojoHusker,0-0-0,9
2012,17,268.l.108096,You wanna take his face off?,Zegster,M Z,0-0-0,2,Isotopes,--hidden--,0-0-0,9
2012,17,268.l.108096,You wanna take his face off?,Assbags,Baby..I&#39;m gonna butter your bread,0-0-0,6,B B Bird Is The Word,Nikolai Khabibulin,0-0-0,5
2012,17,268.l.108096,You wanna take his face off?,Meatty Matty,Meatty,0-0-0,6,happ useenmybaseball,Jambalaya,0-0-0,5
2012,17,268.l.108096,You wanna take his face off?,The Evil Empire,Kevo,0-0-0,9,Funky Cold Mussina,Paulie,0-0-0,1
2012,18,268.l.108096,You wanna take his face off?,Nic Cage Fan,Dan,0-0-0,4,Funky Cold Mussina,Paulie,0-0-0,7
2012,18,268.l.108096,You wanna take his face off?,Zegster,M Z,0-0-0,0,The Wild Things,MojoHusker,0-0-0,10
2012,18,268.l.108096,You wanna take his face off?,Assbags,Baby..I&#39;m gonna butter your bread,0-0-0,8,Isotopes,--hidden--,0-0-0,3
2012,18,268.l.108096,You wanna take his face off?,Meatty Matty,Meatty,0-0-0,3,B B Bird Is The Word,Nikolai Khabibulin,0-0-0,8
2012,18,268.l.108096,You wanna take his face off?,The Evil Empire,Kevo,0-0-0,6,happ useenmybaseball,Jambalaya,0-0-0,5
2012,19,268.l.108096,You wanna take his face off?,Nic Cage Fan,Dan,0-0-0,5,Zegster,M Z,0-0-0,3
2012,19,268.l.108096,You wanna take his face off?,Assbags,Baby..I&#39;m gonna butter your bread,0-0-0,4,The Wild Things,MojoHusker,0-0-0,5
2012,19,268.l.108096,You wanna take his face off?,Meatty Matty,Meatty,0-0-0,2,Isotopes,--hidden--,0-0-0,9
2012,19,268.l.108096,You wanna take his face off?,The Evil Empire,Kevo,0-0-0,3,B B Bird Is The Word,Nikolai Khabibulin,0-0-0,6
2012,19,268.l.108096,You wanna take his face off?,happ useenmybaseball,Jambalaya,0-0-0,6,Funky Cold Mussina,Paulie,0-0-0,3
2012,20,268.l.108096,You wanna take his face off?,Nic Cage Fan,Dan,0-0-0,1,Assbags,Baby..I&#39;m gonna butter your bread,0-0-0,10
2012,20,268.l.108096,You wanna take his face off?,Zegster,M Z,0-0-0,10,Funky Cold Mussina,Paulie,0-0-0,1
2012,20,268.l.108096,You wanna take his face off?,Meatty Matty,Meatty,0-0-0,1,The Wild Things,MojoHusker,0-0-0,10
2012,20,268.l.108096,You wanna take his face off?,The Evil Empire,Kevo,0-0-0,3,Isotopes,--hidden--,0-0-0,7
2012,20,268.l.108096,You wanna take his face off?,happ useenmybaseball,Jambalaya,0-0-0,7,B B Bird Is The Word,Nikolai Khabibulin,0-0-0,3
2012,21,268.l.108096,You wanna take his face off?,Nic Cage Fan,Dan,0-0-0,4,Meatty Matty,Meatty,0-0-0,7
2012,21,268.l.108096,You wanna take his face off?,Zegster,M Z,0-0-0,4,Assbags,Baby..I&#39;m gonna butter your bread,0-0-0,5
2012,21,268.l.108096,You wanna take his face off?,The Evil Empire,Kevo,0-0-0,7,The Wild Things,MojoHusker,0-0-0,4
2012,21,268.l.108096,You wanna take his face off?,happ useenmybaseball,Jambalaya,0-0-0,3,Isotopes,--hidden--,0-0-0,8
2012,21,268.l.108096,You wanna take his face off?,B B Bird Is The Word,Nikolai Khabibulin,0-0-0,11,Funky Cold Mussina,Paulie,0-0-0,0
2012,22,268.l.108096,You wanna take his face off?,Nic Cage Fan,Dan,0-0-0,6,The Evil Empire,Kevo,0-0-0,5
2012,22,268.l.108096,You wanna take his face off?,Zegster,M Z,0-0-0,11,Meatty Matty,Meatty,0-0-0,0
2012,22,268.l.108096,You wanna take his face off?,Assbags,Baby..I&#39;m gonna butter your bread,0-0-0,5,Funky Cold Mussina,Paulie,0-0-0,4
2012,22,268.l.108096,You wanna take his face off?,happ useenmybaseball,Jambalaya,0-0-0,1,The Wild Things,MojoHusker,0-0-0,8
2012,22,268.l.108096,You wanna take his face off?,B B Bird Is The Word,Nikolai Khabibulin,0-0-0,10,Isotopes,--hidden--,0-0-0,0
2012,23,268.l.108096,You wanna take his face off?,Assbags,Baby..I&#39;m gonna butter your bread,0-0-0,6,Isotopes,--hidden--,0-0-0,5
2012,23,268.l.108096,You wanna take his face off?,The Evil Empire,Kevo,0-0-0,4,happ useenmybaseball,Jambalaya,0-0-0,7
2012,24,268.l.108096,You wanna take his face off?,Nic Cage Fan,Dan,0-0-0,5,Zegster,M Z,0-0-0,3
2012,24,268.l.108096,You wanna take his face off?,Assbags,Baby..I&#39;m gonna butter your bread,0-0-0,0,The Wild Things,MojoHusker,0-0-0,11
2012,24,268.l.108096,You wanna take his face off?,Meatty Matty,Meatty,0-0-0,7,Funky Cold Mussina,Paulie,0-0-0,4
2012,24,268.l.108096,You wanna take his face off?,The Evil Empire,Kevo,0-0-0,4,Isotopes,--hidden--,0-0-0,6
2012,24,268.l.108096,You wanna take his face off?,happ useenmybaseball,Jambalaya,0-0-0,4,B B Bird Is The Word,Nikolai Khabibulin,0-0-0,7
2012,25,268.l.108096,You wanna take his face off?,Nic Cage Fan,Dan,0-0-0,4,Meatty Matty,Meatty,0-0-0,7
2012,25,268.l.108096,You wanna take his face off?,Zegster,M Z,0-0-0,7,Funky Cold Mussina,Paulie,0-0-0,4
2012,25,268.l.108096,You wanna take his face off?,Assbags,Baby..I&#39;m gonna butter your bread,0-0-0,5,happ useenmybaseball,Jambalaya,0-0-0,6
2012,25,268.l.108096,You wanna take his face off?,B B Bird Is The Word,Nikolai Khabibulin,0-0-0,2,The Wild Things,MojoHusker,0-0-0,9
2012,1,268.l.27921,Kershaw = The Left Arm of God,GooseRules,The Wizard,0-0-0,6,I Pitch You Catch!,DiZzY,0-0-0,5
2012,1,268.l.27921,Kershaw = The Left Arm of God,AllUrBaseRBelongToUs,Nikolai Khabibulin,0-0-0,7,White Clay Winos,--hidden--,0-0-0,1
2012,1,268.l.27921,Kershaw = The Left Arm of God,Lt Dans New Legs,Dan,0-0-0,10,medulla oblongata,Brett,0-0-0,1
2012,1,268.l.27921,Kershaw = The Left Arm of God,The Borkers,--hidden--,0-0-0,4,Queen Bee,MELISSA,0-0-0,5
2012,1,268.l.27921,Kershaw = The Left Arm of God,The Evil Empire,Kevo,0-0-0,5,quisenberry crunch,NOBS,0-0-0,3
2012,1,268.l.27921,Kershaw = The Left Arm of God,Zegster,M Z,0-0-0,10,Sidd Finch 8.0,Paulie,0-0-0,0
2012,2,268.l.27921,Kershaw = The Left Arm of God,GooseRules,The Wizard,0-0-0,9,AllUrBaseRBelongToUs,Nikolai Khabibulin,0-0-0,2
2012,2,268.l.27921,Kershaw = The Left Arm of God,I Pitch You Catch!,DiZzY,0-0-0,5,Sidd Finch 8.0,Paulie,0-0-0,6
2012,2,268.l.27921,Kershaw = The Left Arm of God,Lt Dans New Legs,Dan,0-0-0,7,White Clay Winos,--hidden--,0-0-0,3
2012,2,268.l.27921,Kershaw = The Left Arm of God,The Borkers,--hidden--,0-0-0,8,medulla oblongata,Brett,0-0-0,3
2012,2,268.l.27921,Kershaw = The Left Arm of God,The Evil Empire,Kevo,0-0-0,4,Queen Bee,MELISSA,0-0-0,7
2012,2,268.l.27921,Kershaw = The Left Arm of God,Zegster,M Z,0-0-0,7,quisenberry crunch,NOBS,0-0-0,4
2012,3,268.l.27921,Kershaw = The Left Arm of God,GooseRules,The Wizard,0-0-0,7,Lt Dans New Legs,Dan,0-0-0,4
2012,3,268.l.27921,Kershaw = The Left Arm of God,I Pitch You Catch!,DiZzY,0-0-0,2,AllUrBaseRBelongToUs,Nikolai Khabibulin,0-0-0,9
2012,3,268.l.27921,Kershaw = The Left Arm of God,The Borkers,--hidden--,0-0-0,5,White Clay Winos,--hidden--,0-0-0,6
2012,3,268.l.27921,Kershaw = The Left Arm of God,The Evil Empire,Kevo,0-0-0,6,medulla oblongata,Brett,0-0-0,3
2012,3,268.l.27921,Kershaw = The Left Arm of God,Zegster,M Z,0-0-0,3,Queen Bee,MELISSA,0-0-0,9
2012,3,268.l.27921,Kershaw = The Left Arm of God,quisenberry crunch,NOBS,0-0-0,5,Sidd Finch 8.0,Paulie,0-0-0,6
2012,4,268.l.27921,Kershaw = The Left Arm of God,GooseRules,The Wizard,0-0-0,9,The Borkers,--hidden--,0-0-0,3
2012,4,268.l.27921,Kershaw = The Left Arm of God,I Pitch You Catch!,DiZzY,0-0-0,8,Lt Dans New Legs,Dan,0-0-0,4
2012,4,268.l.27921,Kershaw = The Left Arm of God,AllUrBaseRBelongToUs,Nikolai Khabibulin,0-0-0,9,Sidd Finch 8.0,Paulie,0-0-0,1
2012,4,268.l.27921,Kershaw = The Left Arm of God,The Evil Empire,Kevo,0-0-0,6,White Clay Winos,--hidden--,0-0-0,4
2012,4,268.l.27921,Kershaw = The Left Arm of God,Zegster,M Z,0-0-0,3,medulla oblongata,Brett,0-0-0,6
2012,4,268.l.27921,Kershaw = The Left Arm of God,quisenberry crunch,NOBS,0-0-0,4,Queen Bee,MELISSA,0-0-0,5
2012,5,268.l.27921,Kershaw = The Left Arm of God,GooseRules,The Wizard,0-0-0,6,The Evil Empire,Kevo,0-0-0,3
2012,5,268.l.27921,Kershaw = The Left Arm of God,I Pitch You Catch!,DiZzY,0-0-0,5,The Borkers,--hidden--,0-0-0,6
2012,5,268.l.27921,Kershaw = The Left Arm of God,AllUrBaseRBelongToUs,Nikolai Khabibulin,0-0-0,6,Lt Dans New Legs,Dan,0-0-0,4
2012,5,268.l.27921,Kershaw = The Left Arm of God,Zegster,M Z,0-0-0,8,White Clay Winos,--hidden--,0-0-0,3
2012,5,268.l.27921,Kershaw = The Left Arm of God,quisenberry crunch,NOBS,0-0-0,7,medulla oblongata,Brett,0-0-0,3
2012,5,268.l.27921,Kershaw = The Left Arm of God,Queen Bee,MELISSA,0-0-0,7,Sidd Finch 8.0,Paulie,0-0-0,5
2012,6,268.l.27921,Kershaw = The Left Arm of God,GooseRules,The Wizard,0-0-0,4,Zegster,M Z,0-0-0,6
2012,6,268.l.27921,Kershaw = The Left Arm of God,I Pitch You Catch!,DiZzY,0-0-0,6,The Evil Empire,Kevo,0-0-0,4
2012,6,268.l.27921,Kershaw = The Left Arm of God,AllUrBaseRBelongToUs,Nikolai Khabibulin,0-0-0,4,The Borkers,--hidden--,0-0-0,7
2012,6,268.l.27921,Kershaw = The Left Arm of God,Lt Dans New Legs,Dan,0-0-0,8,Sidd Finch 8.0,Paulie,0-0-0,3
2012,6,268.l.27921,Kershaw = The Left Arm of God,quisenberry crunch,NOBS,0-0-0,5,White Clay Winos,--hidden--,0-0-0,5
2012,6,268.l.27921,Kershaw = The Left Arm of God,Queen Bee,MELISSA,0-0-0,8,medulla oblongata,Brett,0-0-0,3
2012,7,268.l.27921,Kershaw = The Left Arm of God,GooseRules,The Wizard,0-0-0,4,quisenberry crunch,NOBS,0-0-0,7
2012,7,268.l.27921,Kershaw = The Left Arm of God,I Pitch You Catch!,DiZzY,0-0-0,6,Zegster,M Z,0-0-0,4
2012,7,268.l.27921,Kershaw = The Left Arm of God,AllUrBaseRBelongToUs,Nikolai Khabibulin,0-0-0,7,The Evil Empire,Kevo,0-0-0,2
2012,7,268.l.27921,Kershaw = The Left Arm of God,Lt Dans New Legs,Dan,0-0-0,8,The Borkers,--hidden--,0-0-0,4
2012,7,268.l.27921,Kershaw = The Left Arm of God,Queen Bee,MELISSA,0-0-0,9,White Clay Winos,--hidden--,0-0-0,3
2012,7,268.l.27921,Kershaw = The Left Arm of God,medulla oblongata,Brett,0-0-0,6,Sidd Finch 8.0,Paulie,0-0-0,4
2012,8,268.l.27921,Kershaw = The Left Arm of God,GooseRules,The Wizard,0-0-0,6,Queen Bee,MELISSA,0-0-0,4
2012,8,268.l.27921,Kershaw = The Left Arm of God,I Pitch You Catch!,DiZzY,0-0-0,1,quisenberry crunch,NOBS,0-0-0,9
2012,8,268.l.27921,Kershaw = The Left Arm of God,AllUrBaseRBelongToUs,Nikolai Khabibulin,0-0-0,4,Zegster,M Z,0-0-0,8
2012,8,268.l.27921,Kershaw = The Left Arm of God,Lt Dans New Legs,Dan,0-0-0,1,The Evil Empire,Kevo,0-0-0,8
2012,8,268.l.27921,Kershaw = The Left Arm of God,The Borkers,--hidden--,0-0-0,2,Sidd Finch 8.0,Paulie,0-0-0,8
2012,8,268.l.27921,Kershaw = The Left Arm of God,medulla oblongata,Brett,0-0-0,6,White Clay Winos,--hidden--,0-0-0,5
2012,9,268.l.27921,Kershaw = The Left Arm of God,GooseRules,The Wizard,0-0-0,4,medulla oblongata,Brett,0-0-0,7
2012,9,268.l.27921,Kershaw = The Left Arm of God,I Pitch You Catch!,DiZzY,0-0-0,4,Queen Bee,MELISSA,0-0-0,6
2012,9,268.l.27921,Kershaw = The Left Arm of God,AllUrBaseRBelongToUs,Nikolai Khabibulin,0-0-0,8,quisenberry crunch,NOBS,0-0-0,4
2012,9,268.l.27921,Kershaw = The Left Arm of God,Lt Dans New Legs,Dan,0-0-0,8,Zegster,M Z,0-0-0,1
2012,9,268.l.27921,Kershaw = The Left Arm of God,The Borkers,--hidden--,0-0-0,6,The Evil Empire,Kevo,0-0-0,3
2012,9,268.l.27921,Kershaw = The Left Arm of God,White Clay Winos,--hidden--,0-0-0,3,Sidd Finch 8.0,Paulie,0-0-0,6
2012,10,268.l.27921,Kershaw = The Left Arm of God,GooseRules,The Wizard,0-0-0,6,White Clay Winos,--hidden--,0-0-0,4
2012,10,268.l.27921,Kershaw = The Left Arm of God,I Pitch You Catch!,DiZzY,0-0-0,5,medulla oblongata,Brett,0-0-0,5
2012,10,268.l.27921,Kershaw = The Left Arm of God,AllUrBaseRBelongToUs,Nikolai Khabibulin,0-0-0,5,Queen Bee,MELISSA,0-0-0,6
2012,10,268.l.27921,Kershaw = The Left Arm of God,Lt Dans New Legs,Dan,0-0-0,6,quisenberry crunch,NOBS,0-0-0,4
2012,10,268.l.27921,Kershaw = The Left Arm of God,The Borkers,--hidden--,0-0-0,3,Zegster,M Z,0-0-0,7
2012,10,268.l.27921,Kershaw = The Left Arm of God,The Evil Empire,Kevo,0-0-0,1,Sidd Finch 8.0,Paulie,0-0-0,11
2012,11,268.l.27921,Kershaw = The Left Arm of God,GooseRules,The Wizard,0-0-0,5,Sidd Finch 8.0,Paulie,0-0-0,5
2012,11,268.l.27921,Kershaw = The Left Arm of God,I Pitch You Catch!,DiZzY,0-0-0,5,White Clay Winos,--hidden--,0-0-0,7
2012,11,268.l.27921,Kershaw = The Left Arm of God,AllUrBaseRBelongToUs,Nikolai Khabibulin,0-0-0,2,medulla oblongata,Brett,0-0-0,9
2012,11,268.l.27921,Kershaw = The Left Arm of God,Lt Dans New Legs,Dan,0-0-0,4,Queen Bee,MELISSA,0-0-0,7
2012,11,268.l.27921,Kershaw = The Left Arm of God,The Borkers,--hidden--,0-0-0,10,quisenberry crunch,NOBS,0-0-0,2
2012,11,268.l.27921,Kershaw = The Left Arm of God,The Evil Empire,Kevo,0-0-0,7,Zegster,M Z,0-0-0,5
2012,12,268.l.27921,Kershaw = The Left Arm of God,GooseRules,The Wizard,0-0-0,6,I Pitch You Catch!,DiZzY,0-0-0,5
2012,12,268.l.27921,Kershaw = The Left Arm of God,AllUrBaseRBelongToUs,Nikolai Khabibulin,0-0-0,5,White Clay Winos,--hidden--,0-0-0,6
2012,12,268.l.27921,Kershaw = The Left Arm of God,Lt Dans New Legs,Dan,0-0-0,6,medulla oblongata,Brett,0-0-0,5
2012,12,268.l.27921,Kershaw = The Left Arm of God,The Borkers,--hidden--,0-0-0,6,Queen Bee,MELISSA,0-0-0,6
2012,12,268.l.27921,Kershaw = The Left Arm of God,The Evil Empire,Kevo,0-0-0,4,quisenberry crunch,NOBS,0-0-0,7
2012,12,268.l.27921,Kershaw = The Left Arm of God,Zegster,M Z,0-0-0,7,Sidd Finch 8.0,Paulie,0-0-0,4
2012,13,268.l.27921,Kershaw = The Left Arm of God,GooseRules,The Wizard,0-0-0,9,AllUrBaseRBelongToUs,Nikolai Khabibulin,0-0-0,3
2012,13,268.l.27921,Kershaw = The Left Arm of God,I Pitch You Catch!,DiZzY,0-0-0,4,Sidd Finch 8.0,Paulie,0-0-0,6
2012,13,268.l.27921,Kershaw = The Left Arm of God,Lt Dans New Legs,Dan,0-0-0,9,White Clay Winos,--hidden--,0-0-0,2
2012,13,268.l.27921,Kershaw = The Left Arm of God,The Borkers,--hidden--,0-0-0,3,medulla oblongata,Brett,0-0-0,7
2012,13,268.l.27921,Kershaw = The Left Arm of God,The Evil Empire,Kevo,0-0-0,7,Queen Bee,MELISSA,0-0-0,4
2012,13,268.l.27921,Kershaw = The Left Arm of God,Zegster,M Z,0-0-0,6,quisenberry crunch,NOBS,0-0-0,5
2012,14,268.l.27921,Kershaw = The Left Arm of God,GooseRules,The Wizard,0-0-0,8,Lt Dans New Legs,Dan,0-0-0,3
2012,14,268.l.27921,Kershaw = The Left Arm of God,I Pitch You Catch!,DiZzY,0-0-0,3,AllUrBaseRBelongToUs,Nikolai Khabibulin,0-0-0,7
2012,14,268.l.27921,Kershaw = The Left Arm of God,The Borkers,--hidden--,0-0-0,4,White Clay Winos,--hidden--,0-0-0,5
2012,14,268.l.27921,Kershaw = The Left Arm of God,The Evil Empire,Kevo,0-0-0,2,medulla oblongata,Brett,0-0-0,9
2012,14,268.l.27921,Kershaw = The Left Arm of God,Zegster,M Z,0-0-0,4,Queen Bee,MELISSA,0-0-0,6
2012,14,268.l.27921,Kershaw = The Left Arm of God,quisenberry crunch,NOBS,0-0-0,8,Sidd Finch 8.0,Paulie,0-0-0,3
2012,15,268.l.27921,Kershaw = The Left Arm of God,GooseRules,The Wizard,0-0-0,7,The Borkers,--hidden--,0-0-0,4
2012,15,268.l.27921,Kershaw = The Left Arm of God,I Pitch You Catch!,DiZzY,0-0-0,8,Lt Dans New Legs,Dan,0-0-0,2
2012,15,268.l.27921,Kershaw = The Left Arm of God,AllUrBaseRBelongToUs,Nikolai Khabibulin,0-0-0,8,Sidd Finch 8.0,Paulie,0-0-0,3
2012,15,268.l.27921,Kershaw = The Left Arm of God,The Evil Empire,Kevo,0-0-0,10,White Clay Winos,--hidden--,0-0-0,2
2012,15,268.l.27921,Kershaw = The Left Arm of God,Zegster,M Z,0-0-0,4,medulla oblongata,Brett,0-0-0,8
2012,15,268.l.27921,Kershaw = The Left Arm of God,quisenberry crunch,NOBS,0-0-0,6,Queen Bee,MELISSA,0-0-0,6
2012,16,268.l.27921,Kershaw = The Left Arm of God,GooseRules,The Wizard,0-0-0,3,The Evil Empire,Kevo,0-0-0,9
2012,16,268.l.27921,Kershaw = The Left Arm of God,I Pitch You Catch!,DiZzY,0-0-0,5,The Borkers,--hidden--,0-0-0,5
2012,16,268.l.27921,Kershaw = The Left Arm of God,AllUrBaseRBelongToUs,Nikolai Khabibulin,0-0-0,6,Lt Dans New Legs,Dan,0-0-0,4
2012,16,268.l.27921,Kershaw = The Left Arm of God,Zegster,M Z,0-0-0,3,White Clay Winos,--hidden--,0-0-0,7
2012,16,268.l.27921,Kershaw = The Left Arm of God,quisenberry crunch,NOBS,0-0-0,4,medulla oblongata,Brett,0-0-0,7
2012,16,268.l.27921,Kershaw = The Left Arm of God,Queen Bee,MELISSA,0-0-0,2,Sidd Finch 8.0,Paulie,0-0-0,8
2012,17,268.l.27921,Kershaw = The Left Arm of God,GooseRules,The Wizard,0-0-0,7,Zegster,M Z,0-0-0,3
2012,17,268.l.27921,Kershaw = The Left Arm of God,I Pitch You Catch!,DiZzY,0-0-0,7,The Evil Empire,Kevo,0-0-0,4
2012,17,268.l.27921,Kershaw = The Left Arm of God,AllUrBaseRBelongToUs,Nikolai Khabibulin,0-0-0,3,The Borkers,--hidden--,0-0-0,8
2012,17,268.l.27921,Kershaw = The Left Arm of God,Lt Dans New Legs,Dan,0-0-0,6,Sidd Finch 8.0,Paulie,0-0-0,6
2012,17,268.l.27921,Kershaw = The Left Arm of God,quisenberry crunch,NOBS,0-0-0,9,White Clay Winos,--hidden--,0-0-0,2
2012,17,268.l.27921,Kershaw = The Left Arm of God,Queen Bee,MELISSA,0-0-0,9,medulla oblongata,Brett,0-0-0,3
2012,18,268.l.27921,Kershaw = The Left Arm of God,GooseRules,The Wizard,0-0-0,5,quisenberry crunch,NOBS,0-0-0,6
2012,18,268.l.27921,Kershaw = The Left Arm of God,I Pitch You Catch!,DiZzY,0-0-0,2,Zegster,M Z,0-0-0,8
2012,18,268.l.27921,Kershaw = The Left Arm of God,AllUrBaseRBelongToUs,Nikolai Khabibulin,0-0-0,9,The Evil Empire,Kevo,0-0-0,2
2012,18,268.l.27921,Kershaw = The Left Arm of God,Lt Dans New Legs,Dan,0-0-0,7,The Borkers,--hidden--,0-0-0,5
2012,18,268.l.27921,Kershaw = The Left Arm of God,Queen Bee,MELISSA,0-0-0,8,White Clay Winos,--hidden--,0-0-0,1
2012,18,268.l.27921,Kershaw = The Left Arm of God,medulla oblongata,Brett,0-0-0,7,Sidd Finch 8.0,Paulie,0-0-0,4
2012,19,268.l.27921,Kershaw = The Left Arm of God,GooseRules,The Wizard,0-0-0,6,Queen Bee,MELISSA,0-0-0,5
2012,19,268.l.27921,Kershaw = The Left Arm of God,I Pitch You Catch!,DiZzY,0-0-0,4,quisenberry crunch,NOBS,0-0-0,8
2012,19,268.l.27921,Kershaw = The Left Arm of God,AllUrBaseRBelongToUs,Nikolai Khabibulin,0-0-0,8,Zegster,M Z,0-0-0,1
2012,19,268.l.27921,Kershaw = The Left Arm of God,Lt Dans New Legs,Dan,0-0-0,5,The Evil Empire,Kevo,0-0-0,5
2012,19,268.l.27921,Kershaw = The Left Arm of God,The Borkers,--hidden--,0-0-0,9,Sidd Finch 8.0,Paulie,0-0-0,2
2012,19,268.l.27921,Kershaw = The Left Arm of God,medulla oblongata,Brett,0-0-0,3,White Clay Winos,--hidden--,0-0-0,7
2012,20,268.l.27921,Kershaw = The Left Arm of God,GooseRules,The Wizard,0-0-0,7,medulla oblongata,Brett,0-0-0,2
2012,20,268.l.27921,Kershaw = The Left Arm of God,I Pitch You Catch!,DiZzY,0-0-0,4,Queen Bee,MELISSA,0-0-0,6
2012,20,268.l.27921,Kershaw = The Left Arm of God,AllUrBaseRBelongToUs,Nikolai Khabibulin,0-0-0,10,quisenberry crunch,NOBS,0-0-0,2
2012,20,268.l.27921,Kershaw = The Left Arm of God,Lt Dans New Legs,Dan,0-0-0,7,Zegster,M Z,0-0-0,5
2012,20,268.l.27921,Kershaw = The Left Arm of God,The Borkers,--hidden--,0-0-0,9,The Evil Empire,Kevo,0-0-0,2
2012,20,268.l.27921,Kershaw = The Left Arm of God,White Clay Winos,--hidden--,0-0-0,4,Sidd Finch 8.0,Paulie,0-0-0,6
2012,21,268.l.27921,Kershaw = The Left Arm of God,GooseRules,The Wizard,0-0-0,9,White Clay Winos,--hidden--,0-0-0,0
2012,21,268.l.27921,Kershaw = The Left Arm of God,I Pitch You Catch!,DiZzY,0-0-0,6,medulla oblongata,Brett,0-0-0,3
2012,21,268.l.27921,Kershaw = The Left Arm of God,AllUrBaseRBelongToUs,Nikolai Khabibulin,0-0-0,8,Queen Bee,MELISSA,0-0-0,4
2012,21,268.l.27921,Kershaw = The Left Arm of God,Lt Dans New Legs,Dan,0-0-0,4,quisenberry crunch,NOBS,0-0-0,7
2012,21,268.l.27921,Kershaw = The Left Arm of God,The Borkers,--hidden--,0-0-0,9,Zegster,M Z,0-0-0,3
2012,21,268.l.27921,Kershaw = The Left Arm of God,The Evil Empire,Kevo,0-0-0,7,Sidd Finch 8.0,Paulie,0-0-0,5
2012,22,268.l.27921,Kershaw = The Left Arm of God,GooseRules,The Wizard,0-0-0,5,Sidd Finch 8.0,Paulie,0-0-0,7
2012,22,268.l.27921,Kershaw = The Left Arm of God,I Pitch You Catch!,DiZzY,0-0-0,6,White Clay Winos,--hidden--,0-0-0,5
2012,22,268.l.27921,Kershaw = The Left Arm of God,AllUrBaseRBelongToUs,Nikolai Khabibulin,0-0-0,9,medulla oblongata,Brett,0-0-0,3
2012,22,268.l.27921,Kershaw = The Left Arm of God,Lt Dans New Legs,Dan,0-0-0,6,Queen Bee,MELISSA,0-0-0,4
2012,22,268.l.27921,Kershaw = The Left Arm of God,The Borkers,--hidden--,0-0-0,6,quisenberry crunch,NOBS,0-0-0,6
2012,22,268.l.27921,Kershaw = The Left Arm of God,The Evil Empire,Kevo,0-0-0,4,Zegster,M Z,0-0-0,6
2012,23,268.l.27921,Kershaw = The Left Arm of God,I Pitch You Catch!,DiZzY,0-0-0,6,The Evil Empire,Kevo,0-0-0,5
2012,23,268.l.27921,Kershaw = The Left Arm of God,Lt Dans New Legs,Dan,0-0-0,6,The Borkers,--hidden--,0-0-0,3
2012,23,268.l.27921,Kershaw = The Left Arm of God,quisenberry crunch,NOBS,0-0-0,4,Queen Bee,MELISSA,0-0-0,7
2012,23,268.l.27921,Kershaw = The Left Arm of God,White Clay Winos,--hidden--,0-0-0,7,Sidd Finch 8.0,Paulie,0-0-0,3
2012,24,268.l.27921,Kershaw = The Left Arm of God,GooseRules,The Wizard,0-0-0,4,Queen Bee,MELISSA,0-0-0,7
2012,24,268.l.27921,Kershaw = The Left Arm of God,I Pitch You Catch!,DiZzY,0-0-0,7,Zegster,M Z,0-0-0,3
2012,24,268.l.27921,Kershaw = The Left Arm of God,AllUrBaseRBelongToUs,Nikolai Khabibulin,0-0-0,9,Lt Dans New Legs,Dan,0-0-0,3
2012,24,268.l.27921,Kershaw = The Left Arm of God,The Borkers,--hidden--,0-0-0,9,quisenberry crunch,NOBS,0-0-0,1
2012,24,268.l.27921,Kershaw = The Left Arm of God,The Evil Empire,Kevo,0-0-0,7,Sidd Finch 8.0,Paulie,0-0-0,4
2012,24,268.l.27921,Kershaw = The Left Arm of God,medulla oblongata,Brett,0-0-0,8,White Clay Winos,--hidden--,0-0-0,2
2012,25,268.l.27921,Kershaw = The Left Arm of God,GooseRules,The Wizard,0-0-0,7,Lt Dans New Legs,Dan,0-0-0,4
2012,25,268.l.27921,Kershaw = The Left Arm of God,I Pitch You Catch!,DiZzY,0-0-0,6,medulla oblongata,Brett,0-0-0,5
2012,25,268.l.27921,Kershaw = The Left Arm of God,AllUrBaseRBelongToUs,Nikolai Khabibulin,0-0-0,9,Queen Bee,MELISSA,0-0-0,3
2012,25,268.l.27921,Kershaw = The Left Arm of God,Zegster,M Z,0-0-0,9,White Clay Winos,--hidden--,0-0-0,2
2013,1,308.l.8419,Dodgers a steal at 2 Billion!,GooseRules,The Wizard,0-0-0,8,Slick McWilly,Craig,0-0-0,4
2013,1,308.l.8419,Dodgers a steal at 2 Billion!,Zegster,M Z,0-0-0,5,Troutstanding,NOBS,0-0-0,4
2013,1,308.l.8419,Dodgers a steal at 2 Billion!,I Pitch You Catch!,DiZzY,0-0-0,5,The Evil Empire,Kevo,0-0-0,6
2013,1,308.l.8419,Dodgers a steal at 2 Billion!,AllUrBaseRBelongToUs,Nikolai Khabibulin,0-0-0,3,Lt Dans Better Legs,Dan,0-0-0,6
2013,1,308.l.8419,Dodgers a steal at 2 Billion!,Sidd Finch IX,Paulie,0-0-0,6,Queen Bee,MELISSA,0-0-0,5
2013,2,308.l.8419,Dodgers a steal at 2 Billion!,GooseRules,The Wizard,0-0-0,6,Zegster,M Z,0-0-0,5
2013,2,308.l.8419,Dodgers a steal at 2 Billion!,Slick McWilly,Craig,0-0-0,7,Queen Bee,MELISSA,0-0-0,5
2013,2,308.l.8419,Dodgers a steal at 2 Billion!,I Pitch You Catch!,DiZzY,0-0-0,9,Troutstanding,NOBS,0-0-0,3
2013,2,308.l.8419,Dodgers a steal at 2 Billion!,AllUrBaseRBelongToUs,Nikolai Khabibulin,0-0-0,6,The Evil Empire,Kevo,0-0-0,4
2013,2,308.l.8419,Dodgers a steal at 2 Billion!,Sidd Finch IX,Paulie,0-0-0,7,Lt Dans Better Legs,Dan,0-0-0,4
2013,3,308.l.8419,Dodgers a steal at 2 Billion!,GooseRules,The Wizard,0-0-0,6,I Pitch You Catch!,DiZzY,0-0-0,5
2013,3,308.l.8419,Dodgers a steal at 2 Billion!,Slick McWilly,Craig,0-0-0,9,Zegster,M Z,0-0-0,3
2013,3,308.l.8419,Dodgers a steal at 2 Billion!,AllUrBaseRBelongToUs,Nikolai Khabibulin,0-0-0,6,Troutstanding,NOBS,0-0-0,5
2013,3,308.l.8419,Dodgers a steal at 2 Billion!,Sidd Finch IX,Paulie,0-0-0,7,The Evil Empire,Kevo,0-0-0,4
2013,3,308.l.8419,Dodgers a steal at 2 Billion!,Lt Dans Better Legs,Dan,0-0-0,7,Queen Bee,MELISSA,0-0-0,4
2013,4,308.l.8419,Dodgers a steal at 2 Billion!,GooseRules,The Wizard,0-0-0,4,AllUrBaseRBelongToUs,Nikolai Khabibulin,0-0-0,7
2013,4,308.l.8419,Dodgers a steal at 2 Billion!,Slick McWilly,Craig,0-0-0,7,I Pitch You Catch!,DiZzY,0-0-0,4
2013,4,308.l.8419,Dodgers a steal at 2 Billion!,Zegster,M Z,0-0-0,8,Queen Bee,MELISSA,0-0-0,3
2013,4,308.l.8419,Dodgers a steal at 2 Billion!,Sidd Finch IX,Paulie,0-0-0,8,Troutstanding,NOBS,0-0-0,4
2013,4,308.l.8419,Dodgers a steal at 2 Billion!,Lt Dans Better Legs,Dan,0-0-0,5,The Evil Empire,Kevo,0-0-0,3
2013,5,308.l.8419,Dodgers a steal at 2 Billion!,GooseRules,The Wizard,0-0-0,4,Sidd Finch IX,Paulie,0-0-0,5
2013,5,308.l.8419,Dodgers a steal at 2 Billion!,Slick McWilly,Craig,0-0-0,4,AllUrBaseRBelongToUs,Nikolai Khabibulin,0-0-0,4
2013,5,308.l.8419,Dodgers a steal at 2 Billion!,Zegster,M Z,0-0-0,7,I Pitch You Catch!,DiZzY,0-0-0,3
2013,5,308.l.8419,Dodgers a steal at 2 Billion!,Lt Dans Better Legs,Dan,0-0-0,3,Troutstanding,NOBS,0-0-0,8
2013,5,308.l.8419,Dodgers a steal at 2 Billion!,The Evil Empire,Kevo,0-0-0,7,Queen Bee,MELISSA,0-0-0,4
2013,6,308.l.8419,Dodgers a steal at 2 Billion!,GooseRules,The Wizard,0-0-0,4,Lt Dans Better Legs,Dan,0-0-0,7
2013,6,308.l.8419,Dodgers a steal at 2 Billion!,Slick McWilly,Craig,0-0-0,6,Sidd Finch IX,Paulie,0-0-0,4
2013,6,308.l.8419,Dodgers a steal at 2 Billion!,Zegster,M Z,0-0-0,5,AllUrBaseRBelongToUs,Nikolai Khabibulin,0-0-0,7
2013,6,308.l.8419,Dodgers a steal at 2 Billion!,I Pitch You Catch!,DiZzY,0-0-0,3,Queen Bee,MELISSA,0-0-0,7
2013,6,308.l.8419,Dodgers a steal at 2 Billion!,The Evil Empire,Kevo,0-0-0,4,Troutstanding,NOBS,0-0-0,8
2013,7,308.l.8419,Dodgers a steal at 2 Billion!,GooseRules,The Wizard,0-0-0,8,The Evil Empire,Kevo,0-0-0,3
2013,7,308.l.8419,Dodgers a steal at 2 Billion!,Slick McWilly,Craig,0-0-0,8,Lt Dans Better Legs,Dan,0-0-0,3
2013,7,308.l.8419,Dodgers a steal at 2 Billion!,Zegster,M Z,0-0-0,5,Sidd Finch IX,Paulie,0-0-0,5
2013,7,308.l.8419,Dodgers a steal at 2 Billion!,I Pitch You Catch!,DiZzY,0-0-0,5,AllUrBaseRBelongToUs,Nikolai Khabibulin,0-0-0,5
2013,7,308.l.8419,Dodgers a steal at 2 Billion!,Troutstanding,NOBS,0-0-0,8,Queen Bee,MELISSA,0-0-0,2
2013,8,308.l.8419,Dodgers a steal at 2 Billion!,GooseRules,The Wizard,0-0-0,5,Troutstanding,NOBS,0-0-0,6
2013,8,308.l.8419,Dodgers a steal at 2 Billion!,Slick McWilly,Craig,0-0-0,9,The Evil Empire,Kevo,0-0-0,2
2013,8,308.l.8419,Dodgers a steal at 2 Billion!,Zegster,M Z,0-0-0,6,Lt Dans Better Legs,Dan,0-0-0,5
2013,8,308.l.8419,Dodgers a steal at 2 Billion!,I Pitch You Catch!,DiZzY,0-0-0,5,Sidd Finch IX,Paulie,0-0-0,7
2013,8,308.l.8419,Dodgers a steal at 2 Billion!,AllUrBaseRBelongToUs,Nikolai Khabibulin,0-0-0,8,Queen Bee,MELISSA,0-0-0,3
2013,9,308.l.8419,Dodgers a steal at 2 Billion!,GooseRules,The Wizard,0-0-0,8,Queen Bee,MELISSA,0-0-0,4
2013,9,308.l.8419,Dodgers a steal at 2 Billion!,Slick McWilly,Craig,0-0-0,2,Troutstanding,NOBS,0-0-0,10
2013,9,308.l.8419,Dodgers a steal at 2 Billion!,Zegster,M Z,0-0-0,3,The Evil Empire,Kevo,0-0-0,6
2013,9,308.l.8419,Dodgers a steal at 2 Billion!,I Pitch You Catch!,DiZzY,0-0-0,4,Lt Dans Better Legs,Dan,0-0-0,7
2013,9,308.l.8419,Dodgers a steal at 2 Billion!,AllUrBaseRBelongToUs,Nikolai Khabibulin,0-0-0,10,Sidd Finch IX,Paulie,0-0-0,2
2013,10,308.l.8419,Dodgers a steal at 2 Billion!,GooseRules,The Wizard,0-0-0,6,Slick McWilly,Craig,0-0-0,5
2013,10,308.l.8419,Dodgers a steal at 2 Billion!,Zegster,M Z,0-0-0,3,Troutstanding,NOBS,0-0-0,8
2013,10,308.l.8419,Dodgers a steal at 2 Billion!,I Pitch You Catch!,DiZzY,0-0-0,7,The Evil Empire,Kevo,0-0-0,5
2013,10,308.l.8419,Dodgers a steal at 2 Billion!,AllUrBaseRBelongToUs,Nikolai Khabibulin,0-0-0,10,Lt Dans Better Legs,Dan,0-0-0,1
2013,10,308.l.8419,Dodgers a steal at 2 Billion!,Sidd Finch IX,Paulie,0-0-0,6,Queen Bee,MELISSA,0-0-0,5
2013,11,308.l.8419,Dodgers a steal at 2 Billion!,GooseRules,The Wizard,0-0-0,5,Zegster,M Z,0-0-0,6
2013,11,308.l.8419,Dodgers a steal at 2 Billion!,Slick McWilly,Craig,0-0-0,6,Queen Bee,MELISSA,0-0-0,4
2013,11,308.l.8419,Dodgers a steal at 2 Billion!,I Pitch You Catch!,DiZzY,0-0-0,3,Troutstanding,NOBS,0-0-0,8
2013,11,308.l.8419,Dodgers a steal at 2 Billion!,AllUrBaseRBelongToUs,Nikolai Khabibulin,0-0-0,8,The Evil Empire,Kevo,0-0-0,3
2013,11,308.l.8419,Dodgers a steal at 2 Billion!,Sidd Finch IX,Paulie,0-0-0,4,Lt Dans Better Legs,Dan,0-0-0,5
2013,12,308.l.8419,Dodgers a steal at 2 Billion!,GooseRules,The Wizard,0-0-0,7,I Pitch You Catch!,DiZzY,0-0-0,3
2013,12,308.l.8419,Dodgers a steal at 2 Billion!,Slick McWilly,Craig,0-0-0,3,Zegster,M Z,0-0-0,5
2013,12,308.l.8419,Dodgers a steal at 2 Billion!,AllUrBaseRBelongToUs,Nikolai Khabibulin,0-0-0,6,Troutstanding,NOBS,0-0-0,4
2013,12,308.l.8419,Dodgers a steal at 2 Billion!,Sidd Finch IX,Paulie,0-0-0,7,The Evil Empire,Kevo,0-0-0,3
2013,12,308.l.8419,Dodgers a steal at 2 Billion!,Lt Dans Better Legs,Dan,0-0-0,4,Queen Bee,MELISSA,0-0-0,6
2013,13,308.l.8419,Dodgers a steal at 2 Billion!,GooseRules,The Wizard,0-0-0,7,AllUrBaseRBelongToUs,Nikolai Khabibulin,0-0-0,3
2013,13,308.l.8419,Dodgers a steal at 2 Billion!,Slick McWilly,Craig,0-0-0,9,I Pitch You Catch!,DiZzY,0-0-0,2
2013,13,308.l.8419,Dodgers a steal at 2 Billion!,Zegster,M Z,0-0-0,9,Queen Bee,MELISSA,0-0-0,2
2013,13,308.l.8419,Dodgers a steal at 2 Billion!,Sidd Finch IX,Paulie,0-0-0,5,Troutstanding,NOBS,0-0-0,5
2013,13,308.l.8419,Dodgers a steal at 2 Billion!,Lt Dans Better Legs,Dan,0-0-0,6,The Evil Empire,Kevo,0-0-0,6
2013,14,308.l.8419,Dodgers a steal at 2 Billion!,GooseRules,The Wizard,0-0-0,9,Sidd Finch IX,Paulie,0-0-0,3
2013,14,308.l.8419,Dodgers a steal at 2 Billion!,Slick McWilly,Craig,0-0-0,5,AllUrBaseRBelongToUs,Nikolai Khabibulin,0-0-0,7
2013,14,308.l.8419,Dodgers a steal at 2 Billion!,Zegster,M Z,0-0-0,6,I Pitch You Catch!,DiZzY,0-0-0,4
2013,14,308.l.8419,Dodgers a steal at 2 Billion!,Lt Dans Better Legs,Dan,0-0-0,4,Troutstanding,NOBS,0-0-0,7
2013,14,308.l.8419,Dodgers a steal at 2 Billion!,The Evil Empire,Kevo,0-0-0,2,Queen Bee,MELISSA,0-0-0,8
2013,15,308.l.8419,Dodgers a steal at 2 Billion!,GooseRules,The Wizard,0-0-0,10,Lt Dans Better Legs,Dan,0-0-0,1
2013,15,308.l.8419,Dodgers a steal at 2 Billion!,Slick McWilly,Craig,0-0-0,4,Sidd Finch IX,Paulie,0-0-0,7
2013,15,308.l.8419,Dodgers a steal at 2 Billion!,Zegster,M Z,0-0-0,8,AllUrBaseRBelongToUs,Nikolai Khabibulin,0-0-0,2
2013,15,308.l.8419,Dodgers a steal at 2 Billion!,I Pitch You Catch!,DiZzY,0-0-0,5,Queen Bee,MELISSA,0-0-0,6
2013,15,308.l.8419,Dodgers a steal at 2 Billion!,The Evil Empire,Kevo,0-0-0,3,Troutstanding,NOBS,0-0-0,8
2013,16,308.l.8419,Dodgers a steal at 2 Billion!,GooseRules,The Wizard,0-0-0,7,The Evil Empire,Kevo,0-0-0,4
2013,16,308.l.8419,Dodgers a steal at 2 Billion!,Slick McWilly,Craig,0-0-0,8,Lt Dans Better Legs,Dan,0-0-0,2
2013,16,308.l.8419,Dodgers a steal at 2 Billion!,Zegster,M Z,0-0-0,4,Sidd Finch IX,Paulie,0-0-0,7
2013,16,308.l.8419,Dodgers a steal at 2 Billion!,I Pitch You Catch!,DiZzY,0-0-0,2,AllUrBaseRBelongToUs,Nikolai Khabibulin,0-0-0,9
2013,16,308.l.8419,Dodgers a steal at 2 Billion!,Troutstanding,NOBS,0-0-0,6,Queen Bee,MELISSA,0-0-0,4
2013,17,308.l.8419,Dodgers a steal at 2 Billion!,GooseRules,The Wizard,0-0-0,8,Troutstanding,NOBS,0-0-0,2
2013,17,308.l.8419,Dodgers a steal at 2 Billion!,Slick McWilly,Craig,0-0-0,7,The Evil Empire,Kevo,0-0-0,3
2013,17,308.l.8419,Dodgers a steal at 2 Billion!,Zegster,M Z,0-0-0,6,Lt Dans Better Legs,Dan,0-0-0,4
2013,17,308.l.8419,Dodgers a steal at 2 Billion!,I Pitch You Catch!,DiZzY,0-0-0,4,Sidd Finch IX,Paulie,0-0-0,7
2013,17,308.l.8419,Dodgers a steal at 2 Billion!,AllUrBaseRBelongToUs,Nikolai Khabibulin,0-0-0,10,Queen Bee,MELISSA,0-0-0,1
2013,18,308.l.8419,Dodgers a steal at 2 Billion!,GooseRules,The Wizard,0-0-0,6,Queen Bee,MELISSA,0-0-0,6
2013,18,308.l.8419,Dodgers a steal at 2 Billion!,Slick McWilly,Craig,0-0-0,1,Troutstanding,NOBS,0-0-0,7
2013,18,308.l.8419,Dodgers a steal at 2 Billion!,Zegster,M Z,0-0-0,2,The Evil Empire,Kevo,0-0-0,6
2013,18,308.l.8419,Dodgers a steal at 2 Billion!,I Pitch You Catch!,DiZzY,0-0-0,1,Lt Dans Better Legs,Dan,0-0-0,10
2013,18,308.l.8419,Dodgers a steal at 2 Billion!,AllUrBaseRBelongToUs,Nikolai Khabibulin,0-0-0,3,Sidd Finch IX,Paulie,0-0-0,7
2013,19,308.l.8419,Dodgers a steal at 2 Billion!,GooseRules,The Wizard,0-0-0,5,Slick McWilly,Craig,0-0-0,6
2013,19,308.l.8419,Dodgers a steal at 2 Billion!,Zegster,M Z,0-0-0,3,Troutstanding,NOBS,0-0-0,6
2013,19,308.l.8419,Dodgers a steal at 2 Billion!,I Pitch You Catch!,DiZzY,0-0-0,4,The Evil Empire,Kevo,0-0-0,7
2013,19,308.l.8419,Dodgers a steal at 2 Billion!,AllUrBaseRBelongToUs,Nikolai Khabibulin,0-0-0,8,Lt Dans Better Legs,Dan,0-0-0,2
2013,19,308.l.8419,Dodgers a steal at 2 Billion!,Sidd Finch IX,Paulie,0-0-0,6,Queen Bee,MELISSA,0-0-0,4
2013,20,308.l.8419,Dodgers a steal at 2 Billion!,GooseRules,The Wizard,0-0-0,7,Zegster,M Z,0-0-0,5
2013,20,308.l.8419,Dodgers a steal at 2 Billion!,Slick McWilly,Craig,0-0-0,8,Queen Bee,MELISSA,0-0-0,3
2013,20,308.l.8419,Dodgers a steal at 2 Billion!,I Pitch You Catch!,DiZzY,0-0-0,1,Troutstanding,NOBS,0-0-0,11
2013,20,308.l.8419,Dodgers a steal at 2 Billion!,AllUrBaseRBelongToUs,Nikolai Khabibulin,0-0-0,9,The Evil Empire,Kevo,0-0-0,1
2013,20,308.l.8419,Dodgers a steal at 2 Billion!,Sidd Finch IX,Paulie,0-0-0,2,Lt Dans Better Legs,Dan,0-0-0,9
2013,21,308.l.8419,Dodgers a steal at 2 Billion!,GooseRules,The Wizard,0-0-0,10,I Pitch You Catch!,DiZzY,0-0-0,1
2013,21,308.l.8419,Dodgers a steal at 2 Billion!,Slick McWilly,Craig,0-0-0,5,Zegster,M Z,0-0-0,6
2013,21,308.l.8419,Dodgers a steal at 2 Billion!,AllUrBaseRBelongToUs,Nikolai Khabibulin,0-0-0,5,Troutstanding,NOBS,0-0-0,6
2013,21,308.l.8419,Dodgers a steal at 2 Billion!,Sidd Finch IX,Paulie,0-0-0,5,The Evil Empire,Kevo,0-0-0,6
2013,21,308.l.8419,Dodgers a steal at 2 Billion!,Lt Dans Better Legs,Dan,0-0-0,7,Queen Bee,MELISSA,0-0-0,4
2013,22,308.l.8419,Dodgers a steal at 2 Billion!,GooseRules,The Wizard,0-0-0,2,AllUrBaseRBelongToUs,Nikolai Khabibulin,0-0-0,10
2013,22,308.l.8419,Dodgers a steal at 2 Billion!,Slick McWilly,Craig,0-0-0,5,I Pitch You Catch!,DiZzY,0-0-0,5
2013,22,308.l.8419,Dodgers a steal at 2 Billion!,Zegster,M Z,0-0-0,8,Queen Bee,MELISSA,0-0-0,3
2013,22,308.l.8419,Dodgers a steal at 2 Billion!,Sidd Finch IX,Paulie,0-0-0,4,Troutstanding,NOBS,0-0-0,5
2013,22,308.l.8419,Dodgers a steal at 2 Billion!,Lt Dans Better Legs,Dan,0-0-0,5,The Evil Empire,Kevo,0-0-0,5
2013,23,308.l.8419,Dodgers a steal at 2 Billion!,GooseRules,The Wizard,0-0-0,2,Sidd Finch IX,Paulie,0-0-0,8
2013,23,308.l.8419,Dodgers a steal at 2 Billion!,Slick McWilly,Craig,0-0-0,7,Zegster,M Z,0-0-0,3
2013,24,308.l.8419,Dodgers a steal at 2 Billion!,GooseRules,The Wizard,0-0-0,6,Zegster,M Z,0-0-0,5
2013,24,308.l.8419,Dodgers a steal at 2 Billion!,Slick McWilly,Craig,0-0-0,5,AllUrBaseRBelongToUs,Nikolai Khabibulin,0-0-0,6
2013,24,308.l.8419,Dodgers a steal at 2 Billion!,I Pitch You Catch!,DiZzY,0-0-0,6,Lt Dans Better Legs,Dan,0-0-0,6
2013,24,308.l.8419,Dodgers a steal at 2 Billion!,Sidd Finch IX,Paulie,0-0-0,5,Troutstanding,NOBS,0-0-0,7
2013,24,308.l.8419,Dodgers a steal at 2 Billion!,The Evil Empire,Kevo,0-0-0,8,Queen Bee,MELISSA,0-0-0,1
2013,25,308.l.8419,Dodgers a steal at 2 Billion!,Slick McWilly,Craig,0-0-0,7,Sidd Finch IX,Paulie,0-0-0,2
2013,25,308.l.8419,Dodgers a steal at 2 Billion!,I Pitch You Catch!,DiZzY,0-0-0,7,Queen Bee,MELISSA,0-0-0,3
2013,25,308.l.8419,Dodgers a steal at 2 Billion!,AllUrBaseRBelongToUs,Nikolai Khabibulin,0-0-0,6,Troutstanding,NOBS,0-0-0,4
2013,25,308.l.8419,Dodgers a steal at 2 Billion!,Lt Dans Better Legs,Dan,0-0-0,4,The Evil Empire,Kevo,0-0-0,5
2013,1,308.l.47812,Cub Fans Only,Back Up The Truck!!,Dan,0-0-0,3,You Kill Us Kevin,Meatty,0-0-0,8
2013,1,308.l.47812,Cub Fans Only,B B Bird Is The Word,Nikolai Khabibulin,0-0-0,10,Isotopes,--hidden--,0-0-0,1
2013,1,308.l.47812,Cub Fans Only,Zegster,M Z,0-0-0,3,Multiple Scorgasms,Jambalaya,0-0-0,8
2013,1,308.l.47812,Cub Fans Only,BUCKle up!!,Paulie,0-0-0,2,Assbags,Baby..I&#39;m gonna butter your bread,0-0-0,8
2013,1,308.l.47812,Cub Fans Only,The Evil Empire,Kevo,0-0-0,2,The Wild Things,MojoHusker,0-0-0,9
2013,2,308.l.47812,Cub Fans Only,Back Up The Truck!!,Dan,0-0-0,7,B B Bird Is The Word,Nikolai Khabibulin,0-0-0,2
2013,2,308.l.47812,Cub Fans Only,You Kill Us Kevin,Meatty,0-0-0,4,The Wild Things,MojoHusker,0-0-0,6
2013,2,308.l.47812,Cub Fans Only,Zegster,M Z,0-0-0,8,Isotopes,--hidden--,0-0-0,3
2013,2,308.l.47812,Cub Fans Only,BUCKle up!!,Paulie,0-0-0,10,Multiple Scorgasms,Jambalaya,0-0-0,1
2013,2,308.l.47812,Cub Fans Only,The Evil Empire,Kevo,0-0-0,4,Assbags,Baby..I&#39;m gonna butter your bread,0-0-0,7
2013,3,308.l.47812,Cub Fans Only,Back Up The Truck!!,Dan,0-0-0,4,Zegster,M Z,0-0-0,4
2013,3,308.l.47812,Cub Fans Only,You Kill Us Kevin,Meatty,0-0-0,6,B B Bird Is The Word,Nikolai Khabibulin,0-0-0,4
2013,3,308.l.47812,Cub Fans Only,BUCKle up!!,Paulie,0-0-0,5,Isotopes,--hidden--,0-0-0,6
2013,3,308.l.47812,Cub Fans Only,The Evil Empire,Kevo,0-0-0,4,Multiple Scorgasms,Jambalaya,0-0-0,7
2013,3,308.l.47812,Cub Fans Only,Assbags,Baby..I&#39;m gonna butter your bread,0-0-0,5,The Wild Things,MojoHusker,0-0-0,6
2013,4,308.l.47812,Cub Fans Only,Back Up The Truck!!,Dan,0-0-0,1,BUCKle up!!,Paulie,0-0-0,8
2013,4,308.l.47812,Cub Fans Only,You Kill Us Kevin,Meatty,0-0-0,5,Zegster,M Z,0-0-0,6
2013,4,308.l.47812,Cub Fans Only,B B Bird Is The Word,Nikolai Khabibulin,0-0-0,8,The Wild Things,MojoHusker,0-0-0,3
2013,4,308.l.47812,Cub Fans Only,The Evil Empire,Kevo,0-0-0,2,Isotopes,--hidden--,0-0-0,9
2013,4,308.l.47812,Cub Fans Only,Assbags,Baby..I&#39;m gonna butter your bread,0-0-0,4,Multiple Scorgasms,Jambalaya,0-0-0,6
2013,5,308.l.47812,Cub Fans Only,Back Up The Truck!!,Dan,0-0-0,4,The Evil Empire,Kevo,0-0-0,1
2013,5,308.l.47812,Cub Fans Only,You Kill Us Kevin,Meatty,0-0-0,7,BUCKle up!!,Paulie,0-0-0,4
2013,5,308.l.47812,Cub Fans Only,B B Bird Is The Word,Nikolai Khabibulin,0-0-0,8,Zegster,M Z,0-0-0,3
2013,5,308.l.47812,Cub Fans Only,Assbags,Baby..I&#39;m gonna butter your bread,0-0-0,8,Isotopes,--hidden--,0-0-0,3
2013,5,308.l.47812,Cub Fans Only,Multiple Scorgasms,Jambalaya,0-0-0,1,The Wild Things,MojoHusker,0-0-0,9
2013,6,308.l.47812,Cub Fans Only,Back Up The Truck!!,Dan,0-0-0,4,Assbags,Baby..I&#39;m gonna butter your bread,0-0-0,6
2013,6,308.l.47812,Cub Fans Only,You Kill Us Kevin,Meatty,0-0-0,6,The Evil Empire,Kevo,0-0-0,3
2013,6,308.l.47812,Cub Fans Only,B B Bird Is The Word,Nikolai Khabibulin,0-0-0,7,BUCKle up!!,Paulie,0-0-0,2
2013,6,308.l.47812,Cub Fans Only,Zegster,M Z,0-0-0,3,The Wild Things,MojoHusker,0-0-0,6
2013,6,308.l.47812,Cub Fans Only,Multiple Scorgasms,Jambalaya,0-0-0,5,Isotopes,--hidden--,0-0-0,6
2013,7,308.l.47812,Cub Fans Only,Back Up The Truck!!,Dan,0-0-0,4,Multiple Scorgasms,Jambalaya,0-0-0,7
2013,7,308.l.47812,Cub Fans Only,You Kill Us Kevin,Meatty,0-0-0,0,Assbags,Baby..I&#39;m gonna butter your bread,0-0-0,11
2013,7,308.l.47812,Cub Fans Only,B B Bird Is The Word,Nikolai Khabibulin,0-0-0,7,The Evil Empire,Kevo,0-0-0,4
2013,7,308.l.47812,Cub Fans Only,Zegster,M Z,0-0-0,10,BUCKle up!!,Paulie,0-0-0,1
2013,7,308.l.47812,Cub Fans Only,Isotopes,--hidden--,0-0-0,6,The Wild Things,MojoHusker,0-0-0,5
2013,8,308.l.47812,Cub Fans Only,Back Up The Truck!!,Dan,0-0-0,3,Isotopes,--hidden--,0-0-0,7
2013,8,308.l.47812,Cub Fans Only,You Kill Us Kevin,Meatty,0-0-0,9,Multiple Scorgasms,Jambalaya,0-0-0,1
2013,8,308.l.47812,Cub Fans Only,B B Bird Is The Word,Nikolai Khabibulin,0-0-0,9,Assbags,Baby..I&#39;m gonna butter your bread,0-0-0,2
2013,8,308.l.47812,Cub Fans Only,Zegster,M Z,0-0-0,4,The Evil Empire,Kevo,0-0-0,1
2013,8,308.l.47812,Cub Fans Only,BUCKle up!!,Paulie,0-0-0,1,The Wild Things,MojoHusker,0-0-0,10
2013,9,308.l.47812,Cub Fans Only,Back Up The Truck!!,Dan,0-0-0,3,The Wild Things,MojoHusker,0-0-0,7
2013,9,308.l.47812,Cub Fans Only,You Kill Us Kevin,Meatty,0-0-0,3,Isotopes,--hidden--,0-0-0,8
2013,9,308.l.47812,Cub Fans Only,B B Bird Is The Word,Nikolai Khabibulin,0-0-0,6,Multiple Scorgasms,Jambalaya,0-0-0,4
2013,9,308.l.47812,Cub Fans Only,Zegster,M Z,0-0-0,1,Assbags,Baby..I&#39;m gonna butter your bread,0-0-0,10
2013,9,308.l.47812,Cub Fans Only,BUCKle up!!,Paulie,0-0-0,8,The Evil Empire,Kevo,0-0-0,3
2013,10,308.l.47812,Cub Fans Only,Back Up The Truck!!,Dan,0-0-0,6,You Kill Us Kevin,Meatty,0-0-0,4
2013,10,308.l.47812,Cub Fans Only,B B Bird Is The Word,Nikolai Khabibulin,0-0-0,7,Isotopes,--hidden--,0-0-0,4
2013,10,308.l.47812,Cub Fans Only,Zegster,M Z,0-0-0,6,Multiple Scorgasms,Jambalaya,0-0-0,5
2013,10,308.l.47812,Cub Fans Only,BUCKle up!!,Paulie,0-0-0,3,Assbags,Baby..I&#39;m gonna butter your bread,0-0-0,8
2013,10,308.l.47812,Cub Fans Only,The Evil Empire,Kevo,0-0-0,3,The Wild Things,MojoHusker,0-0-0,8
2013,11,308.l.47812,Cub Fans Only,Back Up The Truck!!,Dan,0-0-0,0,B B Bird Is The Word,Nikolai Khabibulin,0-0-0,11
2013,11,308.l.47812,Cub Fans Only,You Kill Us Kevin,Meatty,0-0-0,1,The Wild Things,MojoHusker,0-0-0,9
2013,11,308.l.47812,Cub Fans Only,Zegster,M Z,0-0-0,5,Isotopes,--hidden--,0-0-0,4
2013,11,308.l.47812,Cub Fans Only,BUCKle up!!,Paulie,0-0-0,4,Multiple Scorgasms,Jambalaya,0-0-0,7
2013,11,308.l.47812,Cub Fans Only,The Evil Empire,Kevo,0-0-0,1,Assbags,Baby..I&#39;m gonna butter your bread,0-0-0,10
2013,12,308.l.47812,Cub Fans Only,Back Up The Truck!!,Dan,0-0-0,7,Zegster,M Z,0-0-0,4
2013,12,308.l.47812,Cub Fans Only,You Kill Us Kevin,Meatty,0-0-0,3,B B Bird Is The Word,Nikolai Khabibulin,0-0-0,8
2013,12,308.l.47812,Cub Fans Only,BUCKle up!!,Paulie,0-0-0,5,Isotopes,--hidden--,0-0-0,6
2013,12,308.l.47812,Cub Fans Only,The Evil Empire,Kevo,0-0-0,2,Multiple Scorgasms,Jambalaya,0-0-0,8
2013,12,308.l.47812,Cub Fans Only,Assbags,Baby..I&#39;m gonna butter your bread,0-0-0,3,The Wild Things,MojoHusker,0-0-0,8
2013,13,308.l.47812,Cub Fans Only,Back Up The Truck!!,Dan,0-0-0,7,BUCKle up!!,Paulie,0-0-0,4
2013,13,308.l.47812,Cub Fans Only,You Kill Us Kevin,Meatty,0-0-0,3,Zegster,M Z,0-0-0,7
2013,13,308.l.47812,Cub Fans Only,B B Bird Is The Word,Nikolai Khabibulin,0-0-0,4,The Wild Things,MojoHusker,0-0-0,7
2013,13,308.l.47812,Cub Fans Only,The Evil Empire,Kevo,0-0-0,1,Isotopes,--hidden--,0-0-0,10
2013,13,308.l.47812,Cub Fans Only,Assbags,Baby..I&#39;m gonna butter your bread,0-0-0,6,Multiple Scorgasms,Jambalaya,0-0-0,4
2013,14,308.l.47812,Cub Fans Only,Back Up The Truck!!,Dan,0-0-0,6,The Evil Empire,Kevo,0-0-0,4
2013,14,308.l.47812,Cub Fans Only,You Kill Us Kevin,Meatty,0-0-0,9,BUCKle up!!,Paulie,0-0-0,2
2013,14,308.l.47812,Cub Fans Only,B B Bird Is The Word,Nikolai Khabibulin,0-0-0,6,Zegster,M Z,0-0-0,5
2013,14,308.l.47812,Cub Fans Only,Assbags,Baby..I&#39;m gonna butter your bread,0-0-0,5,Isotopes,--hidden--,0-0-0,6
2013,14,308.l.47812,Cub Fans Only,Multiple Scorgasms,Jambalaya,0-0-0,6,The Wild Things,MojoHusker,0-0-0,4
2013,15,308.l.47812,Cub Fans Only,Back Up The Truck!!,Dan,0-0-0,4,Assbags,Baby..I&#39;m gonna butter your bread,0-0-0,6
2013,15,308.l.47812,Cub Fans Only,You Kill Us Kevin,Meatty,0-0-0,7,The Evil Empire,Kevo,0-0-0,4
2013,15,308.l.47812,Cub Fans Only,B B Bird Is The Word,Nikolai Khabibulin,0-0-0,9,BUCKle up!!,Paulie,0-0-0,2
2013,15,308.l.47812,Cub Fans Only,Zegster,M Z,0-0-0,5,The Wild Things,MojoHusker,0-0-0,4
2013,15,308.l.47812,Cub Fans Only,Multiple Scorgasms,Jambalaya,0-0-0,10,Isotopes,--hidden--,0-0-0,1
2013,16,308.l.47812,Cub Fans Only,Back Up The Truck!!,Dan,0-0-0,4,Multiple Scorgasms,Jambalaya,0-0-0,7
2013,16,308.l.47812,Cub Fans Only,You Kill Us Kevin,Meatty,0-0-0,7,Assbags,Baby..I&#39;m gonna butter your bread,0-0-0,3
2013,16,308.l.47812,Cub Fans Only,B B Bird Is The Word,Nikolai Khabibulin,0-0-0,10,The Evil Empire,Kevo,0-0-0,1
2013,16,308.l.47812,Cub Fans Only,Zegster,M Z,0-0-0,7,BUCKle up!!,Paulie,0-0-0,4
2013,16,308.l.47812,Cub Fans Only,Isotopes,--hidden--,0-0-0,2,The Wild Things,MojoHusker,0-0-0,9
2013,17,308.l.47812,Cub Fans Only,Back Up The Truck!!,Dan,0-0-0,5,Isotopes,--hidden--,0-0-0,6
2013,17,308.l.47812,Cub Fans Only,You Kill Us Kevin,Meatty,0-0-0,6,Multiple Scorgasms,Jambalaya,0-0-0,5
2013,17,308.l.47812,Cub Fans Only,B B Bird Is The Word,Nikolai Khabibulin,0-0-0,8,Assbags,Baby..I&#39;m gonna butter your bread,0-0-0,3
2013,17,308.l.47812,Cub Fans Only,Zegster,M Z,0-0-0,8,The Evil Empire,Kevo,0-0-0,3
2013,17,308.l.47812,Cub Fans Only,BUCKle up!!,Paulie,0-0-0,1,The Wild Things,MojoHusker,0-0-0,9
2013,18,308.l.47812,Cub Fans Only,Back Up The Truck!!,Dan,0-0-0,4,The Wild Things,MojoHusker,0-0-0,6
2013,18,308.l.47812,Cub Fans Only,You Kill Us Kevin,Meatty,0-0-0,8,Isotopes,--hidden--,0-0-0,3
2013,18,308.l.47812,Cub Fans Only,B B Bird Is The Word,Nikolai Khabibulin,0-0-0,4,Multiple Scorgasms,Jambalaya,0-0-0,6
2013,18,308.l.47812,Cub Fans Only,Zegster,M Z,0-0-0,9,Assbags,Baby..I&#39;m gonna butter your bread,0-0-0,2
2013,18,308.l.47812,Cub Fans Only,BUCKle up!!,Paulie,0-0-0,8,The Evil Empire,Kevo,0-0-0,3
2013,19,308.l.47812,Cub Fans Only,Back Up The Truck!!,Dan,0-0-0,0,You Kill Us Kevin,Meatty,0-0-0,11
2013,19,308.l.47812,Cub Fans Only,B B Bird Is The Word,Nikolai Khabibulin,0-0-0,3,Isotopes,--hidden--,0-0-0,7
2013,19,308.l.47812,Cub Fans Only,Zegster,M Z,0-0-0,0,Multiple Scorgasms,Jambalaya,0-0-0,11
2013,19,308.l.47812,Cub Fans Only,BUCKle up!!,Paulie,0-0-0,4,Assbags,Baby..I&#39;m gonna butter your bread,0-0-0,5
2013,19,308.l.47812,Cub Fans Only,The Evil Empire,Kevo,0-0-0,0,The Wild Things,MojoHusker,0-0-0,11
2013,20,308.l.47812,Cub Fans Only,Back Up The Truck!!,Dan,0-0-0,1,B B Bird Is The Word,Nikolai Khabibulin,0-0-0,9
2013,20,308.l.47812,Cub Fans Only,You Kill Us Kevin,Meatty,0-0-0,9,The Wild Things,MojoHusker,0-0-0,2
2013,20,308.l.47812,Cub Fans Only,Zegster,M Z,0-0-0,3,Isotopes,--hidden--,0-0-0,8
2013,20,308.l.47812,Cub Fans Only,BUCKle up!!,Paulie,0-0-0,3,Multiple Scorgasms,Jambalaya,0-0-0,6
2013,20,308.l.47812,Cub Fans Only,The Evil Empire,Kevo,0-0-0,1,Assbags,Baby..I&#39;m gonna butter your bread,0-0-0,10
2013,21,308.l.47812,Cub Fans Only,Back Up The Truck!!,Dan,0-0-0,1,Zegster,M Z,0-0-0,10
2013,21,308.l.47812,Cub Fans Only,You Kill Us Kevin,Meatty,0-0-0,4,B B Bird Is The Word,Nikolai Khabibulin,0-0-0,7
2013,21,308.l.47812,Cub Fans Only,BUCKle up!!,Paulie,0-0-0,3,Isotopes,--hidden--,0-0-0,3
2013,21,308.l.47812,Cub Fans Only,The Evil Empire,Kevo,0-0-0,2,Multiple Scorgasms,Jambalaya,0-0-0,9
2013,21,308.l.47812,Cub Fans Only,Assbags,Baby..I&#39;m gonna butter your bread,0-0-0,2,The Wild Things,MojoHusker,0-0-0,8
2013,22,308.l.47812,Cub Fans Only,Back Up The Truck!!,Dan,0-0-0,1,BUCKle up!!,Paulie,0-0-0,10
2013,22,308.l.47812,Cub Fans Only,You Kill Us Kevin,Meatty,0-0-0,6,Zegster,M Z,0-0-0,5
2013,22,308.l.47812,Cub Fans Only,B B Bird Is The Word,Nikolai Khabibulin,0-0-0,9,The Wild Things,MojoHusker,0-0-0,2
2013,22,308.l.47812,Cub Fans Only,The Evil Empire,Kevo,0-0-0,7,Isotopes,--hidden--,0-0-0,3
2013,22,308.l.47812,Cub Fans Only,Assbags,Baby..I&#39;m gonna butter your bread,0-0-0,4,Multiple Scorgasms,Jambalaya,0-0-0,6
2013,23,308.l.47812,Cub Fans Only,You Kill Us Kevin,Meatty,0-0-0,5,Assbags,Baby..I&#39;m gonna butter your bread,0-0-0,6
2013,23,308.l.47812,Cub Fans Only,Zegster,M Z,0-0-0,3,Multiple Scorgasms,Jambalaya,0-0-0,8
2013,24,308.l.47812,Cub Fans Only,Back Up The Truck!!,Dan,0-0-0,2,BUCKle up!!,Paulie,0-0-0,8
2013,24,308.l.47812,Cub Fans Only,You Kill Us Kevin,Meatty,0-0-0,6,Zegster,M Z,0-0-0,3
2013,24,308.l.47812,Cub Fans Only,B B Bird Is The Word,Nikolai Khabibulin,0-0-0,6,Assbags,Baby..I&#39;m gonna butter your bread,0-0-0,4
2013,24,308.l.47812,Cub Fans Only,The Evil Empire,Kevo,0-0-0,4,Isotopes,--hidden--,0-0-0,4
2013,24,308.l.47812,Cub Fans Only,Multiple Scorgasms,Jambalaya,0-0-0,6,The Wild Things,MojoHusker,0-0-0,4
2013,25,308.l.47812,Cub Fans Only,Back Up The Truck!!,Dan,0-0-0,1,The Evil Empire,Kevo,0-0-0,5
2013,25,308.l.47812,Cub Fans Only,B B Bird Is The Word,Nikolai Khabibulin,0-0-0,5,Multiple Scorgasms,Jambalaya,0-0-0,4
2013,25,308.l.47812,Cub Fans Only,BUCKle up!!,Paulie,0-0-0,4,Isotopes,--hidden--,0-0-0,5
2013,25,308.l.47812,Cub Fans Only,Assbags,Baby..I&#39;m gonna butter your bread,0-0-0,2,The Wild Things,MojoHusker,0-0-0,8
2014,1,328.l.34893,Dodgers a steal at 2 Billion!,GooseRules,The Wizard,0-0-0,8,Queen Bee,MELISSA,0-0-0,4
2014,1,328.l.34893,Dodgers a steal at 2 Billion!,Troutstanding,NOBS,0-0-0,7,Medulla Oblongata,Brett,0-0-0,5
2014,1,328.l.34893,Dodgers a steal at 2 Billion!,FUCK BASEBALL,Joshua,0-0-0,1,Weazzills Wack Socks,Weazy,0-0-0,11
2014,1,328.l.34893,Dodgers a steal at 2 Billion!,Jeff's Okay Team,Jeff,0-0-0,7,Lt Dans Better Legs,Dan,0-0-0,6
2014,1,328.l.34893,Dodgers a steal at 2 Billion!,Zegster,M Z,0-0-0,2,AllUrBaseRBelongToUs,Nikolai Khabibulin,0-0-0,10
2014,1,328.l.34893,Dodgers a steal at 2 Billion!,Sidd Finch X,Paulie,0-0-0,8,The Evil Empire,Kevo,0-0-0,3
2014,2,328.l.34893,Dodgers a steal at 2 Billion!,GooseRules,The Wizard,0-0-0,4,Troutstanding,NOBS,0-0-0,8
2014,2,328.l.34893,Dodgers a steal at 2 Billion!,Queen Bee,MELISSA,0-0-0,6,The Evil Empire,Kevo,0-0-0,5
2014,2,328.l.34893,Dodgers a steal at 2 Billion!,FUCK BASEBALL,Joshua,0-0-0,4,Medulla Oblongata,Brett,0-0-0,8
2014,2,328.l.34893,Dodgers a steal at 2 Billion!,Jeff's Okay Team,Jeff,0-0-0,9,Weazzills Wack Socks,Weazy,0-0-0,4
2014,2,328.l.34893,Dodgers a steal at 2 Billion!,Zegster,M Z,0-0-0,7,Lt Dans Better Legs,Dan,0-0-0,6
2014,2,328.l.34893,Dodgers a steal at 2 Billion!,Sidd Finch X,Paulie,0-0-0,6,AllUrBaseRBelongToUs,Nikolai Khabibulin,0-0-0,6
2014,3,328.l.34893,Dodgers a steal at 2 Billion!,GooseRules,The Wizard,0-0-0,5,FUCK BASEBALL,Joshua,0-0-0,7
2014,3,328.l.34893,Dodgers a steal at 2 Billion!,Queen Bee,MELISSA,0-0-0,0,Troutstanding,NOBS,0-0-0,10
2014,3,328.l.34893,Dodgers a steal at 2 Billion!,Jeff's Okay Team,Jeff,0-0-0,5,Medulla Oblongata,Brett,0-0-0,8
2014,3,328.l.34893,Dodgers a steal at 2 Billion!,Zegster,M Z,0-0-0,8,Weazzills Wack Socks,Weazy,0-0-0,4
2014,3,328.l.34893,Dodgers a steal at 2 Billion!,Sidd Finch X,Paulie,0-0-0,6,Lt Dans Better Legs,Dan,0-0-0,4
2014,3,328.l.34893,Dodgers a steal at 2 Billion!,AllUrBaseRBelongToUs,Nikolai Khabibulin,0-0-0,12,The Evil Empire,Kevo,0-0-0,1
2014,4,328.l.34893,Dodgers a steal at 2 Billion!,GooseRules,The Wizard,0-0-0,7,Jeff's Okay Team,Jeff,0-0-0,5
2014,4,328.l.34893,Dodgers a steal at 2 Billion!,Queen Bee,MELISSA,0-0-0,7,FUCK BASEBALL,Joshua,0-0-0,6
2014,4,328.l.34893,Dodgers a steal at 2 Billion!,Troutstanding,NOBS,0-0-0,7,The Evil Empire,Kevo,0-0-0,6
2014,4,328.l.34893,Dodgers a steal at 2 Billion!,Zegster,M Z,0-0-0,5,Medulla Oblongata,Brett,0-0-0,6
2014,4,328.l.34893,Dodgers a steal at 2 Billion!,Sidd Finch X,Paulie,0-0-0,1,Weazzills Wack Socks,Weazy,0-0-0,13
2014,4,328.l.34893,Dodgers a steal at 2 Billion!,AllUrBaseRBelongToUs,Nikolai Khabibulin,0-0-0,8,Lt Dans Better Legs,Dan,0-0-0,5
2014,5,328.l.34893,Dodgers a steal at 2 Billion!,GooseRules,The Wizard,0-0-0,9,Zegster,M Z,0-0-0,4
2014,5,328.l.34893,Dodgers a steal at 2 Billion!,Queen Bee,MELISSA,0-0-0,4,Jeff's Okay Team,Jeff,0-0-0,9
2014,5,328.l.34893,Dodgers a steal at 2 Billion!,Troutstanding,NOBS,0-0-0,9,FUCK BASEBALL,Joshua,0-0-0,5
2014,5,328.l.34893,Dodgers a steal at 2 Billion!,Sidd Finch X,Paulie,0-0-0,5,Medulla Oblongata,Brett,0-0-0,7
2014,5,328.l.34893,Dodgers a steal at 2 Billion!,AllUrBaseRBelongToUs,Nikolai Khabibulin,0-0-0,6,Weazzills Wack Socks,Weazy,0-0-0,4
2014,5,328.l.34893,Dodgers a steal at 2 Billion!,Lt Dans Better Legs,Dan,0-0-0,3,The Evil Empire,Kevo,0-0-0,9
2014,6,328.l.34893,Dodgers a steal at 2 Billion!,GooseRules,The Wizard,0-0-0,11,Sidd Finch X,Paulie,0-0-0,2
2014,6,328.l.34893,Dodgers a steal at 2 Billion!,Queen Bee,MELISSA,0-0-0,7,Zegster,M Z,0-0-0,5
2014,6,328.l.34893,Dodgers a steal at 2 Billion!,Troutstanding,NOBS,0-0-0,6,Jeff's Okay Team,Jeff,0-0-0,6
2014,6,328.l.34893,Dodgers a steal at 2 Billion!,FUCK BASEBALL,Joshua,0-0-0,2,The Evil Empire,Kevo,0-0-0,10
2014,6,328.l.34893,Dodgers a steal at 2 Billion!,AllUrBaseRBelongToUs,Nikolai Khabibulin,0-0-0,8,Medulla Oblongata,Brett,0-0-0,4
2014,6,328.l.34893,Dodgers a steal at 2 Billion!,Lt Dans Better Legs,Dan,0-0-0,6,Weazzills Wack Socks,Weazy,0-0-0,7
2014,7,328.l.34893,Dodgers a steal at 2 Billion!,GooseRules,The Wizard,0-0-0,8,AllUrBaseRBelongToUs,Nikolai Khabibulin,0-0-0,5
2014,7,328.l.34893,Dodgers a steal at 2 Billion!,Queen Bee,MELISSA,0-0-0,6,Sidd Finch X,Paulie,0-0-0,8
2014,7,328.l.34893,Dodgers a steal at 2 Billion!,Troutstanding,NOBS,0-0-0,8,Zegster,M Z,0-0-0,4
2014,7,328.l.34893,Dodgers a steal at 2 Billion!,FUCK BASEBALL,Joshua,0-0-0,9,Jeff's Okay Team,Jeff,0-0-0,5
2014,7,328.l.34893,Dodgers a steal at 2 Billion!,Lt Dans Better Legs,Dan,0-0-0,9,Medulla Oblongata,Brett,0-0-0,4
2014,7,328.l.34893,Dodgers a steal at 2 Billion!,Weazzills Wack Socks,Weazy,0-0-0,8,The Evil Empire,Kevo,0-0-0,5
2014,8,328.l.34893,Dodgers a steal at 2 Billion!,GooseRules,The Wizard,0-0-0,8,Lt Dans Better Legs,Dan,0-0-0,5
2014,8,328.l.34893,Dodgers a steal at 2 Billion!,Queen Bee,MELISSA,0-0-0,4,AllUrBaseRBelongToUs,Nikolai Khabibulin,0-0-0,9
2014,8,328.l.34893,Dodgers a steal at 2 Billion!,Troutstanding,NOBS,0-0-0,8,Sidd Finch X,Paulie,0-0-0,4
2014,8,328.l.34893,Dodgers a steal at 2 Billion!,FUCK BASEBALL,Joshua,0-0-0,7,Zegster,M Z,0-0-0,5
2014,8,328.l.34893,Dodgers a steal at 2 Billion!,Jeff's Okay Team,Jeff,0-0-0,11,The Evil Empire,Kevo,0-0-0,2
2014,8,328.l.34893,Dodgers a steal at 2 Billion!,Weazzills Wack Socks,Weazy,0-0-0,7,Medulla Oblongata,Brett,0-0-0,6
2014,9,328.l.34893,Dodgers a steal at 2 Billion!,GooseRules,The Wizard,0-0-0,6,Weazzills Wack Socks,Weazy,0-0-0,8
2014,9,328.l.34893,Dodgers a steal at 2 Billion!,Queen Bee,MELISSA,0-0-0,4,Lt Dans Better Legs,Dan,0-0-0,7
2014,9,328.l.34893,Dodgers a steal at 2 Billion!,Troutstanding,NOBS,0-0-0,9,AllUrBaseRBelongToUs,Nikolai Khabibulin,0-0-0,3
2014,9,328.l.34893,Dodgers a steal at 2 Billion!,FUCK BASEBALL,Joshua,0-0-0,7,Sidd Finch X,Paulie,0-0-0,5
2014,9,328.l.34893,Dodgers a steal at 2 Billion!,Jeff's Okay Team,Jeff,0-0-0,6,Zegster,M Z,0-0-0,7
2014,9,328.l.34893,Dodgers a steal at 2 Billion!,Medulla Oblongata,Brett,0-0-0,6,The Evil Empire,Kevo,0-0-0,6
2014,10,328.l.34893,Dodgers a steal at 2 Billion!,GooseRules,The Wizard,0-0-0,12,Medulla Oblongata,Brett,0-0-0,0
2014,10,328.l.34893,Dodgers a steal at 2 Billion!,Queen Bee,MELISSA,0-0-0,10,Weazzills Wack Socks,Weazy,0-0-0,4
2014,10,328.l.34893,Dodgers a steal at 2 Billion!,Troutstanding,NOBS,0-0-0,5,Lt Dans Better Legs,Dan,0-0-0,8
2014,10,328.l.34893,Dodgers a steal at 2 Billion!,FUCK BASEBALL,Joshua,0-0-0,7,AllUrBaseRBelongToUs,Nikolai Khabibulin,0-0-0,6
2014,10,328.l.34893,Dodgers a steal at 2 Billion!,Jeff's Okay Team,Jeff,0-0-0,6,Sidd Finch X,Paulie,0-0-0,4
2014,10,328.l.34893,Dodgers a steal at 2 Billion!,Zegster,M Z,0-0-0,10,The Evil Empire,Kevo,0-0-0,1
2014,11,328.l.34893,Dodgers a steal at 2 Billion!,GooseRules,The Wizard,0-0-0,8,The Evil Empire,Kevo,0-0-0,4
2014,11,328.l.34893,Dodgers a steal at 2 Billion!,Queen Bee,MELISSA,0-0-0,8,Medulla Oblongata,Brett,0-0-0,4
2014,11,328.l.34893,Dodgers a steal at 2 Billion!,Troutstanding,NOBS,0-0-0,9,Weazzills Wack Socks,Weazy,0-0-0,5
2014,11,328.l.34893,Dodgers a steal at 2 Billion!,FUCK BASEBALL,Joshua,0-0-0,5,Lt Dans Better Legs,Dan,0-0-0,7
2014,11,328.l.34893,Dodgers a steal at 2 Billion!,Jeff's Okay Team,Jeff,0-0-0,5,AllUrBaseRBelongToUs,Nikolai Khabibulin,0-0-0,7
2014,11,328.l.34893,Dodgers a steal at 2 Billion!,Zegster,M Z,0-0-0,7,Sidd Finch X,Paulie,0-0-0,5
2014,12,328.l.34893,Dodgers a steal at 2 Billion!,GooseRules,The Wizard,0-0-0,11,Queen Bee,MELISSA,0-0-0,1
2014,12,328.l.34893,Dodgers a steal at 2 Billion!,Troutstanding,NOBS,0-0-0,10,Medulla Oblongata,Brett,0-0-0,3
2014,12,328.l.34893,Dodgers a steal at 2 Billion!,FUCK BASEBALL,Joshua,0-0-0,9,Weazzills Wack Socks,Weazy,0-0-0,5
2014,12,328.l.34893,Dodgers a steal at 2 Billion!,Jeff's Okay Team,Jeff,0-0-0,6,Lt Dans Better Legs,Dan,0-0-0,7
2014,12,328.l.34893,Dodgers a steal at 2 Billion!,Zegster,M Z,0-0-0,3,AllUrBaseRBelongToUs,Nikolai Khabibulin,0-0-0,9
2014,12,328.l.34893,Dodgers a steal at 2 Billion!,Sidd Finch X,Paulie,0-0-0,9,The Evil Empire,Kevo,0-0-0,4
2014,13,328.l.34893,Dodgers a steal at 2 Billion!,GooseRules,The Wizard,0-0-0,7,Troutstanding,NOBS,0-0-0,6
2014,13,328.l.34893,Dodgers a steal at 2 Billion!,Queen Bee,MELISSA,0-0-0,3,The Evil Empire,Kevo,0-0-0,10
2014,13,328.l.34893,Dodgers a steal at 2 Billion!,FUCK BASEBALL,Joshua,0-0-0,7,Medulla Oblongata,Brett,0-0-0,6
2014,13,328.l.34893,Dodgers a steal at 2 Billion!,Jeff's Okay Team,Jeff,0-0-0,6,Weazzills Wack Socks,Weazy,0-0-0,7
2014,13,328.l.34893,Dodgers a steal at 2 Billion!,Zegster,M Z,0-0-0,4,Lt Dans Better Legs,Dan,0-0-0,7
2014,13,328.l.34893,Dodgers a steal at 2 Billion!,Sidd Finch X,Paulie,0-0-0,1,AllUrBaseRBelongToUs,Nikolai Khabibulin,0-0-0,13
2014,14,328.l.34893,Dodgers a steal at 2 Billion!,GooseRules,The Wizard,0-0-0,4,FUCK BASEBALL,Joshua,0-0-0,7
2014,14,328.l.34893,Dodgers a steal at 2 Billion!,Queen Bee,MELISSA,0-0-0,7,Troutstanding,NOBS,0-0-0,5
2014,14,328.l.34893,Dodgers a steal at 2 Billion!,Jeff's Okay Team,Jeff,0-0-0,7,Medulla Oblongata,Brett,0-0-0,5
2014,14,328.l.34893,Dodgers a steal at 2 Billion!,Zegster,M Z,0-0-0,4,Weazzills Wack Socks,Weazy,0-0-0,8
2014,14,328.l.34893,Dodgers a steal at 2 Billion!,Sidd Finch X,Paulie,0-0-0,5,Lt Dans Better Legs,Dan,0-0-0,9
2014,14,328.l.34893,Dodgers a steal at 2 Billion!,AllUrBaseRBelongToUs,Nikolai Khabibulin,0-0-0,7,The Evil Empire,Kevo,0-0-0,4
2014,15,328.l.34893,Dodgers a steal at 2 Billion!,GooseRules,The Wizard,0-0-0,7,Jeff's Okay Team,Jeff,0-0-0,6
2014,15,328.l.34893,Dodgers a steal at 2 Billion!,Queen Bee,MELISSA,0-0-0,10,FUCK BASEBALL,Joshua,0-0-0,3
2014,15,328.l.34893,Dodgers a steal at 2 Billion!,Troutstanding,NOBS,0-0-0,10,The Evil Empire,Kevo,0-0-0,3
2014,15,328.l.34893,Dodgers a steal at 2 Billion!,Zegster,M Z,0-0-0,3,Medulla Oblongata,Brett,0-0-0,9
2014,15,328.l.34893,Dodgers a steal at 2 Billion!,Sidd Finch X,Paulie,0-0-0,3,Weazzills Wack Socks,Weazy,0-0-0,10
2014,15,328.l.34893,Dodgers a steal at 2 Billion!,AllUrBaseRBelongToUs,Nikolai Khabibulin,0-0-0,10,Lt Dans Better Legs,Dan,0-0-0,3
2014,16,328.l.34893,Dodgers a steal at 2 Billion!,GooseRules,The Wizard,0-0-0,5,Zegster,M Z,0-0-0,7
2014,16,328.l.34893,Dodgers a steal at 2 Billion!,Queen Bee,MELISSA,0-0-0,1,Jeff's Okay Team,Jeff,0-0-0,12
2014,16,328.l.34893,Dodgers a steal at 2 Billion!,Troutstanding,NOBS,0-0-0,6,FUCK BASEBALL,Joshua,0-0-0,8
2014,16,328.l.34893,Dodgers a steal at 2 Billion!,Sidd Finch X,Paulie,0-0-0,9,Medulla Oblongata,Brett,0-0-0,3
2014,16,328.l.34893,Dodgers a steal at 2 Billion!,AllUrBaseRBelongToUs,Nikolai Khabibulin,0-0-0,6,Weazzills Wack Socks,Weazy,0-0-0,6
2014,16,328.l.34893,Dodgers a steal at 2 Billion!,Lt Dans Better Legs,Dan,0-0-0,7,The Evil Empire,Kevo,0-0-0,5
2014,17,328.l.34893,Dodgers a steal at 2 Billion!,GooseRules,The Wizard,0-0-0,4,Sidd Finch X,Paulie,0-0-0,9
2014,17,328.l.34893,Dodgers a steal at 2 Billion!,Queen Bee,MELISSA,0-0-0,8,Zegster,M Z,0-0-0,4
2014,17,328.l.34893,Dodgers a steal at 2 Billion!,Troutstanding,NOBS,0-0-0,4,Jeff's Okay Team,Jeff,0-0-0,8
2014,17,328.l.34893,Dodgers a steal at 2 Billion!,FUCK BASEBALL,Joshua,0-0-0,10,The Evil Empire,Kevo,0-0-0,4
2014,17,328.l.34893,Dodgers a steal at 2 Billion!,AllUrBaseRBelongToUs,Nikolai Khabibulin,0-0-0,6,Medulla Oblongata,Brett,0-0-0,8
2014,17,328.l.34893,Dodgers a steal at 2 Billion!,Lt Dans Better Legs,Dan,0-0-0,8,Weazzills Wack Socks,Weazy,0-0-0,6
2014,18,328.l.34893,Dodgers a steal at 2 Billion!,GooseRules,The Wizard,0-0-0,8,AllUrBaseRBelongToUs,Nikolai Khabibulin,0-0-0,3
2014,18,328.l.34893,Dodgers a steal at 2 Billion!,Queen Bee,MELISSA,0-0-0,7,Sidd Finch X,Paulie,0-0-0,5
2014,18,328.l.34893,Dodgers a steal at 2 Billion!,Troutstanding,NOBS,0-0-0,8,Zegster,M Z,0-0-0,4
2014,18,328.l.34893,Dodgers a steal at 2 Billion!,FUCK BASEBALL,Joshua,0-0-0,5,Jeff's Okay Team,Jeff,0-0-0,7
2014,18,328.l.34893,Dodgers a steal at 2 Billion!,Lt Dans Better Legs,Dan,0-0-0,6,Medulla Oblongata,Brett,0-0-0,7
2014,18,328.l.34893,Dodgers a steal at 2 Billion!,Weazzills Wack Socks,Weazy,0-0-0,7,The Evil Empire,Kevo,0-0-0,7
2014,19,328.l.34893,Dodgers a steal at 2 Billion!,GooseRules,The Wizard,0-0-0,7,Lt Dans Better Legs,Dan,0-0-0,5
2014,19,328.l.34893,Dodgers a steal at 2 Billion!,Queen Bee,MELISSA,0-0-0,3,AllUrBaseRBelongToUs,Nikolai Khabibulin,0-0-0,9
2014,19,328.l.34893,Dodgers a steal at 2 Billion!,Troutstanding,NOBS,0-0-0,7,Sidd Finch X,Paulie,0-0-0,5
2014,19,328.l.34893,Dodgers a steal at 2 Billion!,FUCK BASEBALL,Joshua,0-0-0,7,Zegster,M Z,0-0-0,6
2014,19,328.l.34893,Dodgers a steal at 2 Billion!,Jeff's Okay Team,Jeff,0-0-0,10,The Evil Empire,Kevo,0-0-0,3
2014,19,328.l.34893,Dodgers a steal at 2 Billion!,Weazzills Wack Socks,Weazy,0-0-0,7,Medulla Oblongata,Brett,0-0-0,5
2014,20,328.l.34893,Dodgers a steal at 2 Billion!,GooseRules,The Wizard,0-0-0,12,Weazzills Wack Socks,Weazy,0-0-0,2
2014,20,328.l.34893,Dodgers a steal at 2 Billion!,Queen Bee,MELISSA,0-0-0,3,Lt Dans Better Legs,Dan,0-0-0,9
2014,20,328.l.34893,Dodgers a steal at 2 Billion!,Troutstanding,NOBS,0-0-0,8,AllUrBaseRBelongToUs,Nikolai Khabibulin,0-0-0,5
2014,20,328.l.34893,Dodgers a steal at 2 Billion!,FUCK BASEBALL,Joshua,0-0-0,6,Sidd Finch X,Paulie,0-0-0,7
2014,20,328.l.34893,Dodgers a steal at 2 Billion!,Jeff's Okay Team,Jeff,0-0-0,8,Zegster,M Z,0-0-0,3
2014,20,328.l.34893,Dodgers a steal at 2 Billion!,Medulla Oblongata,Brett,0-0-0,9,The Evil Empire,Kevo,0-0-0,3
2014,21,328.l.34893,Dodgers a steal at 2 Billion!,GooseRules,The Wizard,0-0-0,6,Medulla Oblongata,Brett,0-0-0,7
2014,21,328.l.34893,Dodgers a steal at 2 Billion!,Queen Bee,MELISSA,0-0-0,7,Weazzills Wack Socks,Weazy,0-0-0,5
2014,21,328.l.34893,Dodgers a steal at 2 Billion!,Troutstanding,NOBS,0-0-0,5,Lt Dans Better Legs,Dan,0-0-0,7
2014,21,328.l.34893,Dodgers a steal at 2 Billion!,FUCK BASEBALL,Joshua,0-0-0,6,AllUrBaseRBelongToUs,Nikolai Khabibulin,0-0-0,6
2014,21,328.l.34893,Dodgers a steal at 2 Billion!,Jeff's Okay Team,Jeff,0-0-0,9,Sidd Finch X,Paulie,0-0-0,3
2014,21,328.l.34893,Dodgers a steal at 2 Billion!,Zegster,M Z,0-0-0,8,The Evil Empire,Kevo,0-0-0,4
2014,22,328.l.34893,Dodgers a steal at 2 Billion!,GooseRules,The Wizard,0-0-0,8,The Evil Empire,Kevo,0-0-0,5
2014,22,328.l.34893,Dodgers a steal at 2 Billion!,Queen Bee,MELISSA,0-0-0,6,Medulla Oblongata,Brett,0-0-0,7
2014,22,328.l.34893,Dodgers a steal at 2 Billion!,Troutstanding,NOBS,0-0-0,8,Weazzills Wack Socks,Weazy,0-0-0,5
2014,22,328.l.34893,Dodgers a steal at 2 Billion!,FUCK BASEBALL,Joshua,0-0-0,2,Lt Dans Better Legs,Dan,0-0-0,11
2014,22,328.l.34893,Dodgers a steal at 2 Billion!,Jeff's Okay Team,Jeff,0-0-0,4,AllUrBaseRBelongToUs,Nikolai Khabibulin,0-0-0,10
2014,22,328.l.34893,Dodgers a steal at 2 Billion!,Zegster,M Z,0-0-0,8,Sidd Finch X,Paulie,0-0-0,3
2014,23,328.l.34893,Dodgers a steal at 2 Billion!,Queen Bee,MELISSA,0-0-0,5,Sidd Finch X,Paulie,0-0-0,7
2014,23,328.l.34893,Dodgers a steal at 2 Billion!,Troutstanding,NOBS,0-0-0,6,Weazzills Wack Socks,Weazy,0-0-0,4
2014,23,328.l.34893,Dodgers a steal at 2 Billion!,Jeff's Okay Team,Jeff,0-0-0,3,Lt Dans Better Legs,Dan,0-0-0,7
2014,23,328.l.34893,Dodgers a steal at 2 Billion!,Zegster,M Z,0-0-0,9,The Evil Empire,Kevo,0-0-0,2
2014,24,328.l.34893,Dodgers a steal at 2 Billion!,GooseRules,The Wizard,0-0-0,1,Troutstanding,NOBS,0-0-0,11
2014,24,328.l.34893,Dodgers a steal at 2 Billion!,Queen Bee,MELISSA,0-0-0,8,The Evil Empire,Kevo,0-0-0,4
2014,24,328.l.34893,Dodgers a steal at 2 Billion!,FUCK BASEBALL,Joshua,0-0-0,2,Zegster,M Z,0-0-0,10
2014,24,328.l.34893,Dodgers a steal at 2 Billion!,Jeff's Okay Team,Jeff,0-0-0,6,Weazzills Wack Socks,Weazy,0-0-0,6
2014,24,328.l.34893,Dodgers a steal at 2 Billion!,Sidd Finch X,Paulie,0-0-0,1,Medulla Oblongata,Brett,0-0-0,11
2014,24,328.l.34893,Dodgers a steal at 2 Billion!,AllUrBaseRBelongToUs,Nikolai Khabibulin,0-0-0,7,Lt Dans Better Legs,Dan,0-0-0,6
2014,25,328.l.34893,Dodgers a steal at 2 Billion!,GooseRules,The Wizard,0-0-0,8,Lt Dans Better Legs,Dan,0-0-0,4
2014,25,328.l.34893,Dodgers a steal at 2 Billion!,Troutstanding,NOBS,0-0-0,4,AllUrBaseRBelongToUs,Nikolai Khabibulin,0-0-0,7
2014,25,328.l.34893,Dodgers a steal at 2 Billion!,FUCK BASEBALL,Joshua,0-0-0,3,Sidd Finch X,Paulie,0-0-0,8
2014,25,328.l.34893,Dodgers a steal at 2 Billion!,Zegster,M Z,0-0-0,12,Medulla Oblongata,Brett,0-0-0,0
2014,1,328.l.112970,Cub Fans Only,Back Up The Truck!!,Dan,0-0-0,4,RBI Speedwagon,Paulie,0-0-0,5
2014,1,328.l.112970,Cub Fans Only,Just the tip,Baby..I&#39;m gonna butter your bread,0-0-0,7,The Wild Things,MojoHusker,0-0-0,3
2014,1,328.l.112970,Cub Fans Only,Multiple Scorgasms,Jambalaya,0-0-0,9,The Evil Empire,Kevo,0-0-0,2
2014,1,328.l.112970,Cub Fans Only,Byrnes When I Peavy,Meatty,0-0-0,5,Zegster,M Z,0-0-0,5
2014,1,328.l.112970,Cub Fans Only,We've Got the Runs,Nikolai Khabibulin,0-0-0,5,NOBS's Team,NOBS,0-0-0,5
2014,2,328.l.112970,Cub Fans Only,Back Up The Truck!!,Dan,0-0-0,2,Just the tip,Baby..I&#39;m gonna butter your bread,0-0-0,9
2014,2,328.l.112970,Cub Fans Only,RBI Speedwagon,Paulie,0-0-0,7,NOBS's Team,NOBS,0-0-0,2
2014,2,328.l.112970,Cub Fans Only,Multiple Scorgasms,Jambalaya,0-0-0,8,The Wild Things,MojoHusker,0-0-0,2
2014,2,328.l.112970,Cub Fans Only,Byrnes When I Peavy,Meatty,0-0-0,5,The Evil Empire,Kevo,0-0-0,4
2014,2,328.l.112970,Cub Fans Only,We've Got the Runs,Nikolai Khabibulin,0-0-0,9,Zegster,M Z,0-0-0,2
2014,3,328.l.112970,Cub Fans Only,Back Up The Truck!!,Dan,0-0-0,3,Multiple Scorgasms,Jambalaya,0-0-0,6
2014,3,328.l.112970,Cub Fans Only,RBI Speedwagon,Paulie,0-0-0,9,Just the tip,Baby..I&#39;m gonna butter your bread,0-0-0,2
2014,3,328.l.112970,Cub Fans Only,Byrnes When I Peavy,Meatty,0-0-0,3,The Wild Things,MojoHusker,0-0-0,8
2014,3,328.l.112970,Cub Fans Only,We've Got the Runs,Nikolai Khabibulin,0-0-0,9,The Evil Empire,Kevo,0-0-0,2
2014,3,328.l.112970,Cub Fans Only,Zegster,M Z,0-0-0,4,NOBS's Team,NOBS,0-0-0,7
2014,4,328.l.112970,Cub Fans Only,Back Up The Truck!!,Dan,0-0-0,7,Byrnes When I Peavy,Meatty,0-0-0,4
2014,4,328.l.112970,Cub Fans Only,RBI Speedwagon,Paulie,0-0-0,6,Multiple Scorgasms,Jambalaya,0-0-0,4
2014,4,328.l.112970,Cub Fans Only,Just the tip,Baby..I&#39;m gonna butter your bread,0-0-0,2,NOBS's Team,NOBS,0-0-0,8
2014,4,328.l.112970,Cub Fans Only,We've Got the Runs,Nikolai Khabibulin,0-0-0,6,The Wild Things,MojoHusker,0-0-0,4
2014,4,328.l.112970,Cub Fans Only,Zegster,M Z,0-0-0,6,The Evil Empire,Kevo,0-0-0,4
2014,5,328.l.112970,Cub Fans Only,Back Up The Truck!!,Dan,0-0-0,8,We've Got the Runs,Nikolai Khabibulin,0-0-0,3
2014,5,328.l.112970,Cub Fans Only,RBI Speedwagon,Paulie,0-0-0,10,Byrnes When I Peavy,Meatty,0-0-0,1
2014,5,328.l.112970,Cub Fans Only,Just the tip,Baby..I&#39;m gonna butter your bread,0-0-0,4,Multiple Scorgasms,Jambalaya,0-0-0,6
2014,5,328.l.112970,Cub Fans Only,Zegster,M Z,0-0-0,3,The Wild Things,MojoHusker,0-0-0,7
2014,5,328.l.112970,Cub Fans Only,The Evil Empire,Kevo,0-0-0,4,NOBS's Team,NOBS,0-0-0,7
2014,6,328.l.112970,Cub Fans Only,Back Up The Truck!!,Dan,0-0-0,4,Zegster,M Z,0-0-0,4
2014,6,328.l.112970,Cub Fans Only,RBI Speedwagon,Paulie,0-0-0,6,We've Got the Runs,Nikolai Khabibulin,0-0-0,4
2014,6,328.l.112970,Cub Fans Only,Just the tip,Baby..I&#39;m gonna butter your bread,0-0-0,1,Byrnes When I Peavy,Meatty,0-0-0,9
2014,6,328.l.112970,Cub Fans Only,Multiple Scorgasms,Jambalaya,0-0-0,3,NOBS's Team,NOBS,0-0-0,8
2014,6,328.l.112970,Cub Fans Only,The Evil Empire,Kevo,0-0-0,0,The Wild Things,MojoHusker,0-0-0,11
2014,7,328.l.112970,Cub Fans Only,Back Up The Truck!!,Dan,0-0-0,7,The Evil Empire,Kevo,0-0-0,4
2014,7,328.l.112970,Cub Fans Only,RBI Speedwagon,Paulie,0-0-0,6,Zegster,M Z,0-0-0,4
2014,7,328.l.112970,Cub Fans Only,Just the tip,Baby..I&#39;m gonna butter your bread,0-0-0,4,We've Got the Runs,Nikolai Khabibulin,0-0-0,6
2014,7,328.l.112970,Cub Fans Only,Multiple Scorgasms,Jambalaya,0-0-0,3,Byrnes When I Peavy,Meatty,0-0-0,7
2014,7,328.l.112970,Cub Fans Only,The Wild Things,MojoHusker,0-0-0,1,NOBS's Team,NOBS,0-0-0,9
2014,8,328.l.112970,Cub Fans Only,Back Up The Truck!!,Dan,0-0-0,6,The Wild Things,MojoHusker,0-0-0,4
2014,8,328.l.112970,Cub Fans Only,RBI Speedwagon,Paulie,0-0-0,9,The Evil Empire,Kevo,0-0-0,2
2014,8,328.l.112970,Cub Fans Only,Just the tip,Baby..I&#39;m gonna butter your bread,0-0-0,5,Zegster,M Z,0-0-0,6
2014,8,328.l.112970,Cub Fans Only,Multiple Scorgasms,Jambalaya,0-0-0,6,We've Got the Runs,Nikolai Khabibulin,0-0-0,3
2014,8,328.l.112970,Cub Fans Only,Byrnes When I Peavy,Meatty,0-0-0,5,NOBS's Team,NOBS,0-0-0,5
2014,9,328.l.112970,Cub Fans Only,Back Up The Truck!!,Dan,0-0-0,7,NOBS's Team,NOBS,0-0-0,4
2014,9,328.l.112970,Cub Fans Only,RBI Speedwagon,Paulie,0-0-0,5,The Wild Things,MojoHusker,0-0-0,5
2014,9,328.l.112970,Cub Fans Only,Just the tip,Baby..I&#39;m gonna butter your bread,0-0-0,7,The Evil Empire,Kevo,0-0-0,4
2014,9,328.l.112970,Cub Fans Only,Multiple Scorgasms,Jambalaya,0-0-0,5,Zegster,M Z,0-0-0,5
2014,9,328.l.112970,Cub Fans Only,Byrnes When I Peavy,Meatty,0-0-0,7,We've Got the Runs,Nikolai Khabibulin,0-0-0,4
2014,10,328.l.112970,Cub Fans Only,Back Up The Truck!!,Dan,0-0-0,4,RBI Speedwagon,Paulie,0-0-0,7
2014,10,328.l.112970,Cub Fans Only,Just the tip,Baby..I&#39;m gonna butter your bread,0-0-0,1,The Wild Things,MojoHusker,0-0-0,10
2014,10,328.l.112970,Cub Fans Only,Multiple Scorgasms,Jambalaya,0-0-0,11,The Evil Empire,Kevo,0-0-0,0
2014,10,328.l.112970,Cub Fans Only,Byrnes When I Peavy,Meatty,0-0-0,6,Zegster,M Z,0-0-0,5
2014,10,328.l.112970,Cub Fans Only,We've Got the Runs,Nikolai Khabibulin,0-0-0,0,NOBS's Team,NOBS,0-0-0,11
2014,11,328.l.112970,Cub Fans Only,Back Up The Truck!!,Dan,0-0-0,8,Just the tip,Baby..I&#39;m gonna butter your bread,0-0-0,2
2014,11,328.l.112970,Cub Fans Only,RBI Speedwagon,Paulie,0-0-0,0,NOBS's Team,NOBS,0-0-0,10
2014,11,328.l.112970,Cub Fans Only,Multiple Scorgasms,Jambalaya,0-0-0,4,The Wild Things,MojoHusker,0-0-0,6
2014,11,328.l.112970,Cub Fans Only,Byrnes When I Peavy,Meatty,0-0-0,10,The Evil Empire,Kevo,0-0-0,1
2014,11,328.l.112970,Cub Fans Only,We've Got the Runs,Nikolai Khabibulin,0-0-0,4,Zegster,M Z,0-0-0,6
2014,12,328.l.112970,Cub Fans Only,Back Up The Truck!!,Dan,0-0-0,4,Multiple Scorgasms,Jambalaya,0-0-0,5
2014,12,328.l.112970,Cub Fans Only,RBI Speedwagon,Paulie,0-0-0,8,Just the tip,Baby..I&#39;m gonna butter your bread,0-0-0,3
2014,12,328.l.112970,Cub Fans Only,Byrnes When I Peavy,Meatty,0-0-0,4,The Wild Things,MojoHusker,0-0-0,7
2014,12,328.l.112970,Cub Fans Only,We've Got the Runs,Nikolai Khabibulin,0-0-0,9,The Evil Empire,Kevo,0-0-0,0
2014,12,328.l.112970,Cub Fans Only,Zegster,M Z,0-0-0,3,NOBS's Team,NOBS,0-0-0,8
2014,13,328.l.112970,Cub Fans Only,Back Up The Truck!!,Dan,0-0-0,6,Byrnes When I Peavy,Meatty,0-0-0,4
2014,13,328.l.112970,Cub Fans Only,RBI Speedwagon,Paulie,0-0-0,1,Multiple Scorgasms,Jambalaya,0-0-0,10
2014,13,328.l.112970,Cub Fans Only,Just the tip,Baby..I&#39;m gonna butter your bread,0-0-0,4,NOBS's Team,NOBS,0-0-0,6
2014,13,328.l.112970,Cub Fans Only,We've Got the Runs,Nikolai Khabibulin,0-0-0,5,The Wild Things,MojoHusker,0-0-0,6
2014,13,328.l.112970,Cub Fans Only,Zegster,M Z,0-0-0,10,The Evil Empire,Kevo,0-0-0,1
2014,14,328.l.112970,Cub Fans Only,Back Up The Truck!!,Dan,0-0-0,7,We've Got the Runs,Nikolai Khabibulin,0-0-0,3
2014,14,328.l.112970,Cub Fans Only,RBI Speedwagon,Paulie,0-0-0,8,Byrnes When I Peavy,Meatty,0-0-0,3
2014,14,328.l.112970,Cub Fans Only,Just the tip,Baby..I&#39;m gonna butter your bread,0-0-0,5,Multiple Scorgasms,Jambalaya,0-0-0,4
2014,14,328.l.112970,Cub Fans Only,Zegster,M Z,0-0-0,1,The Wild Things,MojoHusker,0-0-0,10
2014,14,328.l.112970,Cub Fans Only,The Evil Empire,Kevo,0-0-0,0,NOBS's Team,NOBS,0-0-0,11
2014,15,328.l.112970,Cub Fans Only,Back Up The Truck!!,Dan,0-0-0,2,Zegster,M Z,0-0-0,8
2014,15,328.l.112970,Cub Fans Only,RBI Speedwagon,Paulie,0-0-0,4,We've Got the Runs,Nikolai Khabibulin,0-0-0,7
2014,15,328.l.112970,Cub Fans Only,Just the tip,Baby..I&#39;m gonna butter your bread,0-0-0,10,Byrnes When I Peavy,Meatty,0-0-0,1
2014,15,328.l.112970,Cub Fans Only,Multiple Scorgasms,Jambalaya,0-0-0,4,NOBS's Team,NOBS,0-0-0,6
2014,15,328.l.112970,Cub Fans Only,The Evil Empire,Kevo,0-0-0,0,The Wild Things,MojoHusker,0-0-0,11
2014,16,328.l.112970,Cub Fans Only,Back Up The Truck!!,Dan,0-0-0,7,The Evil Empire,Kevo,0-0-0,3
2014,16,328.l.112970,Cub Fans Only,RBI Speedwagon,Paulie,0-0-0,3,Zegster,M Z,0-0-0,6
2014,16,328.l.112970,Cub Fans Only,Just the tip,Baby..I&#39;m gonna butter your bread,0-0-0,1,We've Got the Runs,Nikolai Khabibulin,0-0-0,10
2014,16,328.l.112970,Cub Fans Only,Multiple Scorgasms,Jambalaya,0-0-0,8,Byrnes When I Peavy,Meatty,0-0-0,2
2014,16,328.l.112970,Cub Fans Only,The Wild Things,MojoHusker,0-0-0,5,NOBS's Team,NOBS,0-0-0,3
2014,17,328.l.112970,Cub Fans Only,Back Up The Truck!!,Dan,0-0-0,6,The Wild Things,MojoHusker,0-0-0,5
2014,17,328.l.112970,Cub Fans Only,RBI Speedwagon,Paulie,0-0-0,8,The Evil Empire,Kevo,0-0-0,1
2014,17,328.l.112970,Cub Fans Only,Just the tip,Baby..I&#39;m gonna butter your bread,0-0-0,1,Zegster,M Z,0-0-0,10
2014,17,328.l.112970,Cub Fans Only,Multiple Scorgasms,Jambalaya,0-0-0,5,We've Got the Runs,Nikolai Khabibulin,0-0-0,6
2014,17,328.l.112970,Cub Fans Only,Byrnes When I Peavy,Meatty,0-0-0,4,NOBS's Team,NOBS,0-0-0,7
2014,18,328.l.112970,Cub Fans Only,Back Up The Truck!!,Dan,0-0-0,3,NOBS's Team,NOBS,0-0-0,7
2014,18,328.l.112970,Cub Fans Only,RBI Speedwagon,Paulie,0-0-0,4,The Wild Things,MojoHusker,0-0-0,7
2014,18,328.l.112970,Cub Fans Only,Just the tip,Baby..I&#39;m gonna butter your bread,0-0-0,10,The Evil Empire,Kevo,0-0-0,1
2014,18,328.l.112970,Cub Fans Only,Multiple Scorgasms,Jambalaya,0-0-0,4,Zegster,M Z,0-0-0,7
2014,18,328.l.112970,Cub Fans Only,Byrnes When I Peavy,Meatty,0-0-0,1,We've Got the Runs,Nikolai Khabibulin,0-0-0,10
2014,19,328.l.112970,Cub Fans Only,Back Up The Truck!!,Dan,0-0-0,0,RBI Speedwagon,Paulie,0-0-0,10
2014,19,328.l.112970,Cub Fans Only,Just the tip,Baby..I&#39;m gonna butter your bread,0-0-0,1,The Wild Things,MojoHusker,0-0-0,10
2014,19,328.l.112970,Cub Fans Only,Multiple Scorgasms,Jambalaya,0-0-0,11,The Evil Empire,Kevo,0-0-0,0
2014,19,328.l.112970,Cub Fans Only,Byrnes When I Peavy,Meatty,0-0-0,4,Zegster,M Z,0-0-0,6
2014,19,328.l.112970,Cub Fans Only,We've Got the Runs,Nikolai Khabibulin,0-0-0,2,NOBS's Team,NOBS,0-0-0,8
2014,20,328.l.112970,Cub Fans Only,Back Up The Truck!!,Dan,0-0-0,8,Just the tip,Baby..I&#39;m gonna butter your bread,0-0-0,3
2014,20,328.l.112970,Cub Fans Only,RBI Speedwagon,Paulie,0-0-0,4,NOBS's Team,NOBS,0-0-0,6
2014,20,328.l.112970,Cub Fans Only,Multiple Scorgasms,Jambalaya,0-0-0,4,The Wild Things,MojoHusker,0-0-0,7
2014,20,328.l.112970,Cub Fans Only,Byrnes When I Peavy,Meatty,0-0-0,3,The Evil Empire,Kevo,0-0-0,3
2014,20,328.l.112970,Cub Fans Only,We've Got the Runs,Nikolai Khabibulin,0-0-0,9,Zegster,M Z,0-0-0,1
2014,21,328.l.112970,Cub Fans Only,Back Up The Truck!!,Dan,0-0-0,9,Multiple Scorgasms,Jambalaya,0-0-0,0
2014,21,328.l.112970,Cub Fans Only,RBI Speedwagon,Paulie,0-0-0,7,Just the tip,Baby..I&#39;m gonna butter your bread,0-0-0,3
2014,21,328.l.112970,Cub Fans Only,Byrnes When I Peavy,Meatty,0-0-0,2,The Wild Things,MojoHusker,0-0-0,9
2014,21,328.l.112970,Cub Fans Only,We've Got the Runs,Nikolai Khabibulin,0-0-0,10,The Evil Empire,Kevo,0-0-0,1
2014,21,328.l.112970,Cub Fans Only,Zegster,M Z,0-0-0,6,NOBS's Team,NOBS,0-0-0,4
2014,22,328.l.112970,Cub Fans Only,Back Up The Truck!!,Dan,0-0-0,10,Byrnes When I Peavy,Meatty,0-0-0,1
2014,22,328.l.112970,Cub Fans Only,RBI Speedwagon,Paulie,0-0-0,3,Multiple Scorgasms,Jambalaya,0-0-0,7
2014,22,328.l.112970,Cub Fans Only,Just the tip,Baby..I&#39;m gonna butter your bread,0-0-0,0,NOBS's Team,NOBS,0-0-0,10
2014,22,328.l.112970,Cub Fans Only,We've Got the Runs,Nikolai Khabibulin,0-0-0,2,The Wild Things,MojoHusker,0-0-0,8
2014,22,328.l.112970,Cub Fans Only,Zegster,M Z,0-0-0,10,The Evil Empire,Kevo,0-0-0,1
2014,23,328.l.112970,Cub Fans Only,Back Up The Truck!!,Dan,0-0-0,8,RBI Speedwagon,Paulie,0-0-0,2
2014,23,328.l.112970,Cub Fans Only,Multiple Scorgasms,Jambalaya,0-0-0,6,We've Got the Runs,Nikolai Khabibulin,0-0-0,5
2014,24,328.l.112970,Cub Fans Only,Back Up The Truck!!,Dan,0-0-0,2,The Wild Things,MojoHusker,0-0-0,9
2014,24,328.l.112970,Cub Fans Only,RBI Speedwagon,Paulie,0-0-0,5,We've Got the Runs,Nikolai Khabibulin,0-0-0,6
2014,24,328.l.112970,Cub Fans Only,Just the tip,Baby..I&#39;m gonna butter your bread,0-0-0,1,Byrnes When I Peavy,Meatty,0-0-0,5
2014,24,328.l.112970,Cub Fans Only,Multiple Scorgasms,Jambalaya,0-0-0,6,NOBS's Team,NOBS,0-0-0,4
2014,24,328.l.112970,Cub Fans Only,Zegster,M Z,0-0-0,8,The Evil Empire,Kevo,0-0-0,3
2014,25,328.l.112970,Cub Fans Only,Back Up The Truck!!,Dan,0-0-0,3,NOBS's Team,NOBS,0-0-0,8
2014,25,328.l.112970,Cub Fans Only,Just the tip,Baby..I&#39;m gonna butter your bread,0-0-0,1,The Evil Empire,Kevo,0-0-0,4
2014,25,328.l.112970,Cub Fans Only,Multiple Scorgasms,Jambalaya,0-0-0,5,The Wild Things,MojoHusker,0-0-0,6
2014,25,328.l.112970,Cub Fans Only,Byrnes When I Peavy,Meatty,0-0-0,7,Zegster,M Z,0-0-0,4
2015,1,346.l.18224,Dodgers - Moneyball with Money,GooseRules,The Wizard,0-0-0,5,Sidd Finch X,Paulie,0-0-0,8
2015,1,346.l.18224,Dodgers - Moneyball with Money,Weazzills Wack Socks,Weazy,0-0-0,3,Jeff's Okay Team,Jeff,0-0-0,8
2015,1,346.l.18224,Dodgers - Moneyball with Money,AllUrBaseRBelong2Us,Nikolai Khabibulin,0-0-0,8,I Pitch You Catch,DiZzY,0-0-0,4
2015,1,346.l.18224,Dodgers - Moneyball with Money,Zegster,M Z,0-0-0,6,Lt Dans Better Legs,Dan,0-0-0,7
2015,1,346.l.18224,Dodgers - Moneyball with Money,Cyberneck,Joshua,0-0-0,6,Troutstanding #1,NOBS,0-0-0,6
2015,1,346.l.18224,Dodgers - Moneyball with Money,Medulla Oblongata,Brett,0-0-0,10,The Evil Empire,Kevo,0-0-0,2
2015,2,346.l.18224,Dodgers - Moneyball with Money,GooseRules,The Wizard,0-0-0,9,Weazzills Wack Socks,Weazy,0-0-0,3
2015,2,346.l.18224,Dodgers - Moneyball with Money,Sidd Finch X,Paulie,0-0-0,7,The Evil Empire,Kevo,0-0-0,5
2015,2,346.l.18224,Dodgers - Moneyball with Money,AllUrBaseRBelong2Us,Nikolai Khabibulin,0-0-0,10,Jeff's Okay Team,Jeff,0-0-0,2
2015,2,346.l.18224,Dodgers - Moneyball with Money,Zegster,M Z,0-0-0,8,I Pitch You Catch,DiZzY,0-0-0,5
2015,2,346.l.18224,Dodgers - Moneyball with Money,Cyberneck,Joshua,0-0-0,6,Lt Dans Better Legs,Dan,0-0-0,7
2015,2,346.l.18224,Dodgers - Moneyball with Money,Medulla Oblongata,Brett,0-0-0,3,Troutstanding #1,NOBS,0-0-0,10
2015,3,346.l.18224,Dodgers - Moneyball with Money,GooseRules,The Wizard,0-0-0,6,AllUrBaseRBelong2Us,Nikolai Khabibulin,0-0-0,7
2015,3,346.l.18224,Dodgers - Moneyball with Money,Sidd Finch X,Paulie,0-0-0,7,Weazzills Wack Socks,Weazy,0-0-0,4
2015,3,346.l.18224,Dodgers - Moneyball with Money,Zegster,M Z,0-0-0,2,Jeff's Okay Team,Jeff,0-0-0,11
2015,3,346.l.18224,Dodgers - Moneyball with Money,Cyberneck,Joshua,0-0-0,6,I Pitch You Catch,DiZzY,0-0-0,5
2015,3,346.l.18224,Dodgers - Moneyball with Money,Medulla Oblongata,Brett,0-0-0,4,Lt Dans Better Legs,Dan,0-0-0,9
2015,3,346.l.18224,Dodgers - Moneyball with Money,Troutstanding #1,NOBS,0-0-0,6,The Evil Empire,Kevo,0-0-0,7
2015,4,346.l.18224,Dodgers - Moneyball with Money,GooseRules,The Wizard,0-0-0,9,Zegster,M Z,0-0-0,5
2015,4,346.l.18224,Dodgers - Moneyball with Money,Sidd Finch X,Paulie,0-0-0,0,AllUrBaseRBelong2Us,Nikolai Khabibulin,0-0-0,13
2015,4,346.l.18224,Dodgers - Moneyball with Money,Weazzills Wack Socks,Weazy,0-0-0,7,The Evil Empire,Kevo,0-0-0,6
2015,4,346.l.18224,Dodgers - Moneyball with Money,Cyberneck,Joshua,0-0-0,8,Jeff's Okay Team,Jeff,0-0-0,4
2015,4,346.l.18224,Dodgers - Moneyball with Money,Medulla Oblongata,Brett,0-0-0,2,I Pitch You Catch,DiZzY,0-0-0,11
2015,4,346.l.18224,Dodgers - Moneyball with Money,Troutstanding #1,NOBS,0-0-0,6,Lt Dans Better Legs,Dan,0-0-0,7
2015,5,346.l.18224,Dodgers - Moneyball with Money,GooseRules,The Wizard,0-0-0,5,Cyberneck,Joshua,0-0-0,7
2015,5,346.l.18224,Dodgers - Moneyball with Money,Sidd Finch X,Paulie,0-0-0,3,Zegster,M Z,0-0-0,11
2015,5,346.l.18224,Dodgers - Moneyball with Money,Weazzills Wack Socks,Weazy,0-0-0,1,AllUrBaseRBelong2Us,Nikolai Khabibulin,0-0-0,12
2015,5,346.l.18224,Dodgers - Moneyball with Money,Medulla Oblongata,Brett,0-0-0,5,Jeff's Okay Team,Jeff,0-0-0,7
2015,5,346.l.18224,Dodgers - Moneyball with Money,Troutstanding #1,NOBS,0-0-0,9,I Pitch You Catch,DiZzY,0-0-0,4
2015,5,346.l.18224,Dodgers - Moneyball with Money,Lt Dans Better Legs,Dan,0-0-0,5,The Evil Empire,Kevo,0-0-0,8
2015,6,346.l.18224,Dodgers - Moneyball with Money,GooseRules,The Wizard,0-0-0,8,Medulla Oblongata,Brett,0-0-0,5
2015,6,346.l.18224,Dodgers - Moneyball with Money,Sidd Finch X,Paulie,0-0-0,5,Cyberneck,Joshua,0-0-0,7
2015,6,346.l.18224,Dodgers - Moneyball with Money,Weazzills Wack Socks,Weazy,0-0-0,5,Zegster,M Z,0-0-0,8
2015,6,346.l.18224,Dodgers - Moneyball with Money,AllUrBaseRBelong2Us,Nikolai Khabibulin,0-0-0,10,The Evil Empire,Kevo,0-0-0,2
2015,6,346.l.18224,Dodgers - Moneyball with Money,Troutstanding #1,NOBS,0-0-0,5,Jeff's Okay Team,Jeff,0-0-0,6
2015,6,346.l.18224,Dodgers - Moneyball with Money,Lt Dans Better Legs,Dan,0-0-0,2,I Pitch You Catch,DiZzY,0-0-0,12
2015,7,346.l.18224,Dodgers - Moneyball with Money,GooseRules,The Wizard,0-0-0,8,Troutstanding #1,NOBS,0-0-0,5
2015,7,346.l.18224,Dodgers - Moneyball with Money,Sidd Finch X,Paulie,0-0-0,10,Medulla Oblongata,Brett,0-0-0,3
2015,7,346.l.18224,Dodgers - Moneyball with Money,Weazzills Wack Socks,Weazy,0-0-0,5,Cyberneck,Joshua,0-0-0,6
2015,7,346.l.18224,Dodgers - Moneyball with Money,AllUrBaseRBelong2Us,Nikolai Khabibulin,0-0-0,9,Zegster,M Z,0-0-0,4
2015,7,346.l.18224,Dodgers - Moneyball with Money,Lt Dans Better Legs,Dan,0-0-0,9,Jeff's Okay Team,Jeff,0-0-0,3
2015,7,346.l.18224,Dodgers - Moneyball with Money,I Pitch You Catch,DiZzY,0-0-0,5,The Evil Empire,Kevo,0-0-0,8
2015,8,346.l.18224,Dodgers - Moneyball with Money,GooseRules,The Wizard,0-0-0,7,Lt Dans Better Legs,Dan,0-0-0,5
2015,8,346.l.18224,Dodgers - Moneyball with Money,Sidd Finch X,Paulie,0-0-0,3,Troutstanding #1,NOBS,0-0-0,10
2015,8,346.l.18224,Dodgers - Moneyball with Money,Weazzills Wack Socks,Weazy,0-0-0,10,Medulla Oblongata,Brett,0-0-0,3
2015,8,346.l.18224,Dodgers - Moneyball with Money,AllUrBaseRBelong2Us,Nikolai Khabibulin,0-0-0,9,Cyberneck,Joshua,0-0-0,4
2015,8,346.l.18224,Dodgers - Moneyball with Money,Zegster,M Z,0-0-0,8,The Evil Empire,Kevo,0-0-0,4
2015,8,346.l.18224,Dodgers - Moneyball with Money,I Pitch You Catch,DiZzY,0-0-0,8,Jeff's Okay Team,Jeff,0-0-0,4
2015,9,346.l.18224,Dodgers - Moneyball with Money,GooseRules,The Wizard,0-0-0,9,I Pitch You Catch,DiZzY,0-0-0,3
2015,9,346.l.18224,Dodgers - Moneyball with Money,Sidd Finch X,Paulie,0-0-0,10,Lt Dans Better Legs,Dan,0-0-0,4
2015,9,346.l.18224,Dodgers - Moneyball with Money,Weazzills Wack Socks,Weazy,0-0-0,5,Troutstanding #1,NOBS,0-0-0,8
2015,9,346.l.18224,Dodgers - Moneyball with Money,AllUrBaseRBelong2Us,Nikolai Khabibulin,0-0-0,4,Medulla Oblongata,Brett,0-0-0,9
2015,9,346.l.18224,Dodgers - Moneyball with Money,Zegster,M Z,0-0-0,11,Cyberneck,Joshua,0-0-0,2
2015,9,346.l.18224,Dodgers - Moneyball with Money,Jeff's Okay Team,Jeff,0-0-0,9,The Evil Empire,Kevo,0-0-0,3
2015,10,346.l.18224,Dodgers - Moneyball with Money,GooseRules,The Wizard,0-0-0,9,Jeff's Okay Team,Jeff,0-0-0,5
2015,10,346.l.18224,Dodgers - Moneyball with Money,Sidd Finch X,Paulie,0-0-0,8,I Pitch You Catch,DiZzY,0-0-0,5
2015,10,346.l.18224,Dodgers - Moneyball with Money,Weazzills Wack Socks,Weazy,0-0-0,10,Lt Dans Better Legs,Dan,0-0-0,2
2015,10,346.l.18224,Dodgers - Moneyball with Money,AllUrBaseRBelong2Us,Nikolai Khabibulin,0-0-0,8,Troutstanding #1,NOBS,0-0-0,5
2015,10,346.l.18224,Dodgers - Moneyball with Money,Zegster,M Z,0-0-0,9,Medulla Oblongata,Brett,0-0-0,4
2015,10,346.l.18224,Dodgers - Moneyball with Money,Cyberneck,Joshua,0-0-0,3,The Evil Empire,Kevo,0-0-0,9
2015,11,346.l.18224,Dodgers - Moneyball with Money,GooseRules,The Wizard,0-0-0,3,The Evil Empire,Kevo,0-0-0,9
2015,11,346.l.18224,Dodgers - Moneyball with Money,Sidd Finch X,Paulie,0-0-0,8,Jeff's Okay Team,Jeff,0-0-0,4
2015,11,346.l.18224,Dodgers - Moneyball with Money,Weazzills Wack Socks,Weazy,0-0-0,6,I Pitch You Catch,DiZzY,0-0-0,8
2015,11,346.l.18224,Dodgers - Moneyball with Money,AllUrBaseRBelong2Us,Nikolai Khabibulin,0-0-0,8,Lt Dans Better Legs,Dan,0-0-0,6
2015,11,346.l.18224,Dodgers - Moneyball with Money,Zegster,M Z,0-0-0,1,Troutstanding #1,NOBS,0-0-0,10
2015,11,346.l.18224,Dodgers - Moneyball with Money,Cyberneck,Joshua,0-0-0,3,Medulla Oblongata,Brett,0-0-0,8
2015,12,346.l.18224,Dodgers - Moneyball with Money,GooseRules,The Wizard,0-0-0,6,Sidd Finch X,Paulie,0-0-0,6
2015,12,346.l.18224,Dodgers - Moneyball with Money,Weazzills Wack Socks,Weazy,0-0-0,4,Jeff's Okay Team,Jeff,0-0-0,9
2015,12,346.l.18224,Dodgers - Moneyball with Money,AllUrBaseRBelong2Us,Nikolai Khabibulin,0-0-0,6,I Pitch You Catch,DiZzY,0-0-0,7
2015,12,346.l.18224,Dodgers - Moneyball with Money,Zegster,M Z,0-0-0,8,Lt Dans Better Legs,Dan,0-0-0,4
2015,12,346.l.18224,Dodgers - Moneyball with Money,Cyberneck,Joshua,0-0-0,11,Troutstanding #1,NOBS,0-0-0,2
2015,12,346.l.18224,Dodgers - Moneyball with Money,Medulla Oblongata,Brett,0-0-0,10,The Evil Empire,Kevo,0-0-0,4
2015,13,346.l.18224,Dodgers - Moneyball with Money,GooseRules,The Wizard,0-0-0,10,Weazzills Wack Socks,Weazy,0-0-0,2
2015,13,346.l.18224,Dodgers - Moneyball with Money,Sidd Finch X,Paulie,0-0-0,5,The Evil Empire,Kevo,0-0-0,9
2015,13,346.l.18224,Dodgers - Moneyball with Money,AllUrBaseRBelong2Us,Nikolai Khabibulin,0-0-0,3,Jeff's Okay Team,Jeff,0-0-0,9
2015,13,346.l.18224,Dodgers - Moneyball with Money,Zegster,M Z,0-0-0,7,I Pitch You Catch,DiZzY,0-0-0,5
2015,13,346.l.18224,Dodgers - Moneyball with Money,Cyberneck,Joshua,0-0-0,10,Lt Dans Better Legs,Dan,0-0-0,2
2015,13,346.l.18224,Dodgers - Moneyball with Money,Medulla Oblongata,Brett,0-0-0,4,Troutstanding #1,NOBS,0-0-0,7
2015,14,346.l.18224,Dodgers - Moneyball with Money,GooseRules,The Wizard,0-0-0,5,AllUrBaseRBelong2Us,Nikolai Khabibulin,0-0-0,7
2015,14,346.l.18224,Dodgers - Moneyball with Money,Sidd Finch X,Paulie,0-0-0,6,Weazzills Wack Socks,Weazy,0-0-0,8
2015,14,346.l.18224,Dodgers - Moneyball with Money,Zegster,M Z,0-0-0,6,Jeff's Okay Team,Jeff,0-0-0,6
2015,14,346.l.18224,Dodgers - Moneyball with Money,Cyberneck,Joshua,0-0-0,6,I Pitch You Catch,DiZzY,0-0-0,8
2015,14,346.l.18224,Dodgers - Moneyball with Money,Medulla Oblongata,Brett,0-0-0,6,Lt Dans Better Legs,Dan,0-0-0,8
2015,14,346.l.18224,Dodgers - Moneyball with Money,Troutstanding #1,NOBS,0-0-0,9,The Evil Empire,Kevo,0-0-0,5
2015,15,346.l.18224,Dodgers - Moneyball with Money,GooseRules,The Wizard,0-0-0,7,Zegster,M Z,0-0-0,6
2015,15,346.l.18224,Dodgers - Moneyball with Money,Sidd Finch X,Paulie,0-0-0,4,AllUrBaseRBelong2Us,Nikolai Khabibulin,0-0-0,6
2015,15,346.l.18224,Dodgers - Moneyball with Money,Weazzills Wack Socks,Weazy,0-0-0,6,The Evil Empire,Kevo,0-0-0,8
2015,15,346.l.18224,Dodgers - Moneyball with Money,Cyberneck,Joshua,0-0-0,4,Jeff's Okay Team,Jeff,0-0-0,6
2015,15,346.l.18224,Dodgers - Moneyball with Money,Medulla Oblongata,Brett,0-0-0,2,I Pitch You Catch,DiZzY,0-0-0,11
2015,15,346.l.18224,Dodgers - Moneyball with Money,Troutstanding #1,NOBS,0-0-0,5,Lt Dans Better Legs,Dan,0-0-0,8
2015,16,346.l.18224,Dodgers - Moneyball with Money,GooseRules,The Wizard,0-0-0,6,Cyberneck,Joshua,0-0-0,8
2015,16,346.l.18224,Dodgers - Moneyball with Money,Sidd Finch X,Paulie,0-0-0,9,Zegster,M Z,0-0-0,3
2015,16,346.l.18224,Dodgers - Moneyball with Money,Weazzills Wack Socks,Weazy,0-0-0,7,AllUrBaseRBelong2Us,Nikolai Khabibulin,0-0-0,7
2015,16,346.l.18224,Dodgers - Moneyball with Money,Medulla Oblongata,Brett,0-0-0,6,Jeff's Okay Team,Jeff,0-0-0,5
2015,16,346.l.18224,Dodgers - Moneyball with Money,Troutstanding #1,NOBS,0-0-0,5,I Pitch You Catch,DiZzY,0-0-0,8
2015,16,346.l.18224,Dodgers - Moneyball with Money,Lt Dans Better Legs,Dan,0-0-0,3,The Evil Empire,Kevo,0-0-0,9
2015,17,346.l.18224,Dodgers - Moneyball with Money,GooseRules,The Wizard,0-0-0,10,Medulla Oblongata,Brett,0-0-0,2
2015,17,346.l.18224,Dodgers - Moneyball with Money,Sidd Finch X,Paulie,0-0-0,4,Cyberneck,Joshua,0-0-0,8
2015,17,346.l.18224,Dodgers - Moneyball with Money,Weazzills Wack Socks,Weazy,0-0-0,3,Zegster,M Z,0-0-0,9
2015,17,346.l.18224,Dodgers - Moneyball with Money,AllUrBaseRBelong2Us,Nikolai Khabibulin,0-0-0,5,The Evil Empire,Kevo,0-0-0,8
2015,17,346.l.18224,Dodgers - Moneyball with Money,Troutstanding #1,NOBS,0-0-0,4,Jeff's Okay Team,Jeff,0-0-0,6
2015,17,346.l.18224,Dodgers - Moneyball with Money,Lt Dans Better Legs,Dan,0-0-0,6,I Pitch You Catch,DiZzY,0-0-0,6
2015,18,346.l.18224,Dodgers - Moneyball with Money,GooseRules,The Wizard,0-0-0,8,Troutstanding #1,NOBS,0-0-0,6
2015,18,346.l.18224,Dodgers - Moneyball with Money,Sidd Finch X,Paulie,0-0-0,10,Medulla Oblongata,Brett,0-0-0,3
2015,18,346.l.18224,Dodgers - Moneyball with Money,Weazzills Wack Socks,Weazy,0-0-0,12,Cyberneck,Joshua,0-0-0,2
2015,18,346.l.18224,Dodgers - Moneyball with Money,AllUrBaseRBelong2Us,Nikolai Khabibulin,0-0-0,12,Zegster,M Z,0-0-0,0
2015,18,346.l.18224,Dodgers - Moneyball with Money,Lt Dans Better Legs,Dan,0-0-0,9,Jeff's Okay Team,Jeff,0-0-0,5
2015,18,346.l.18224,Dodgers - Moneyball with Money,I Pitch You Catch,DiZzY,0-0-0,1,The Evil Empire,Kevo,0-0-0,12
2015,19,346.l.18224,Dodgers - Moneyball with Money,GooseRules,The Wizard,0-0-0,8,Lt Dans Better Legs,Dan,0-0-0,5
2015,19,346.l.18224,Dodgers - Moneyball with Money,Sidd Finch X,Paulie,0-0-0,9,Troutstanding #1,NOBS,0-0-0,4
2015,19,346.l.18224,Dodgers - Moneyball with Money,Weazzills Wack Socks,Weazy,0-0-0,7,Medulla Oblongata,Brett,0-0-0,3
2015,19,346.l.18224,Dodgers - Moneyball with Money,AllUrBaseRBelong2Us,Nikolai Khabibulin,0-0-0,10,Cyberneck,Joshua,0-0-0,2
2015,19,346.l.18224,Dodgers - Moneyball with Money,Zegster,M Z,0-0-0,3,The Evil Empire,Kevo,0-0-0,10
2015,19,346.l.18224,Dodgers - Moneyball with Money,I Pitch You Catch,DiZzY,0-0-0,8,Jeff's Okay Team,Jeff,0-0-0,5
2015,20,346.l.18224,Dodgers - Moneyball with Money,GooseRules,The Wizard,0-0-0,8,I Pitch You Catch,DiZzY,0-0-0,4
2015,20,346.l.18224,Dodgers - Moneyball with Money,Sidd Finch X,Paulie,0-0-0,8,Lt Dans Better Legs,Dan,0-0-0,4
2015,20,346.l.18224,Dodgers - Moneyball with Money,Weazzills Wack Socks,Weazy,0-0-0,4,Troutstanding #1,NOBS,0-0-0,10
2015,20,346.l.18224,Dodgers - Moneyball with Money,AllUrBaseRBelong2Us,Nikolai Khabibulin,0-0-0,8,Medulla Oblongata,Brett,0-0-0,5
2015,20,346.l.18224,Dodgers - Moneyball with Money,Zegster,M Z,0-0-0,7,Cyberneck,Joshua,0-0-0,6
2015,20,346.l.18224,Dodgers - Moneyball with Money,Jeff's Okay Team,Jeff,0-0-0,7,The Evil Empire,Kevo,0-0-0,5
2015,21,346.l.18224,Dodgers - Moneyball with Money,GooseRules,The Wizard,0-0-0,12,Jeff's Okay Team,Jeff,0-0-0,2
2015,21,346.l.18224,Dodgers - Moneyball with Money,Sidd Finch X,Paulie,0-0-0,4,I Pitch You Catch,DiZzY,0-0-0,8
2015,21,346.l.18224,Dodgers - Moneyball with Money,Weazzills Wack Socks,Weazy,0-0-0,7,Lt Dans Better Legs,Dan,0-0-0,6
2015,21,346.l.18224,Dodgers - Moneyball with Money,AllUrBaseRBelong2Us,Nikolai Khabibulin,0-0-0,4,Troutstanding #1,NOBS,0-0-0,9
2015,21,346.l.18224,Dodgers - Moneyball with Money,Zegster,M Z,0-0-0,6,Medulla Oblongata,Brett,0-0-0,7
2015,21,346.l.18224,Dodgers - Moneyball with Money,Cyberneck,Joshua,0-0-0,2,The Evil Empire,Kevo,0-0-0,10
2015,22,346.l.18224,Dodgers - Moneyball with Money,GooseRules,The Wizard,0-0-0,2,The Evil Empire,Kevo,0-0-0,10
2015,22,346.l.18224,Dodgers - Moneyball with Money,Sidd Finch X,Paulie,0-0-0,4,Jeff's Okay Team,Jeff,0-0-0,8
2015,22,346.l.18224,Dodgers - Moneyball with Money,Weazzills Wack Socks,Weazy,0-0-0,6,I Pitch You Catch,DiZzY,0-0-0,5
2015,22,346.l.18224,Dodgers - Moneyball with Money,AllUrBaseRBelong2Us,Nikolai Khabibulin,0-0-0,11,Lt Dans Better Legs,Dan,0-0-0,3
2015,22,346.l.18224,Dodgers - Moneyball with Money,Zegster,M Z,0-0-0,5,Troutstanding #1,NOBS,0-0-0,5
2015,22,346.l.18224,Dodgers - Moneyball with Money,Cyberneck,Joshua,0-0-0,11,Medulla Oblongata,Brett,0-0-0,2
2015,23,346.l.18224,Dodgers - Moneyball with Money,Sidd Finch X,Paulie,0-0-0,7,The Evil Empire,Kevo,0-0-0,6
2015,23,346.l.18224,Dodgers - Moneyball with Money,Weazzills Wack Socks,Weazy,0-0-0,5,Lt Dans Better Legs,Dan,0-0-0,8
2015,23,346.l.18224,Dodgers - Moneyball with Money,Cyberneck,Joshua,0-0-0,10,Medulla Oblongata,Brett,0-0-0,4
2015,23,346.l.18224,Dodgers - Moneyball with Money,Troutstanding #1,NOBS,0-0-0,6,I Pitch You Catch,DiZzY,0-0-0,5
2015,24,346.l.18224,Dodgers - Moneyball with Money,GooseRules,The Wizard,0-0-0,6,Sidd Finch X,Paulie,0-0-0,8
2015,24,346.l.18224,Dodgers - Moneyball with Money,Weazzills Wack Socks,Weazy,0-0-0,4,Medulla Oblongata,Brett,0-0-0,8
2015,24,346.l.18224,Dodgers - Moneyball with Money,AllUrBaseRBelong2Us,Nikolai Khabibulin,0-0-0,6,Troutstanding #1,NOBS,0-0-0,6
2015,24,346.l.18224,Dodgers - Moneyball with Money,Zegster,M Z,0-0-0,9,Cyberneck,Joshua,0-0-0,3
2015,24,346.l.18224,Dodgers - Moneyball with Money,Lt Dans Better Legs,Dan,0-0-0,7,Jeff's Okay Team,Jeff,0-0-0,4
2015,24,346.l.18224,Dodgers - Moneyball with Money,I Pitch You Catch,DiZzY,0-0-0,13,The Evil Empire,Kevo,0-0-0,1
2015,25,346.l.18224,Dodgers - Moneyball with Money,GooseRules,The Wizard,0-0-0,10,AllUrBaseRBelong2Us,Nikolai Khabibulin,0-0-0,3
2015,25,346.l.18224,Dodgers - Moneyball with Money,Sidd Finch X,Paulie,0-0-0,5,Troutstanding #1,NOBS,0-0-0,6
2015,25,346.l.18224,Dodgers - Moneyball with Money,Zegster,M Z,0-0-0,12,Lt Dans Better Legs,Dan,0-0-0,1
2015,25,346.l.18224,Dodgers - Moneyball with Money,Cyberneck,Joshua,0-0-0,9,Jeff's Okay Team,Jeff,0-0-0,2
2016,1,357.l.3402,Greinke is a traitor,2016 Cubs,The Wizard,0-0-0,7,Dan's Promising Legs,Dan,0-0-0,5
2016,1,357.l.3402,Greinke is a traitor,Weazzills Wack Socks,Weazy,0-0-0,5,The Evil Empire,Kevo,0-0-0,7
2016,1,357.l.3402,Greinke is a traitor,Medulla Oblongata,Brett,0-0-0,4,Drunker than,NOBS,0-0-0,8
2016,1,357.l.3402,Greinke is a traitor,Sidd Finch Eleven,Paulie,0-0-0,8,Zegster,M Z,0-0-0,3
2016,1,357.l.3402,Greinke is a traitor,Cinderella Story,Nikolai Khabibulin,0-0-0,2,I Pitch You Catch,DiZzY,0-0-0,10
2016,2,357.l.3402,Greinke is a traitor,2016 Cubs,The Wizard,0-0-0,6,Weazzills Wack Socks,Weazy,0-0-0,6
2016,2,357.l.3402,Greinke is a traitor,Dan's Promising Legs,Dan,0-0-0,5,I Pitch You Catch,DiZzY,0-0-0,8
2016,2,357.l.3402,Greinke is a traitor,Medulla Oblongata,Brett,0-0-0,8,The Evil Empire,Kevo,0-0-0,4
2016,2,357.l.3402,Greinke is a traitor,Sidd Finch Eleven,Paulie,0-0-0,5,Drunker than,NOBS,0-0-0,8
2016,2,357.l.3402,Greinke is a traitor,Cinderella Story,Nikolai Khabibulin,0-0-0,2,Zegster,M Z,0-0-0,11
2016,3,357.l.3402,Greinke is a traitor,2016 Cubs,The Wizard,0-0-0,5,Medulla Oblongata,Brett,0-0-0,8
2016,3,357.l.3402,Greinke is a traitor,Dan's Promising Legs,Dan,0-0-0,5,Weazzills Wack Socks,Weazy,0-0-0,7
2016,3,357.l.3402,Greinke is a traitor,Sidd Finch Eleven,Paulie,0-0-0,7,The Evil Empire,Kevo,0-0-0,6
2016,3,357.l.3402,Greinke is a traitor,Cinderella Story,Nikolai Khabibulin,0-0-0,6,Drunker than,NOBS,0-0-0,8
2016,3,357.l.3402,Greinke is a traitor,Zegster,M Z,0-0-0,8,I Pitch You Catch,DiZzY,0-0-0,4
2016,4,357.l.3402,Greinke is a traitor,2016 Cubs,The Wizard,0-0-0,6,Sidd Finch Eleven,Paulie,0-0-0,5
2016,4,357.l.3402,Greinke is a traitor,Dan's Promising Legs,Dan,0-0-0,6,Medulla Oblongata,Brett,0-0-0,7
2016,4,357.l.3402,Greinke is a traitor,Weazzills Wack Socks,Weazy,0-0-0,3,I Pitch You Catch,DiZzY,0-0-0,10
2016,4,357.l.3402,Greinke is a traitor,Cinderella Story,Nikolai Khabibulin,0-0-0,6,The Evil Empire,Kevo,0-0-0,7
2016,4,357.l.3402,Greinke is a traitor,Zegster,M Z,0-0-0,3,Drunker than,NOBS,0-0-0,10
2016,5,357.l.3402,Greinke is a traitor,2016 Cubs,The Wizard,0-0-0,5,Cinderella Story,Nikolai Khabibulin,0-0-0,7
2016,5,357.l.3402,Greinke is a traitor,Dan's Promising Legs,Dan,0-0-0,8,Sidd Finch Eleven,Paulie,0-0-0,5
2016,5,357.l.3402,Greinke is a traitor,Weazzills Wack Socks,Weazy,0-0-0,4,Medulla Oblongata,Brett,0-0-0,7
2016,5,357.l.3402,Greinke is a traitor,Zegster,M Z,0-0-0,3,The Evil Empire,Kevo,0-0-0,9
2016,5,357.l.3402,Greinke is a traitor,Drunker than,NOBS,0-0-0,6,I Pitch You Catch,DiZzY,0-0-0,7
2016,6,357.l.3402,Greinke is a traitor,2016 Cubs,The Wizard,0-0-0,2,Zegster,M Z,0-0-0,10
2016,6,357.l.3402,Greinke is a traitor,Dan's Promising Legs,Dan,0-0-0,7,Cinderella Story,Nikolai Khabibulin,0-0-0,6
2016,6,357.l.3402,Greinke is a traitor,Weazzills Wack Socks,Weazy,0-0-0,6,Sidd Finch Eleven,Paulie,0-0-0,7
2016,6,357.l.3402,Greinke is a traitor,Medulla Oblongata,Brett,0-0-0,0,I Pitch You Catch,DiZzY,0-0-0,12
2016,6,357.l.3402,Greinke is a traitor,Drunker than,NOBS,0-0-0,7,The Evil Empire,Kevo,0-0-0,7
2016,7,357.l.3402,Greinke is a traitor,2016 Cubs,The Wizard,0-0-0,3,Drunker than,NOBS,0-0-0,11
2016,7,357.l.3402,Greinke is a traitor,Dan's Promising Legs,Dan,0-0-0,9,Zegster,M Z,0-0-0,4
2016,7,357.l.3402,Greinke is a traitor,Weazzills Wack Socks,Weazy,0-0-0,4,Cinderella Story,Nikolai Khabibulin,0-0-0,8
2016,7,357.l.3402,Greinke is a traitor,Medulla Oblongata,Brett,0-0-0,6,Sidd Finch Eleven,Paulie,0-0-0,5
2016,7,357.l.3402,Greinke is a traitor,The Evil Empire,Kevo,0-0-0,3,I Pitch You Catch,DiZzY,0-0-0,8
2016,8,357.l.3402,Greinke is a traitor,2016 Cubs,The Wizard,0-0-0,6,The Evil Empire,Kevo,0-0-0,7
2016,8,357.l.3402,Greinke is a traitor,Dan's Promising Legs,Dan,0-0-0,4,Drunker than,NOBS,0-0-0,7
2016,8,357.l.3402,Greinke is a traitor,Weazzills Wack Socks,Weazy,0-0-0,5,Zegster,M Z,0-0-0,8
2016,8,357.l.3402,Greinke is a traitor,Medulla Oblongata,Brett,0-0-0,3,Cinderella Story,Nikolai Khabibulin,0-0-0,8
2016,8,357.l.3402,Greinke is a traitor,Sidd Finch Eleven,Paulie,0-0-0,6,I Pitch You Catch,DiZzY,0-0-0,7
2016,9,357.l.3402,Greinke is a traitor,2016 Cubs,The Wizard,0-0-0,5,I Pitch You Catch,DiZzY,0-0-0,8
2016,9,357.l.3402,Greinke is a traitor,Dan's Promising Legs,Dan,0-0-0,3,The Evil Empire,Kevo,0-0-0,9
2016,9,357.l.3402,Greinke is a traitor,Weazzills Wack Socks,Weazy,0-0-0,5,Drunker than,NOBS,0-0-0,8
2016,9,357.l.3402,Greinke is a traitor,Medulla Oblongata,Brett,0-0-0,2,Zegster,M Z,0-0-0,12
2016,9,357.l.3402,Greinke is a traitor,Sidd Finch Eleven,Paulie,0-0-0,2,Cinderella Story,Nikolai Khabibulin,0-0-0,10
2016,10,357.l.3402,Greinke is a traitor,2016 Cubs,The Wizard,0-0-0,4,Dan's Promising Legs,Dan,0-0-0,8
2016,10,357.l.3402,Greinke is a traitor,Weazzills Wack Socks,Weazy,0-0-0,7,The Evil Empire,Kevo,0-0-0,6
2016,10,357.l.3402,Greinke is a traitor,Medulla Oblongata,Brett,0-0-0,6,Drunker than,NOBS,0-0-0,7
2016,10,357.l.3402,Greinke is a traitor,Sidd Finch Eleven,Paulie,0-0-0,10,Zegster,M Z,0-0-0,3
2016,10,357.l.3402,Greinke is a traitor,Cinderella Story,Nikolai Khabibulin,0-0-0,5,I Pitch You Catch,DiZzY,0-0-0,6
2016,11,357.l.3402,Greinke is a traitor,2016 Cubs,The Wizard,0-0-0,11,Weazzills Wack Socks,Weazy,0-0-0,2
2016,11,357.l.3402,Greinke is a traitor,Dan's Promising Legs,Dan,0-0-0,4,I Pitch You Catch,DiZzY,0-0-0,7
2016,11,357.l.3402,Greinke is a traitor,Medulla Oblongata,Brett,0-0-0,5,The Evil Empire,Kevo,0-0-0,8
2016,11,357.l.3402,Greinke is a traitor,Sidd Finch Eleven,Paulie,0-0-0,6,Drunker than,NOBS,0-0-0,6
2016,11,357.l.3402,Greinke is a traitor,Cinderella Story,Nikolai Khabibulin,0-0-0,6,Zegster,M Z,0-0-0,6
2016,12,357.l.3402,Greinke is a traitor,2016 Cubs,The Wizard,0-0-0,7,Medulla Oblongata,Brett,0-0-0,7
2016,12,357.l.3402,Greinke is a traitor,Dan's Promising Legs,Dan,0-0-0,5,Weazzills Wack Socks,Weazy,0-0-0,6
2016,12,357.l.3402,Greinke is a traitor,Sidd Finch Eleven,Paulie,0-0-0,8,The Evil Empire,Kevo,0-0-0,5
2016,12,357.l.3402,Greinke is a traitor,Cinderella Story,Nikolai Khabibulin,0-0-0,5,Drunker than,NOBS,0-0-0,9
2016,12,357.l.3402,Greinke is a traitor,Zegster,M Z,0-0-0,5,I Pitch You Catch,DiZzY,0-0-0,7
2016,13,357.l.3402,Greinke is a traitor,2016 Cubs,The Wizard,0-0-0,7,Sidd Finch Eleven,Paulie,0-0-0,6
2016,13,357.l.3402,Greinke is a traitor,Dan's Promising Legs,Dan,0-0-0,5,Medulla Oblongata,Brett,0-0-0,7
2016,13,357.l.3402,Greinke is a traitor,Weazzills Wack Socks,Weazy,0-0-0,7,I Pitch You Catch,DiZzY,0-0-0,5
2016,13,357.l.3402,Greinke is a traitor,Cinderella Story,Nikolai Khabibulin,0-0-0,7,The Evil Empire,Kevo,0-0-0,4
2016,13,357.l.3402,Greinke is a traitor,Zegster,M Z,0-0-0,9,Drunker than,NOBS,0-0-0,3
2016,14,357.l.3402,Greinke is a traitor,2016 Cubs,The Wizard,0-0-0,5,Cinderella Story,Nikolai Khabibulin,0-0-0,8
2016,14,357.l.3402,Greinke is a traitor,Dan's Promising Legs,Dan,0-0-0,7,Sidd Finch Eleven,Paulie,0-0-0,6
2016,14,357.l.3402,Greinke is a traitor,Weazzills Wack Socks,Weazy,0-0-0,6,Medulla Oblongata,Brett,0-0-0,5
2016,14,357.l.3402,Greinke is a traitor,Zegster,M Z,0-0-0,7,The Evil Empire,Kevo,0-0-0,6
2016,14,357.l.3402,Greinke is a traitor,Drunker than,NOBS,0-0-0,7,I Pitch You Catch,DiZzY,0-0-0,7
2016,15,357.l.3402,Greinke is a traitor,2016 Cubs,The Wizard,0-0-0,9,Zegster,M Z,0-0-0,4
2016,15,357.l.3402,Greinke is a traitor,Dan's Promising Legs,Dan,0-0-0,4,Cinderella Story,Nikolai Khabibulin,0-0-0,9
2016,15,357.l.3402,Greinke is a traitor,Weazzills Wack Socks,Weazy,0-0-0,5,Sidd Finch Eleven,Paulie,0-0-0,9
2016,15,357.l.3402,Greinke is a traitor,Medulla Oblongata,Brett,0-0-0,3,I Pitch You Catch,DiZzY,0-0-0,8
2016,15,357.l.3402,Greinke is a traitor,Drunker than,NOBS,0-0-0,10,The Evil Empire,Kevo,0-0-0,4
2016,16,357.l.3402,Greinke is a traitor,2016 Cubs,The Wizard,0-0-0,6,Drunker than,NOBS,0-0-0,7
2016,16,357.l.3402,Greinke is a traitor,Dan's Promising Legs,Dan,0-0-0,11,Zegster,M Z,0-0-0,2
2016,16,357.l.3402,Greinke is a traitor,Weazzills Wack Socks,Weazy,0-0-0,1,Cinderella Story,Nikolai Khabibulin,0-0-0,12
2016,16,357.l.3402,Greinke is a traitor,Medulla Oblongata,Brett,0-0-0,3,Sidd Finch Eleven,Paulie,0-0-0,11
2016,16,357.l.3402,Greinke is a traitor,The Evil Empire,Kevo,0-0-0,7,I Pitch You Catch,DiZzY,0-0-0,6
2016,17,357.l.3402,Greinke is a traitor,2016 Cubs,The Wizard,0-0-0,5,The Evil Empire,Kevo,0-0-0,7
2016,17,357.l.3402,Greinke is a traitor,Dan's Promising Legs,Dan,0-0-0,2,Drunker than,NOBS,0-0-0,12
2016,17,357.l.3402,Greinke is a traitor,Weazzills Wack Socks,Weazy,0-0-0,10,Zegster,M Z,0-0-0,2
2016,17,357.l.3402,Greinke is a traitor,Medulla Oblongata,Brett,0-0-0,8,Cinderella Story,Nikolai Khabibulin,0-0-0,6
2016,17,357.l.3402,Greinke is a traitor,Sidd Finch Eleven,Paulie,0-0-0,11,I Pitch You Catch,DiZzY,0-0-0,3
2016,18,357.l.3402,Greinke is a traitor,2016 Cubs,The Wizard,0-0-0,9,I Pitch You Catch,DiZzY,0-0-0,4
2016,18,357.l.3402,Greinke is a traitor,Dan's Promising Legs,Dan,0-0-0,5,The Evil Empire,Kevo,0-0-0,7
2016,18,357.l.3402,Greinke is a traitor,Weazzills Wack Socks,Weazy,0-0-0,8,Drunker than,NOBS,0-0-0,5
2016,18,357.l.3402,Greinke is a traitor,Medulla Oblongata,Brett,0-0-0,4,Zegster,M Z,0-0-0,7
2016,18,357.l.3402,Greinke is a traitor,Sidd Finch Eleven,Paulie,0-0-0,5,Cinderella Story,Nikolai Khabibulin,0-0-0,8
2016,19,357.l.3402,Greinke is a traitor,2016 Cubs,The Wizard,0-0-0,13,Dan's Promising Legs,Dan,0-0-0,1
2016,19,357.l.3402,Greinke is a traitor,Weazzills Wack Socks,Weazy,0-0-0,6,The Evil Empire,Kevo,0-0-0,7
2016,19,357.l.3402,Greinke is a traitor,Medulla Oblongata,Brett,0-0-0,7,Drunker than,NOBS,0-0-0,6
2016,19,357.l.3402,Greinke is a traitor,Sidd Finch Eleven,Paulie,0-0-0,5,Zegster,M Z,0-0-0,8
2016,19,357.l.3402,Greinke is a traitor,Cinderella Story,Nikolai Khabibulin,0-0-0,4,I Pitch You Catch,DiZzY,0-0-0,7
2016,20,357.l.3402,Greinke is a traitor,2016 Cubs,The Wizard,0-0-0,10,Weazzills Wack Socks,Weazy,0-0-0,4
2016,20,357.l.3402,Greinke is a traitor,Dan's Promising Legs,Dan,0-0-0,6,I Pitch You Catch,DiZzY,0-0-0,7
2016,20,357.l.3402,Greinke is a traitor,Medulla Oblongata,Brett,0-0-0,6,The Evil Empire,Kevo,0-0-0,7
2016,20,357.l.3402,Greinke is a traitor,Sidd Finch Eleven,Paulie,0-0-0,3,Drunker than,NOBS,0-0-0,11
2016,20,357.l.3402,Greinke is a traitor,Cinderella Story,Nikolai Khabibulin,0-0-0,5,Zegster,M Z,0-0-0,8
2016,21,357.l.3402,Greinke is a traitor,2016 Cubs,The Wizard,0-0-0,9,Medulla Oblongata,Brett,0-0-0,3
2016,21,357.l.3402,Greinke is a traitor,Dan's Promising Legs,Dan,0-0-0,7,Weazzills Wack Socks,Weazy,0-0-0,6
2016,21,357.l.3402,Greinke is a traitor,Sidd Finch Eleven,Paulie,0-0-0,10,The Evil Empire,Kevo,0-0-0,3
2016,21,357.l.3402,Greinke is a traitor,Cinderella Story,Nikolai Khabibulin,0-0-0,9,Drunker than,NOBS,0-0-0,3
2016,21,357.l.3402,Greinke is a traitor,Zegster,M Z,0-0-0,1,I Pitch You Catch,DiZzY,0-0-0,11
2016,22,357.l.3402,Greinke is a traitor,2016 Cubs,The Wizard,0-0-0,6,Sidd Finch Eleven,Paulie,0-0-0,4
2016,22,357.l.3402,Greinke is a traitor,Dan's Promising Legs,Dan,0-0-0,1,Medulla Oblongata,Brett,0-0-0,11
2016,22,357.l.3402,Greinke is a traitor,Weazzills Wack Socks,Weazy,0-0-0,3,I Pitch You Catch,DiZzY,0-0-0,11
2016,22,357.l.3402,Greinke is a traitor,Cinderella Story,Nikolai Khabibulin,0-0-0,11,The Evil Empire,Kevo,0-0-0,1
2016,22,357.l.3402,Greinke is a traitor,Zegster,M Z,0-0-0,1,Drunker than,NOBS,0-0-0,11
2016,23,357.l.3402,Greinke is a traitor,2016 Cubs,The Wizard,0-0-0,9,Sidd Finch Eleven,Paulie,0-0-0,4
2016,23,357.l.3402,Greinke is a traitor,Cinderella Story,Nikolai Khabibulin,0-0-0,3,The Evil Empire,Kevo,0-0-0,9
2016,24,357.l.3402,Greinke is a traitor,2016 Cubs,The Wizard,0-0-0,5,Drunker than,NOBS,0-0-0,7
2016,24,357.l.3402,Greinke is a traitor,Dan's Promising Legs,Dan,0-0-0,4,Medulla Oblongata,Brett,0-0-0,9
2016,24,357.l.3402,Greinke is a traitor,Weazzills Wack Socks,Weazy,0-0-0,7,Zegster,M Z,0-0-0,6
2016,24,357.l.3402,Greinke is a traitor,Sidd Finch Eleven,Paulie,0-0-0,6,Cinderella Story,Nikolai Khabibulin,0-0-0,8
2016,24,357.l.3402,Greinke is a traitor,The Evil Empire,Kevo,0-0-0,7,I Pitch You Catch,DiZzY,0-0-0,6
2016,25,357.l.3402,Greinke is a traitor,2016 Cubs,The Wizard,0-0-0,9,I Pitch You Catch,DiZzY,0-0-0,3
2016,25,357.l.3402,Greinke is a traitor,Dan's Promising Legs,Dan,0-0-0,6,Zegster,M Z,0-0-0,7
2016,25,357.l.3402,Greinke is a traitor,Weazzills Wack Socks,Weazy,0-0-0,7,Medulla Oblongata,Brett,0-0-0,6
2016,25,357.l.3402,Greinke is a traitor,Drunker than,NOBS,0-0-0,6,The Evil Empire,Kevo,0-0-0,7
2017,1,370.l.35688,Fuck the Cubs,GooseRules,The Wizard,0-0-0,4,Grady Sighs More,Nikolai Khabibulin,0-0-0,8
2017,1,370.l.35688,Fuck the Cubs,Dan's Thrusting Legs,Dan,0-0-0,8,Pew Pew Pew,Weazy,0-0-0,6
2017,1,370.l.35688,Fuck the Cubs,John Ewoldt 2.0,NOBS,0-0-0,5,The Evil Empire,Kevo,0-0-0,8
2017,1,370.l.35688,Fuck the Cubs,Better Than Paul,DiZzY,0-0-0,6,Poker Mike,Paulie,0-0-0,6
2017,1,370.l.35688,Fuck the Cubs,Team Seager,Brett,0-0-0,8,Zegster,M Z,0-0-0,5
2017,2,370.l.35688,Fuck the Cubs,GooseRules,The Wizard,0-0-0,6,Dan's Thrusting Legs,Dan,0-0-0,6
2017,2,370.l.35688,Fuck the Cubs,Grady Sighs More,Nikolai Khabibulin,0-0-0,4,Zegster,M Z,0-0-0,8
2017,2,370.l.35688,Fuck the Cubs,John Ewoldt 2.0,NOBS,0-0-0,4,Pew Pew Pew,Weazy,0-0-0,6
2017,2,370.l.35688,Fuck the Cubs,Better Than Paul,DiZzY,0-0-0,6,The Evil Empire,Kevo,0-0-0,7
2017,2,370.l.35688,Fuck the Cubs,Team Seager,Brett,0-0-0,9,Poker Mike,Paulie,0-0-0,0
2017,3,370.l.35688,Fuck the Cubs,GooseRules,The Wizard,0-0-0,7,John Ewoldt 2.0,NOBS,0-0-0,7
2017,3,370.l.35688,Fuck the Cubs,Grady Sighs More,Nikolai Khabibulin,0-0-0,7,Dan's Thrusting Legs,Dan,0-0-0,7
2017,3,370.l.35688,Fuck the Cubs,Better Than Paul,DiZzY,0-0-0,7,Pew Pew Pew,Weazy,0-0-0,7
2017,3,370.l.35688,Fuck the Cubs,Team Seager,Brett,0-0-0,3,The Evil Empire,Kevo,0-0-0,10
2017,3,370.l.35688,Fuck the Cubs,Poker Mike,Paulie,0-0-0,2,Zegster,M Z,0-0-0,11
2017,4,370.l.35688,Fuck the Cubs,GooseRules,The Wizard,0-0-0,11,Better Than Paul,DiZzY,0-0-0,2
2017,4,370.l.35688,Fuck the Cubs,Grady Sighs More,Nikolai Khabibulin,0-0-0,9,John Ewoldt 2.0,NOBS,0-0-0,3
2017,4,370.l.35688,Fuck the Cubs,Dan's Thrusting Legs,Dan,0-0-0,1,Zegster,M Z,0-0-0,12
2017,4,370.l.35688,Fuck the Cubs,Team Seager,Brett,0-0-0,10,Pew Pew Pew,Weazy,0-0-0,2
2017,4,370.l.35688,Fuck the Cubs,Poker Mike,Paulie,0-0-0,1,The Evil Empire,Kevo,0-0-0,13
2017,5,370.l.35688,Fuck the Cubs,GooseRules,The Wizard,0-0-0,9,Team Seager,Brett,0-0-0,4
2017,5,370.l.35688,Fuck the Cubs,Grady Sighs More,Nikolai Khabibulin,0-0-0,9,Better Than Paul,DiZzY,0-0-0,4
2017,5,370.l.35688,Fuck the Cubs,Dan's Thrusting Legs,Dan,0-0-0,4,John Ewoldt 2.0,NOBS,0-0-0,9
2017,5,370.l.35688,Fuck the Cubs,Poker Mike,Paulie,0-0-0,10,Pew Pew Pew,Weazy,0-0-0,3
2017,5,370.l.35688,Fuck the Cubs,The Evil Empire,Kevo,0-0-0,7,Zegster,M Z,0-0-0,4
2017,6,370.l.35688,Fuck the Cubs,GooseRules,The Wizard,0-0-0,12,Poker Mike,Paulie,0-0-0,1
2017,6,370.l.35688,Fuck the Cubs,Grady Sighs More,Nikolai Khabibulin,0-0-0,7,Team Seager,Brett,0-0-0,4
2017,6,370.l.35688,Fuck the Cubs,Dan's Thrusting Legs,Dan,0-0-0,3,Better Than Paul,DiZzY,0-0-0,9
2017,6,370.l.35688,Fuck the Cubs,John Ewoldt 2.0,NOBS,0-0-0,5,Zegster,M Z,0-0-0,6
2017,6,370.l.35688,Fuck the Cubs,The Evil Empire,Kevo,0-0-0,2,Pew Pew Pew,Weazy,0-0-0,11
2017,7,370.l.35688,Fuck the Cubs,GooseRules,The Wizard,0-0-0,10,The Evil Empire,Kevo,0-0-0,3
2017,7,370.l.35688,Fuck the Cubs,Grady Sighs More,Nikolai Khabibulin,0-0-0,5,Poker Mike,Paulie,0-0-0,8
2017,7,370.l.35688,Fuck the Cubs,Dan's Thrusting Legs,Dan,0-0-0,7,Team Seager,Brett,0-0-0,5
2017,7,370.l.35688,Fuck the Cubs,John Ewoldt 2.0,NOBS,0-0-0,10,Better Than Paul,DiZzY,0-0-0,3
2017,7,370.l.35688,Fuck the Cubs,Pew Pew Pew,Weazy,0-0-0,5,Zegster,M Z,0-0-0,7
2017,8,370.l.35688,Fuck the Cubs,GooseRules,The Wizard,0-0-0,8,Pew Pew Pew,Weazy,0-0-0,3
2017,8,370.l.35688,Fuck the Cubs,Grady Sighs More,Nikolai Khabibulin,0-0-0,7,The Evil Empire,Kevo,0-0-0,7
2017,8,370.l.35688,Fuck the Cubs,Dan's Thrusting Legs,Dan,0-0-0,8,Poker Mike,Paulie,0-0-0,5
2017,8,370.l.35688,Fuck the Cubs,John Ewoldt 2.0,NOBS,0-0-0,7,Team Seager,Brett,0-0-0,6
2017,8,370.l.35688,Fuck the Cubs,Better Than Paul,DiZzY,0-0-0,3,Zegster,M Z,0-0-0,10
2017,9,370.l.35688,Fuck the Cubs,GooseRules,The Wizard,0-0-0,6,Zegster,M Z,0-0-0,8
2017,9,370.l.35688,Fuck the Cubs,Grady Sighs More,Nikolai Khabibulin,0-0-0,5,Pew Pew Pew,Weazy,0-0-0,8
2017,9,370.l.35688,Fuck the Cubs,Dan's Thrusting Legs,Dan,0-0-0,4,The Evil Empire,Kevo,0-0-0,7
2017,9,370.l.35688,Fuck the Cubs,John Ewoldt 2.0,NOBS,0-0-0,5,Poker Mike,Paulie,0-0-0,8
2017,9,370.l.35688,Fuck the Cubs,Better Than Paul,DiZzY,0-0-0,8,Team Seager,Brett,0-0-0,6
2017,10,370.l.35688,Fuck the Cubs,GooseRules,The Wizard,0-0-0,8,Grady Sighs More,Nikolai Khabibulin,0-0-0,5
2017,10,370.l.35688,Fuck the Cubs,Dan's Thrusting Legs,Dan,0-0-0,5,Pew Pew Pew,Weazy,0-0-0,7
2017,10,370.l.35688,Fuck the Cubs,John Ewoldt 2.0,NOBS,0-0-0,7,The Evil Empire,Kevo,0-0-0,6
2017,10,370.l.35688,Fuck the Cubs,Better Than Paul,DiZzY,0-0-0,8,Poker Mike,Paulie,0-0-0,5
2017,10,370.l.35688,Fuck the Cubs,Team Seager,Brett,0-0-0,11,Zegster,M Z,0-0-0,2
2017,11,370.l.35688,Fuck the Cubs,GooseRules,The Wizard,0-0-0,8,Dan's Thrusting Legs,Dan,0-0-0,6
2017,11,370.l.35688,Fuck the Cubs,Grady Sighs More,Nikolai Khabibulin,0-0-0,9,Zegster,M Z,0-0-0,4
2017,11,370.l.35688,Fuck the Cubs,John Ewoldt 2.0,NOBS,0-0-0,6,Pew Pew Pew,Weazy,0-0-0,6
2017,11,370.l.35688,Fuck the Cubs,Better Than Paul,DiZzY,0-0-0,2,The Evil Empire,Kevo,0-0-0,10
2017,11,370.l.35688,Fuck the Cubs,Team Seager,Brett,0-0-0,7,Poker Mike,Paulie,0-0-0,5
2017,12,370.l.35688,Fuck the Cubs,GooseRules,The Wizard,0-0-0,11,John Ewoldt 2.0,NOBS,0-0-0,1
2017,12,370.l.35688,Fuck the Cubs,Grady Sighs More,Nikolai Khabibulin,0-0-0,5,Dan's Thrusting Legs,Dan,0-0-0,8
2017,12,370.l.35688,Fuck the Cubs,Better Than Paul,DiZzY,0-0-0,0,Pew Pew Pew,Weazy,0-0-0,13
2017,12,370.l.35688,Fuck the Cubs,Team Seager,Brett,0-0-0,6,The Evil Empire,Kevo,0-0-0,7
2017,12,370.l.35688,Fuck the Cubs,Poker Mike,Paulie,0-0-0,1,Zegster,M Z,0-0-0,12
2017,13,370.l.35688,Fuck the Cubs,GooseRules,The Wizard,0-0-0,4,Better Than Paul,DiZzY,0-0-0,9
2017,13,370.l.35688,Fuck the Cubs,Grady Sighs More,Nikolai Khabibulin,0-0-0,4,John Ewoldt 2.0,NOBS,0-0-0,9
2017,13,370.l.35688,Fuck the Cubs,Dan's Thrusting Legs,Dan,0-0-0,5,Zegster,M Z,0-0-0,7
2017,13,370.l.35688,Fuck the Cubs,Team Seager,Brett,0-0-0,2,Pew Pew Pew,Weazy,0-0-0,11
2017,13,370.l.35688,Fuck the Cubs,Poker Mike,Paulie,0-0-0,3,The Evil Empire,Kevo,0-0-0,10
2017,14,370.l.35688,Fuck the Cubs,GooseRules,The Wizard,0-0-0,9,Team Seager,Brett,0-0-0,3
2017,14,370.l.35688,Fuck the Cubs,Grady Sighs More,Nikolai Khabibulin,0-0-0,5,Better Than Paul,DiZzY,0-0-0,8
2017,14,370.l.35688,Fuck the Cubs,Dan's Thrusting Legs,Dan,0-0-0,8,John Ewoldt 2.0,NOBS,0-0-0,4
2017,14,370.l.35688,Fuck the Cubs,Poker Mike,Paulie,0-0-0,3,Pew Pew Pew,Weazy,0-0-0,9
2017,14,370.l.35688,Fuck the Cubs,The Evil Empire,Kevo,0-0-0,5,Zegster,M Z,0-0-0,5
2017,15,370.l.35688,Fuck the Cubs,GooseRules,The Wizard,0-0-0,8,Poker Mike,Paulie,0-0-0,5
2017,15,370.l.35688,Fuck the Cubs,Grady Sighs More,Nikolai Khabibulin,0-0-0,6,Team Seager,Brett,0-0-0,7
2017,15,370.l.35688,Fuck the Cubs,Dan's Thrusting Legs,Dan,0-0-0,5,Better Than Paul,DiZzY,0-0-0,9
2017,15,370.l.35688,Fuck the Cubs,John Ewoldt 2.0,NOBS,0-0-0,10,Zegster,M Z,0-0-0,3
2017,15,370.l.35688,Fuck the Cubs,The Evil Empire,Kevo,0-0-0,7,Pew Pew Pew,Weazy,0-0-0,6
2017,16,370.l.35688,Fuck the Cubs,GooseRules,The Wizard,0-0-0,5,The Evil Empire,Kevo,0-0-0,7
2017,16,370.l.35688,Fuck the Cubs,Grady Sighs More,Nikolai Khabibulin,0-0-0,5,Poker Mike,Paulie,0-0-0,8
2017,16,370.l.35688,Fuck the Cubs,Dan's Thrusting Legs,Dan,0-0-0,5,Team Seager,Brett,0-0-0,8
2017,16,370.l.35688,Fuck the Cubs,John Ewoldt 2.0,NOBS,0-0-0,6,Better Than Paul,DiZzY,0-0-0,7
2017,16,370.l.35688,Fuck the Cubs,Pew Pew Pew,Weazy,0-0-0,11,Zegster,M Z,0-0-0,2
2017,17,370.l.35688,Fuck the Cubs,GooseRules,The Wizard,0-0-0,9,Pew Pew Pew,Weazy,0-0-0,5
2017,17,370.l.35688,Fuck the Cubs,Grady Sighs More,Nikolai Khabibulin,0-0-0,4,The Evil Empire,Kevo,0-0-0,9
2017,17,370.l.35688,Fuck the Cubs,Dan's Thrusting Legs,Dan,0-0-0,7,Poker Mike,Paulie,0-0-0,6
2017,17,370.l.35688,Fuck the Cubs,John Ewoldt 2.0,NOBS,0-0-0,6,Team Seager,Brett,0-0-0,6
2017,17,370.l.35688,Fuck the Cubs,Better Than Paul,DiZzY,0-0-0,5,Zegster,M Z,0-0-0,8
2017,18,370.l.35688,Fuck the Cubs,GooseRules,The Wizard,0-0-0,7,Zegster,M Z,0-0-0,4
2017,18,370.l.35688,Fuck the Cubs,Grady Sighs More,Nikolai Khabibulin,0-0-0,8,Pew Pew Pew,Weazy,0-0-0,6
2017,18,370.l.35688,Fuck the Cubs,Dan's Thrusting Legs,Dan,0-0-0,3,The Evil Empire,Kevo,0-0-0,10
2017,18,370.l.35688,Fuck the Cubs,John Ewoldt 2.0,NOBS,0-0-0,9,Poker Mike,Paulie,0-0-0,4
2017,18,370.l.35688,Fuck the Cubs,Better Than Paul,DiZzY,0-0-0,4,Team Seager,Brett,0-0-0,8
2017,19,370.l.35688,Fuck the Cubs,GooseRules,The Wizard,0-0-0,5,Grady Sighs More,Nikolai Khabibulin,0-0-0,7
2017,19,370.l.35688,Fuck the Cubs,Dan's Thrusting Legs,Dan,0-0-0,8,Pew Pew Pew,Weazy,0-0-0,3
2017,19,370.l.35688,Fuck the Cubs,John Ewoldt 2.0,NOBS,0-0-0,7,The Evil Empire,Kevo,0-0-0,3
2017,19,370.l.35688,Fuck the Cubs,Better Than Paul,DiZzY,0-0-0,9,Poker Mike,Paulie,0-0-0,4
2017,19,370.l.35688,Fuck the Cubs,Team Seager,Brett,0-0-0,1,Zegster,M Z,0-0-0,11
2017,20,370.l.35688,Fuck the Cubs,GooseRules,The Wizard,0-0-0,6,Dan's Thrusting Legs,Dan,0-0-0,7
2017,20,370.l.35688,Fuck the Cubs,Grady Sighs More,Nikolai Khabibulin,0-0-0,3,Zegster,M Z,0-0-0,11
2017,20,370.l.35688,Fuck the Cubs,John Ewoldt 2.0,NOBS,0-0-0,10,Pew Pew Pew,Weazy,0-0-0,2
2017,20,370.l.35688,Fuck the Cubs,Better Than Paul,DiZzY,0-0-0,5,The Evil Empire,Kevo,0-0-0,7
2017,20,370.l.35688,Fuck the Cubs,Team Seager,Brett,0-0-0,6,Poker Mike,Paulie,0-0-0,6
2017,21,370.l.35688,Fuck the Cubs,GooseRules,The Wizard,0-0-0,10,John Ewoldt 2.0,NOBS,0-0-0,3
2017,21,370.l.35688,Fuck the Cubs,Grady Sighs More,Nikolai Khabibulin,0-0-0,6,Dan's Thrusting Legs,Dan,0-0-0,8
2017,21,370.l.35688,Fuck the Cubs,Better Than Paul,DiZzY,0-0-0,2,Pew Pew Pew,Weazy,0-0-0,11
2017,21,370.l.35688,Fuck the Cubs,Team Seager,Brett,0-0-0,11,The Evil Empire,Kevo,0-0-0,2
2017,21,370.l.35688,Fuck the Cubs,Poker Mike,Paulie,0-0-0,4,Zegster,M Z,0-0-0,9
2017,22,370.l.35688,Fuck the Cubs,GooseRules,The Wizard,0-0-0,9,Better Than Paul,DiZzY,0-0-0,4
2017,22,370.l.35688,Fuck the Cubs,Grady Sighs More,Nikolai Khabibulin,0-0-0,6,John Ewoldt 2.0,NOBS,0-0-0,4
2017,22,370.l.35688,Fuck the Cubs,Dan's Thrusting Legs,Dan,0-0-0,5,Zegster,M Z,0-0-0,9
2017,22,370.l.35688,Fuck the Cubs,Team Seager,Brett,0-0-0,5,Pew Pew Pew,Weazy,0-0-0,8
2017,22,370.l.35688,Fuck the Cubs,Poker Mike,Paulie,0-0-0,3,The Evil Empire,Kevo,0-0-0,8
2017,23,370.l.35688,Fuck the Cubs,John Ewoldt 2.0,NOBS,0-0-0,11,Pew Pew Pew,Weazy,0-0-0,2
2017,23,370.l.35688,Fuck the Cubs,Team Seager,Brett,0-0-0,8,The Evil Empire,Kevo,0-0-0,4
2017,24,370.l.35688,Fuck the Cubs,GooseRules,The Wizard,0-0-0,4,John Ewoldt 2.0,NOBS,0-0-0,7
2017,24,370.l.35688,Fuck the Cubs,Grady Sighs More,Nikolai Khabibulin,0-0-0,9,Poker Mike,Paulie,0-0-0,5
2017,24,370.l.35688,Fuck the Cubs,Dan's Thrusting Legs,Dan,0-0-0,4,Better Than Paul,DiZzY,0-0-0,9
2017,24,370.l.35688,Fuck the Cubs,Team Seager,Brett,0-0-0,6,Zegster,M Z,0-0-0,4
2017,24,370.l.35688,Fuck the Cubs,The Evil Empire,Kevo,0-0-0,8,Pew Pew Pew,Weazy,0-0-0,3
2017,25,370.l.35688,Fuck the Cubs,GooseRules,The Wizard,0-0-0,5,Zegster,M Z,0-0-0,8
2017,25,370.l.35688,Fuck the Cubs,Grady Sighs More,Nikolai Khabibulin,0-0-0,6,Better Than Paul,DiZzY,0-0-0,5
2017,25,370.l.35688,Fuck the Cubs,Dan's Thrusting Legs,Dan,0-0-0,0,Poker Mike,Paulie,0-0-0,13
2017,25,370.l.35688,Fuck the Cubs,John Ewoldt 2.0,NOBS,0-0-0,7,Team Seager,Brett,0-0-0,6
2018,1,378.l.31584,Fuk Yuuuuuuu,GooseRules,The Wizard,0-0-0,9,Dan's Ron Santo Legs,Dan,0-0-0,4
2018,1,378.l.31584,Fuk Yuuuuuuu,#SUX2BU,Nikolai Khabibulin,0-0-0,8,Zegster,M Z,0-0-0,4
2018,1,378.l.31584,Fuk Yuuuuuuu,No Joy In Mudville,NOBS,0-0-0,7,The Evil Empire,Kevo,0-0-0,7
2018,1,378.l.31584,Fuk Yuuuuuuu,Pew Pew Pew,Weazy,0-0-0,4,micah schnabel,Brett,0-0-0,7
2018,1,378.l.31584,Fuk Yuuuuuuu,Resurrection of Sidd,Paulie,0-0-0,9,Joshua's Team,Joshua,0-0-0,3
2018,2,378.l.31584,Fuk Yuuuuuuu,GooseRules,The Wizard,0-0-0,5,#SUX2BU,Nikolai Khabibulin,0-0-0,7
2018,2,378.l.31584,Fuk Yuuuuuuu,Dan's Ron Santo Legs,Dan,0-0-0,3,Joshua's Team,Joshua,0-0-0,11
2018,2,378.l.31584,Fuk Yuuuuuuu,No Joy In Mudville,NOBS,0-0-0,7,Zegster,M Z,0-0-0,5
2018,2,378.l.31584,Fuk Yuuuuuuu,Pew Pew Pew,Weazy,0-0-0,8,The Evil Empire,Kevo,0-0-0,6
2018,2,378.l.31584,Fuk Yuuuuuuu,Resurrection of Sidd,Paulie,0-0-0,4,micah schnabel,Brett,0-0-0,8
2018,3,378.l.31584,Fuk Yuuuuuuu,GooseRules,The Wizard,0-0-0,6,No Joy In Mudville,NOBS,0-0-0,8
2018,3,378.l.31584,Fuk Yuuuuuuu,Dan's Ron Santo Legs,Dan,0-0-0,7,#SUX2BU,Nikolai Khabibulin,0-0-0,6
2018,3,378.l.31584,Fuk Yuuuuuuu,Pew Pew Pew,Weazy,0-0-0,11,Zegster,M Z,0-0-0,2
2018,3,378.l.31584,Fuk Yuuuuuuu,Resurrection of Sidd,Paulie,0-0-0,10,The Evil Empire,Kevo,0-0-0,4
2018,3,378.l.31584,Fuk Yuuuuuuu,micah schnabel,Brett,0-0-0,10,Joshua's Team,Joshua,0-0-0,3
2018,4,378.l.31584,Fuk Yuuuuuuu,GooseRules,The Wizard,0-0-0,1,Pew Pew Pew,Weazy,0-0-0,11
2018,4,378.l.31584,Fuk Yuuuuuuu,Dan's Ron Santo Legs,Dan,0-0-0,8,No Joy In Mudville,NOBS,0-0-0,5
2018,4,378.l.31584,Fuk Yuuuuuuu,#SUX2BU,Nikolai Khabibulin,0-0-0,12,Joshua's Team,Joshua,0-0-0,1
2018,4,378.l.31584,Fuk Yuuuuuuu,Resurrection of Sidd,Paulie,0-0-0,4,Zegster,M Z,0-0-0,9
2018,4,378.l.31584,Fuk Yuuuuuuu,micah schnabel,Brett,0-0-0,10,The Evil Empire,Kevo,0-0-0,3
2018,5,378.l.31584,Fuk Yuuuuuuu,GooseRules,The Wizard,0-0-0,12,Resurrection of Sidd,Paulie,0-0-0,2
2018,5,378.l.31584,Fuk Yuuuuuuu,Dan's Ron Santo Legs,Dan,0-0-0,10,Pew Pew Pew,Weazy,0-0-0,4
2018,5,378.l.31584,Fuk Yuuuuuuu,#SUX2BU,Nikolai Khabibulin,0-0-0,7,No Joy In Mudville,NOBS,0-0-0,4
2018,5,378.l.31584,Fuk Yuuuuuuu,micah schnabel,Brett,0-0-0,9,Zegster,M Z,0-0-0,3
2018,5,378.l.31584,Fuk Yuuuuuuu,The Evil Empire,Kevo,0-0-0,9,Joshua's Team,Joshua,0-0-0,4
2018,6,378.l.31584,Fuk Yuuuuuuu,GooseRules,The Wizard,0-0-0,8,micah schnabel,Brett,0-0-0,4
2018,6,378.l.31584,Fuk Yuuuuuuu,Dan's Ron Santo Legs,Dan,0-0-0,6,Resurrection of Sidd,Paulie,0-0-0,7
2018,6,378.l.31584,Fuk Yuuuuuuu,#SUX2BU,Nikolai Khabibulin,0-0-0,5,Pew Pew Pew,Weazy,0-0-0,8
2018,6,378.l.31584,Fuk Yuuuuuuu,No Joy In Mudville,NOBS,0-0-0,5,Joshua's Team,Joshua,0-0-0,8
2018,6,378.l.31584,Fuk Yuuuuuuu,The Evil Empire,Kevo,0-0-0,2,Zegster,M Z,0-0-0,10
2018,7,378.l.31584,Fuk Yuuuuuuu,GooseRules,The Wizard,0-0-0,9,The Evil Empire,Kevo,0-0-0,4
2018,7,378.l.31584,Fuk Yuuuuuuu,Dan's Ron Santo Legs,Dan,0-0-0,2,micah schnabel,Brett,0-0-0,11
2018,7,378.l.31584,Fuk Yuuuuuuu,#SUX2BU,Nikolai Khabibulin,0-0-0,10,Resurrection of Sidd,Paulie,0-0-0,3
2018,7,378.l.31584,Fuk Yuuuuuuu,No Joy In Mudville,NOBS,0-0-0,8,Pew Pew Pew,Weazy,0-0-0,4
2018,7,378.l.31584,Fuk Yuuuuuuu,Zegster,M Z,0-0-0,6,Joshua's Team,Joshua,0-0-0,7
2018,8,378.l.31584,Fuk Yuuuuuuu,GooseRules,The Wizard,0-0-0,8,Zegster,M Z,0-0-0,4
2018,8,378.l.31584,Fuk Yuuuuuuu,Dan's Ron Santo Legs,Dan,0-0-0,7,The Evil Empire,Kevo,0-0-0,3
2018,8,378.l.31584,Fuk Yuuuuuuu,#SUX2BU,Nikolai Khabibulin,0-0-0,10,micah schnabel,Brett,0-0-0,3
2018,8,378.l.31584,Fuk Yuuuuuuu,No Joy In Mudville,NOBS,0-0-0,11,Resurrection of Sidd,Paulie,0-0-0,3
2018,8,378.l.31584,Fuk Yuuuuuuu,Pew Pew Pew,Weazy,0-0-0,3,Joshua's Team,Joshua,0-0-0,6
2018,9,378.l.31584,Fuk Yuuuuuuu,GooseRules,The Wizard,0-0-0,7,Joshua's Team,Joshua,0-0-0,6
2018,9,378.l.31584,Fuk Yuuuuuuu,Dan's Ron Santo Legs,Dan,0-0-0,2,Zegster,M Z,0-0-0,11
2018,9,378.l.31584,Fuk Yuuuuuuu,#SUX2BU,Nikolai Khabibulin,0-0-0,2,The Evil Empire,Kevo,0-0-0,10
2018,9,378.l.31584,Fuk Yuuuuuuu,No Joy In Mudville,NOBS,0-0-0,0,micah schnabel,Brett,0-0-0,12
2018,9,378.l.31584,Fuk Yuuuuuuu,Pew Pew Pew,Weazy,0-0-0,9,Resurrection of Sidd,Paulie,0-0-0,5
2018,10,378.l.31584,Fuk Yuuuuuuu,GooseRules,The Wizard,0-0-0,6,Dan's Ron Santo Legs,Dan,0-0-0,6
2018,10,378.l.31584,Fuk Yuuuuuuu,#SUX2BU,Nikolai Khabibulin,0-0-0,7,Zegster,M Z,0-0-0,4
2018,10,378.l.31584,Fuk Yuuuuuuu,No Joy In Mudville,NOBS,0-0-0,3,The Evil Empire,Kevo,0-0-0,9
2018,10,378.l.31584,Fuk Yuuuuuuu,Pew Pew Pew,Weazy,0-0-0,4,micah schnabel,Brett,0-0-0,8
2018,10,378.l.31584,Fuk Yuuuuuuu,Resurrection of Sidd,Paulie,0-0-0,5,Joshua's Team,Joshua,0-0-0,9
2018,11,378.l.31584,Fuk Yuuuuuuu,GooseRules,The Wizard,0-0-0,11,#SUX2BU,Nikolai Khabibulin,0-0-0,2
2018,11,378.l.31584,Fuk Yuuuuuuu,Dan's Ron Santo Legs,Dan,0-0-0,5,Joshua's Team,Joshua,0-0-0,7
2018,11,378.l.31584,Fuk Yuuuuuuu,No Joy In Mudville,NOBS,0-0-0,10,Zegster,M Z,0-0-0,3
2018,11,378.l.31584,Fuk Yuuuuuuu,Pew Pew Pew,Weazy,0-0-0,9,The Evil Empire,Kevo,0-0-0,4
2018,11,378.l.31584,Fuk Yuuuuuuu,Resurrection of Sidd,Paulie,0-0-0,10,micah schnabel,Brett,0-0-0,3
2018,12,378.l.31584,Fuk Yuuuuuuu,GooseRules,The Wizard,0-0-0,10,No Joy In Mudville,NOBS,0-0-0,2
2018,12,378.l.31584,Fuk Yuuuuuuu,Dan's Ron Santo Legs,Dan,0-0-0,4,#SUX2BU,Nikolai Khabibulin,0-0-0,8
2018,12,378.l.31584,Fuk Yuuuuuuu,Pew Pew Pew,Weazy,0-0-0,3,Zegster,M Z,0-0-0,10
2018,12,378.l.31584,Fuk Yuuuuuuu,Resurrection of Sidd,Paulie,0-0-0,2,The Evil Empire,Kevo,0-0-0,10
2018,12,378.l.31584,Fuk Yuuuuuuu,micah schnabel,Brett,0-0-0,7,Joshua's Team,Joshua,0-0-0,4
2018,13,378.l.31584,Fuk Yuuuuuuu,GooseRules,The Wizard,0-0-0,7,Pew Pew Pew,Weazy,0-0-0,6
2018,13,378.l.31584,Fuk Yuuuuuuu,Dan's Ron Santo Legs,Dan,0-0-0,8,No Joy In Mudville,NOBS,0-0-0,5
2018,13,378.l.31584,Fuk Yuuuuuuu,#SUX2BU,Nikolai Khabibulin,0-0-0,7,Joshua's Team,Joshua,0-0-0,7
2018,13,378.l.31584,Fuk Yuuuuuuu,Resurrection of Sidd,Paulie,0-0-0,1,Zegster,M Z,0-0-0,12
2018,13,378.l.31584,Fuk Yuuuuuuu,micah schnabel,Brett,0-0-0,6,The Evil Empire,Kevo,0-0-0,5
2018,14,378.l.31584,Fuk Yuuuuuuu,GooseRules,The Wizard,0-0-0,8,Resurrection of Sidd,Paulie,0-0-0,5
2018,14,378.l.31584,Fuk Yuuuuuuu,Dan's Ron Santo Legs,Dan,0-0-0,3,Pew Pew Pew,Weazy,0-0-0,10
2018,14,378.l.31584,Fuk Yuuuuuuu,#SUX2BU,Nikolai Khabibulin,0-0-0,4,No Joy In Mudville,NOBS,0-0-0,9
2018,14,378.l.31584,Fuk Yuuuuuuu,micah schnabel,Brett,0-0-0,8,Zegster,M Z,0-0-0,2
2018,14,378.l.31584,Fuk Yuuuuuuu,The Evil Empire,Kevo,0-0-0,11,Joshua's Team,Joshua,0-0-0,2
2018,15,378.l.31584,Fuk Yuuuuuuu,GooseRules,The Wizard,0-0-0,4,micah schnabel,Brett,0-0-0,9
2018,15,378.l.31584,Fuk Yuuuuuuu,Dan's Ron Santo Legs,Dan,0-0-0,9,Resurrection of Sidd,Paulie,0-0-0,4
2018,15,378.l.31584,Fuk Yuuuuuuu,#SUX2BU,Nikolai Khabibulin,0-0-0,2,Pew Pew Pew,Weazy,0-0-0,11
2018,15,378.l.31584,Fuk Yuuuuuuu,No Joy In Mudville,NOBS,0-0-0,2,Joshua's Team,Joshua,0-0-0,7
2018,15,378.l.31584,Fuk Yuuuuuuu,The Evil Empire,Kevo,0-0-0,5,Zegster,M Z,0-0-0,7
2018,16,378.l.31584,Fuk Yuuuuuuu,GooseRules,The Wizard,0-0-0,10,The Evil Empire,Kevo,0-0-0,2
2018,16,378.l.31584,Fuk Yuuuuuuu,Dan's Ron Santo Legs,Dan,0-0-0,6,micah schnabel,Brett,0-0-0,7
2018,16,378.l.31584,Fuk Yuuuuuuu,#SUX2BU,Nikolai Khabibulin,0-0-0,7,Resurrection of Sidd,Paulie,0-0-0,6
2018,16,378.l.31584,Fuk Yuuuuuuu,No Joy In Mudville,NOBS,0-0-0,7,Pew Pew Pew,Weazy,0-0-0,6
2018,16,378.l.31584,Fuk Yuuuuuuu,Zegster,M Z,0-0-0,7,Joshua's Team,Joshua,0-0-0,6
2018,17,378.l.31584,Fuk Yuuuuuuu,GooseRules,The Wizard,0-0-0,10,Zegster,M Z,0-0-0,3
2018,17,378.l.31584,Fuk Yuuuuuuu,Dan's Ron Santo Legs,Dan,0-0-0,9,The Evil Empire,Kevo,0-0-0,4
2018,17,378.l.31584,Fuk Yuuuuuuu,#SUX2BU,Nikolai Khabibulin,0-0-0,7,micah schnabel,Brett,0-0-0,6
2018,17,378.l.31584,Fuk Yuuuuuuu,No Joy In Mudville,NOBS,0-0-0,8,Resurrection of Sidd,Paulie,0-0-0,5
2018,17,378.l.31584,Fuk Yuuuuuuu,Pew Pew Pew,Weazy,0-0-0,6,Joshua's Team,Joshua,0-0-0,5
2018,18,378.l.31584,Fuk Yuuuuuuu,GooseRules,The Wizard,0-0-0,11,Joshua's Team,Joshua,0-0-0,1
2018,18,378.l.31584,Fuk Yuuuuuuu,Dan's Ron Santo Legs,Dan,0-0-0,8,Zegster,M Z,0-0-0,5
2018,18,378.l.31584,Fuk Yuuuuuuu,#SUX2BU,Nikolai Khabibulin,0-0-0,13,The Evil Empire,Kevo,0-0-0,0
2018,18,378.l.31584,Fuk Yuuuuuuu,No Joy In Mudville,NOBS,0-0-0,1,micah schnabel,Brett,0-0-0,11
2018,18,378.l.31584,Fuk Yuuuuuuu,Pew Pew Pew,Weazy,0-0-0,6,Resurrection of Sidd,Paulie,0-0-0,5
2018,19,378.l.31584,Fuk Yuuuuuuu,GooseRules,The Wizard,0-0-0,2,Dan's Ron Santo Legs,Dan,0-0-0,11
2018,19,378.l.31584,Fuk Yuuuuuuu,#SUX2BU,Nikolai Khabibulin,0-0-0,7,Zegster,M Z,0-0-0,5
2018,19,378.l.31584,Fuk Yuuuuuuu,No Joy In Mudville,NOBS,0-0-0,7,The Evil Empire,Kevo,0-0-0,6
2018,19,378.l.31584,Fuk Yuuuuuuu,Pew Pew Pew,Weazy,0-0-0,8,micah schnabel,Brett,0-0-0,5
2018,19,378.l.31584,Fuk Yuuuuuuu,Resurrection of Sidd,Paulie,0-0-0,7,Joshua's Team,Joshua,0-0-0,4
2018,20,378.l.31584,Fuk Yuuuuuuu,GooseRules,The Wizard,0-0-0,5,#SUX2BU,Nikolai Khabibulin,0-0-0,7
2018,20,378.l.31584,Fuk Yuuuuuuu,Dan's Ron Santo Legs,Dan,0-0-0,6,Joshua's Team,Joshua,0-0-0,6
2018,20,378.l.31584,Fuk Yuuuuuuu,No Joy In Mudville,NOBS,0-0-0,2,Zegster,M Z,0-0-0,11
2018,20,378.l.31584,Fuk Yuuuuuuu,Pew Pew Pew,Weazy,0-0-0,3,The Evil Empire,Kevo,0-0-0,10
2018,20,378.l.31584,Fuk Yuuuuuuu,Resurrection of Sidd,Paulie,0-0-0,9,micah schnabel,Brett,0-0-0,5
2018,21,378.l.31584,Fuk Yuuuuuuu,GooseRules,The Wizard,0-0-0,6,No Joy In Mudville,NOBS,0-0-0,5
2018,21,378.l.31584,Fuk Yuuuuuuu,Dan's Ron Santo Legs,Dan,0-0-0,6,#SUX2BU,Nikolai Khabibulin,0-0-0,7
2018,21,378.l.31584,Fuk Yuuuuuuu,Pew Pew Pew,Weazy,0-0-0,7,Zegster,M Z,0-0-0,5
2018,21,378.l.31584,Fuk Yuuuuuuu,Resurrection of Sidd,Paulie,0-0-0,3,The Evil Empire,Kevo,0-0-0,10
2018,21,378.l.31584,Fuk Yuuuuuuu,micah schnabel,Brett,0-0-0,5,Joshua's Team,Joshua,0-0-0,8
2018,22,378.l.31584,Fuk Yuuuuuuu,GooseRules,The Wizard,0-0-0,6,Pew Pew Pew,Weazy,0-0-0,7
2018,22,378.l.31584,Fuk Yuuuuuuu,Dan's Ron Santo Legs,Dan,0-0-0,8,No Joy In Mudville,NOBS,0-0-0,5
2018,22,378.l.31584,Fuk Yuuuuuuu,#SUX2BU,Nikolai Khabibulin,0-0-0,7,Joshua's Team,Joshua,0-0-0,6
2018,22,378.l.31584,Fuk Yuuuuuuu,Resurrection of Sidd,Paulie,0-0-0,3,Zegster,M Z,0-0-0,10
2018,22,378.l.31584,Fuk Yuuuuuuu,micah schnabel,Brett,0-0-0,4,The Evil Empire,Kevo,0-0-0,8
2018,23,378.l.31584,Fuk Yuuuuuuu,Dan's Ron Santo Legs,Dan,0-0-0,7,#SUX2BU,Nikolai Khabibulin,0-0-0,6
2018,23,378.l.31584,Fuk Yuuuuuuu,Pew Pew Pew,Weazy,0-0-0,7,Zegster,M Z,0-0-0,7
2018,24,378.l.31584,Fuk Yuuuuuuu,GooseRules,The Wizard,0-0-0,5,Pew Pew Pew,Weazy,0-0-0,5
2018,24,378.l.31584,Fuk Yuuuuuuu,Dan's Ron Santo Legs,Dan,0-0-0,4,micah schnabel,Brett,0-0-0,7
2018,24,378.l.31584,Fuk Yuuuuuuu,#SUX2BU,Nikolai Khabibulin,0-0-0,7,Zegster,M Z,0-0-0,6
2018,24,378.l.31584,Fuk Yuuuuuuu,No Joy In Mudville,NOBS,0-0-0,7,Joshua's Team,Joshua,0-0-0,7
2018,24,378.l.31584,Fuk Yuuuuuuu,Resurrection of Sidd,Paulie,0-0-0,4,The Evil Empire,Kevo,0-0-0,7
2018,25,378.l.31584,Fuk Yuuuuuuu,GooseRules,The Wizard,0-0-0,10,Dan's Ron Santo Legs,Dan,0-0-0,2
2018,25,378.l.31584,Fuk Yuuuuuuu,No Joy In Mudville,NOBS,0-0-0,1,Resurrection of Sidd,Paulie,0-0-0,10
2018,25,378.l.31584,Fuk Yuuuuuuu,Pew Pew Pew,Weazy,0-0-0,3,micah schnabel,Brett,0-0-0,9
2018,25,378.l.31584,Fuk Yuuuuuuu,The Evil Empire,Kevo,0-0-0,7,Joshua's Team,Joshua,0-0-0,4
2019,1,388.l.22108,Kershaw's Back - OwwRight!?!,GooseRules,The Wizard,0-0-0,9,Didnt Even Use My AJ,Nikolai Khabibulin,0-0-0,4
2019,1,388.l.22108,Kershaw's Back - OwwRight!?!,Dan's Tan Legs,Dan,0-0-0,8,The Evil Empire,Kevo,0-0-0,4
2019,1,388.l.22108,Kershaw's Back - OwwRight!?!,Too Many Kids,Joshua,0-0-0,6,The Rebuild of Sidd,Paulie,0-0-0,6
2019,1,388.l.22108,Kershaw's Back - OwwRight!?!,micah schnabel,Brett,0-0-0,11,Pew Pew Pew,Weazy,0-0-0,2
2019,1,388.l.22108,Kershaw's Back - OwwRight!?!,Solerpowered,NOBS,0-0-0,2,Zegster,M Z,0-0-0,9
2019,2,388.l.22108,Kershaw's Back - OwwRight!?!,GooseRules,The Wizard,0-0-0,2,Dan's Tan Legs,Dan,0-0-0,10
2019,2,388.l.22108,Kershaw's Back - OwwRight!?!,Didnt Even Use My AJ,Nikolai Khabibulin,0-0-0,5,Zegster,M Z,0-0-0,7
2019,2,388.l.22108,Kershaw's Back - OwwRight!?!,Too Many Kids,Joshua,0-0-0,8,The Evil Empire,Kevo,0-0-0,5
2019,2,388.l.22108,Kershaw's Back - OwwRight!?!,micah schnabel,Brett,0-0-0,6,The Rebuild of Sidd,Paulie,0-0-0,7
2019,2,388.l.22108,Kershaw's Back - OwwRight!?!,Solerpowered,NOBS,0-0-0,9,Pew Pew Pew,Weazy,0-0-0,4
2019,3,388.l.22108,Kershaw's Back - OwwRight!?!,GooseRules,The Wizard,0-0-0,10,Too Many Kids,Joshua,0-0-0,3
2019,3,388.l.22108,Kershaw's Back - OwwRight!?!,Didnt Even Use My AJ,Nikolai Khabibulin,0-0-0,5,Dan's Tan Legs,Dan,0-0-0,7
2019,3,388.l.22108,Kershaw's Back - OwwRight!?!,micah schnabel,Brett,0-0-0,4,The Evil Empire,Kevo,0-0-0,7
2019,3,388.l.22108,Kershaw's Back - OwwRight!?!,Solerpowered,NOBS,0-0-0,4,The Rebuild of Sidd,Paulie,0-0-0,7
2019,3,388.l.22108,Kershaw's Back - OwwRight!?!,Pew Pew Pew,Weazy,0-0-0,5,Zegster,M Z,0-0-0,6
2019,4,388.l.22108,Kershaw's Back - OwwRight!?!,GooseRules,The Wizard,0-0-0,6,micah schnabel,Brett,0-0-0,6
2019,4,388.l.22108,Kershaw's Back - OwwRight!?!,Didnt Even Use My AJ,Nikolai Khabibulin,0-0-0,6,Too Many Kids,Joshua,0-0-0,6
2019,4,388.l.22108,Kershaw's Back - OwwRight!?!,Dan's Tan Legs,Dan,0-0-0,3,Zegster,M Z,0-0-0,10
2019,4,388.l.22108,Kershaw's Back - OwwRight!?!,Solerpowered,NOBS,0-0-0,7,The Evil Empire,Kevo,0-0-0,6
2019,4,388.l.22108,Kershaw's Back - OwwRight!?!,Pew Pew Pew,Weazy,0-0-0,7,The Rebuild of Sidd,Paulie,0-0-0,6
2019,5,388.l.22108,Kershaw's Back - OwwRight!?!,GooseRules,The Wizard,0-0-0,4,Solerpowered,NOBS,0-0-0,8
2019,5,388.l.22108,Kershaw's Back - OwwRight!?!,Didnt Even Use My AJ,Nikolai Khabibulin,0-0-0,3,micah schnabel,Brett,0-0-0,11
2019,5,388.l.22108,Kershaw's Back - OwwRight!?!,Dan's Tan Legs,Dan,0-0-0,3,Too Many Kids,Joshua,0-0-0,8
2019,5,388.l.22108,Kershaw's Back - OwwRight!?!,Pew Pew Pew,Weazy,0-0-0,5,The Evil Empire,Kevo,0-0-0,7
2019,5,388.l.22108,Kershaw's Back - OwwRight!?!,The Rebuild of Sidd,Paulie,0-0-0,6,Zegster,M Z,0-0-0,8
2019,6,388.l.22108,Kershaw's Back - OwwRight!?!,GooseRules,The Wizard,0-0-0,5,Pew Pew Pew,Weazy,0-0-0,7
2019,6,388.l.22108,Kershaw's Back - OwwRight!?!,Didnt Even Use My AJ,Nikolai Khabibulin,0-0-0,7,Solerpowered,NOBS,0-0-0,6
2019,6,388.l.22108,Kershaw's Back - OwwRight!?!,Dan's Tan Legs,Dan,0-0-0,3,micah schnabel,Brett,0-0-0,10
2019,6,388.l.22108,Kershaw's Back - OwwRight!?!,Too Many Kids,Joshua,0-0-0,9,Zegster,M Z,0-0-0,5
2019,6,388.l.22108,Kershaw's Back - OwwRight!?!,The Rebuild of Sidd,Paulie,0-0-0,5,The Evil Empire,Kevo,0-0-0,6
2019,7,388.l.22108,Kershaw's Back - OwwRight!?!,GooseRules,The Wizard,0-0-0,9,The Rebuild of Sidd,Paulie,0-0-0,3
2019,7,388.l.22108,Kershaw's Back - OwwRight!?!,Didnt Even Use My AJ,Nikolai Khabibulin,0-0-0,5,Pew Pew Pew,Weazy,0-0-0,8
2019,7,388.l.22108,Kershaw's Back - OwwRight!?!,Dan's Tan Legs,Dan,0-0-0,3,Solerpowered,NOBS,0-0-0,10
2019,7,388.l.22108,Kershaw's Back - OwwRight!?!,Too Many Kids,Joshua,0-0-0,8,micah schnabel,Brett,0-0-0,5
2019,7,388.l.22108,Kershaw's Back - OwwRight!?!,The Evil Empire,Kevo,0-0-0,4,Zegster,M Z,0-0-0,6
2019,8,388.l.22108,Kershaw's Back - OwwRight!?!,GooseRules,The Wizard,0-0-0,6,The Evil Empire,Kevo,0-0-0,7
2019,8,388.l.22108,Kershaw's Back - OwwRight!?!,Didnt Even Use My AJ,Nikolai Khabibulin,0-0-0,9,The Rebuild of Sidd,Paulie,0-0-0,4
2019,8,388.l.22108,Kershaw's Back - OwwRight!?!,Dan's Tan Legs,Dan,0-0-0,9,Pew Pew Pew,Weazy,0-0-0,2
2019,8,388.l.22108,Kershaw's Back - OwwRight!?!,Too Many Kids,Joshua,0-0-0,8,Solerpowered,NOBS,0-0-0,5
2019,8,388.l.22108,Kershaw's Back - OwwRight!?!,micah schnabel,Brett,0-0-0,4,Zegster,M Z,0-0-0,8
2019,9,388.l.22108,Kershaw's Back - OwwRight!?!,GooseRules,The Wizard,0-0-0,9,Zegster,M Z,0-0-0,2
2019,9,388.l.22108,Kershaw's Back - OwwRight!?!,Didnt Even Use My AJ,Nikolai Khabibulin,0-0-0,0,The Evil Empire,Kevo,0-0-0,10
2019,9,388.l.22108,Kershaw's Back - OwwRight!?!,Dan's Tan Legs,Dan,0-0-0,9,The Rebuild of Sidd,Paulie,0-0-0,4
2019,9,388.l.22108,Kershaw's Back - OwwRight!?!,Too Many Kids,Joshua,0-0-0,9,Pew Pew Pew,Weazy,0-0-0,2
2019,9,388.l.22108,Kershaw's Back - OwwRight!?!,micah schnabel,Brett,0-0-0,3,Solerpowered,NOBS,0-0-0,8
2019,10,388.l.22108,Kershaw's Back - OwwRight!?!,GooseRules,The Wizard,0-0-0,10,Didnt Even Use My AJ,Nikolai Khabibulin,0-0-0,1
2019,10,388.l.22108,Kershaw's Back - OwwRight!?!,Dan's Tan Legs,Dan,0-0-0,7,The Evil Empire,Kevo,0-0-0,5
2019,10,388.l.22108,Kershaw's Back - OwwRight!?!,Too Many Kids,Joshua,0-0-0,6,The Rebuild of Sidd,Paulie,0-0-0,7
2019,10,388.l.22108,Kershaw's Back - OwwRight!?!,micah schnabel,Brett,0-0-0,6,Pew Pew Pew,Weazy,0-0-0,6
2019,10,388.l.22108,Kershaw's Back - OwwRight!?!,Solerpowered,NOBS,0-0-0,5,Zegster,M Z,0-0-0,8
2019,11,388.l.22108,Kershaw's Back - OwwRight!?!,GooseRules,The Wizard,0-0-0,10,Dan's Tan Legs,Dan,0-0-0,3
2019,11,388.l.22108,Kershaw's Back - OwwRight!?!,Didnt Even Use My AJ,Nikolai Khabibulin,0-0-0,9,Zegster,M Z,0-0-0,4
2019,11,388.l.22108,Kershaw's Back - OwwRight!?!,Too Many Kids,Joshua,0-0-0,12,The Evil Empire,Kevo,0-0-0,1
2019,11,388.l.22108,Kershaw's Back - OwwRight!?!,micah schnabel,Brett,0-0-0,10,The Rebuild of Sidd,Paulie,0-0-0,3
2019,11,388.l.22108,Kershaw's Back - OwwRight!?!,Solerpowered,NOBS,0-0-0,9,Pew Pew Pew,Weazy,0-0-0,4
2019,12,388.l.22108,Kershaw's Back - OwwRight!?!,GooseRules,The Wizard,0-0-0,8,Too Many Kids,Joshua,0-0-0,6
2019,12,388.l.22108,Kershaw's Back - OwwRight!?!,Didnt Even Use My AJ,Nikolai Khabibulin,0-0-0,4,Dan's Tan Legs,Dan,0-0-0,9
2019,12,388.l.22108,Kershaw's Back - OwwRight!?!,micah schnabel,Brett,0-0-0,3,The Evil Empire,Kevo,0-0-0,7
2019,12,388.l.22108,Kershaw's Back - OwwRight!?!,Solerpowered,NOBS,0-0-0,4,The Rebuild of Sidd,Paulie,0-0-0,8
2019,12,388.l.22108,Kershaw's Back - OwwRight!?!,Pew Pew Pew,Weazy,0-0-0,3,Zegster,M Z,0-0-0,10
2019,13,388.l.22108,Kershaw's Back - OwwRight!?!,GooseRules,The Wizard,0-0-0,6,micah schnabel,Brett,0-0-0,7
2019,13,388.l.22108,Kershaw's Back - OwwRight!?!,Didnt Even Use My AJ,Nikolai Khabibulin,0-0-0,3,Too Many Kids,Joshua,0-0-0,10
2019,13,388.l.22108,Kershaw's Back - OwwRight!?!,Dan's Tan Legs,Dan,0-0-0,10,Zegster,M Z,0-0-0,3
2019,13,388.l.22108,Kershaw's Back - OwwRight!?!,Solerpowered,NOBS,0-0-0,8,The Evil Empire,Kevo,0-0-0,4
2019,13,388.l.22108,Kershaw's Back - OwwRight!?!,Pew Pew Pew,Weazy,0-0-0,5,The Rebuild of Sidd,Paulie,0-0-0,8
2019,14,388.l.22108,Kershaw's Back - OwwRight!?!,GooseRules,The Wizard,0-0-0,7,Solerpowered,NOBS,0-0-0,5
2019,14,388.l.22108,Kershaw's Back - OwwRight!?!,Didnt Even Use My AJ,Nikolai Khabibulin,0-0-0,8,micah schnabel,Brett,0-0-0,5
2019,14,388.l.22108,Kershaw's Back - OwwRight!?!,Dan's Tan Legs,Dan,0-0-0,8,Too Many Kids,Joshua,0-0-0,5
2019,14,388.l.22108,Kershaw's Back - OwwRight!?!,Pew Pew Pew,Weazy,0-0-0,8,The Evil Empire,Kevo,0-0-0,4
2019,14,388.l.22108,Kershaw's Back - OwwRight!?!,The Rebuild of Sidd,Paulie,0-0-0,4,Zegster,M Z,0-0-0,8
2019,15,388.l.22108,Kershaw's Back - OwwRight!?!,GooseRules,The Wizard,0-0-0,10,Pew Pew Pew,Weazy,0-0-0,3
2019,15,388.l.22108,Kershaw's Back - OwwRight!?!,Didnt Even Use My AJ,Nikolai Khabibulin,0-0-0,6,Solerpowered,NOBS,0-0-0,7
2019,15,388.l.22108,Kershaw's Back - OwwRight!?!,Dan's Tan Legs,Dan,0-0-0,6,micah schnabel,Brett,0-0-0,7
2019,15,388.l.22108,Kershaw's Back - OwwRight!?!,Too Many Kids,Joshua,0-0-0,9,Zegster,M Z,0-0-0,5
2019,15,388.l.22108,Kershaw's Back - OwwRight!?!,The Rebuild of Sidd,Paulie,0-0-0,4,The Evil Empire,Kevo,0-0-0,9
2019,16,388.l.22108,Kershaw's Back - OwwRight!?!,GooseRules,The Wizard,0-0-0,12,The Rebuild of Sidd,Paulie,0-0-0,2
2019,16,388.l.22108,Kershaw's Back - OwwRight!?!,Didnt Even Use My AJ,Nikolai Khabibulin,0-0-0,10,Pew Pew Pew,Weazy,0-0-0,3
2019,16,388.l.22108,Kershaw's Back - OwwRight!?!,Dan's Tan Legs,Dan,0-0-0,1,Solerpowered,NOBS,0-0-0,12
2019,16,388.l.22108,Kershaw's Back - OwwRight!?!,Too Many Kids,Joshua,0-0-0,7,micah schnabel,Brett,0-0-0,5
2019,16,388.l.22108,Kershaw's Back - OwwRight!?!,The Evil Empire,Kevo,0-0-0,6,Zegster,M Z,0-0-0,8
2019,17,388.l.22108,Kershaw's Back - OwwRight!?!,GooseRules,The Wizard,0-0-0,7,The Evil Empire,Kevo,0-0-0,7
2019,17,388.l.22108,Kershaw's Back - OwwRight!?!,Didnt Even Use My AJ,Nikolai Khabibulin,0-0-0,10,The Rebuild of Sidd,Paulie,0-0-0,4
2019,17,388.l.22108,Kershaw's Back - OwwRight!?!,Dan's Tan Legs,Dan,0-0-0,9,Pew Pew Pew,Weazy,0-0-0,4
2019,17,388.l.22108,Kershaw's Back - OwwRight!?!,Too Many Kids,Joshua,0-0-0,8,Solerpowered,NOBS,0-0-0,3
2019,17,388.l.22108,Kershaw's Back - OwwRight!?!,micah schnabel,Brett,0-0-0,8,Zegster,M Z,0-0-0,5
2019,18,388.l.22108,Kershaw's Back - OwwRight!?!,GooseRules,The Wizard,0-0-0,12,Zegster,M Z,0-0-0,1
2019,18,388.l.22108,Kershaw's Back - OwwRight!?!,Didnt Even Use My AJ,Nikolai Khabibulin,0-0-0,6,The Evil Empire,Kevo,0-0-0,7
2019,18,388.l.22108,Kershaw's Back - OwwRight!?!,Dan's Tan Legs,Dan,0-0-0,9,The Rebuild of Sidd,Paulie,0-0-0,2
2019,18,388.l.22108,Kershaw's Back - OwwRight!?!,Too Many Kids,Joshua,0-0-0,4,Pew Pew Pew,Weazy,0-0-0,7
2019,18,388.l.22108,Kershaw's Back - OwwRight!?!,micah schnabel,Brett,0-0-0,3,Solerpowered,NOBS,0-0-0,9
2019,19,388.l.22108,Kershaw's Back - OwwRight!?!,GooseRules,The Wizard,0-0-0,9,Didnt Even Use My AJ,Nikolai Khabibulin,0-0-0,3
2019,19,388.l.22108,Kershaw's Back - OwwRight!?!,Dan's Tan Legs,Dan,0-0-0,9,The Evil Empire,Kevo,0-0-0,2
2019,19,388.l.22108,Kershaw's Back - OwwRight!?!,Too Many Kids,Joshua,0-0-0,12,The Rebuild of Sidd,Paulie,0-0-0,0
2019,19,388.l.22108,Kershaw's Back - OwwRight!?!,micah schnabel,Brett,0-0-0,8,Pew Pew Pew,Weazy,0-0-0,5
2019,19,388.l.22108,Kershaw's Back - OwwRight!?!,Solerpowered,NOBS,0-0-0,9,Zegster,M Z,0-0-0,3
2019,20,388.l.22108,Kershaw's Back - OwwRight!?!,GooseRules,The Wizard,0-0-0,10,Dan's Tan Legs,Dan,0-0-0,3
2019,20,388.l.22108,Kershaw's Back - OwwRight!?!,Didnt Even Use My AJ,Nikolai Khabibulin,0-0-0,6,Zegster,M Z,0-0-0,6
2019,20,388.l.22108,Kershaw's Back - OwwRight!?!,Too Many Kids,Joshua,0-0-0,11,The Evil Empire,Kevo,0-0-0,2
2019,20,388.l.22108,Kershaw's Back - OwwRight!?!,micah schnabel,Brett,0-0-0,7,The Rebuild of Sidd,Paulie,0-0-0,5
2019,20,388.l.22108,Kershaw's Back - OwwRight!?!,Solerpowered,NOBS,0-0-0,9,Pew Pew Pew,Weazy,0-0-0,3
2019,21,388.l.22108,Kershaw's Back - OwwRight!?!,GooseRules,The Wizard,0-0-0,4,Too Many Kids,Joshua,0-0-0,9
2019,21,388.l.22108,Kershaw's Back - OwwRight!?!,Didnt Even Use My AJ,Nikolai Khabibulin,0-0-0,4,Dan's Tan Legs,Dan,0-0-0,8
2019,21,388.l.22108,Kershaw's Back - OwwRight!?!,micah schnabel,Brett,0-0-0,6,The Evil Empire,Kevo,0-0-0,7
2019,21,388.l.22108,Kershaw's Back - OwwRight!?!,Solerpowered,NOBS,0-0-0,7,The Rebuild of Sidd,Paulie,0-0-0,6
2019,21,388.l.22108,Kershaw's Back - OwwRight!?!,Pew Pew Pew,Weazy,0-0-0,8,Zegster,M Z,0-0-0,4
2019,22,388.l.22108,Kershaw's Back - OwwRight!?!,GooseRules,The Wizard,0-0-0,7,micah schnabel,Brett,0-0-0,6
2019,22,388.l.22108,Kershaw's Back - OwwRight!?!,Didnt Even Use My AJ,Nikolai Khabibulin,0-0-0,10,Too Many Kids,Joshua,0-0-0,4
2019,22,388.l.22108,Kershaw's Back - OwwRight!?!,Dan's Tan Legs,Dan,0-0-0,4,Zegster,M Z,0-0-0,9
2019,22,388.l.22108,Kershaw's Back - OwwRight!?!,Solerpowered,NOBS,0-0-0,9,The Evil Empire,Kevo,0-0-0,4
2019,22,388.l.22108,Kershaw's Back - OwwRight!?!,Pew Pew Pew,Weazy,0-0-0,10,The Rebuild of Sidd,Paulie,0-0-0,3
2019,23,388.l.22108,Kershaw's Back - OwwRight!?!,Dan's Tan Legs,Dan,0-0-0,8,micah schnabel,Brett,0-0-0,1
2019,23,388.l.22108,Kershaw's Back - OwwRight!?!,Solerpowered,NOBS,0-0-0,8,Zegster,M Z,0-0-0,5
2019,24,388.l.22108,Kershaw's Back - OwwRight!?!,GooseRules,The Wizard,0-0-0,8,Dan's Tan Legs,Dan,0-0-0,4
2019,24,388.l.22108,Kershaw's Back - OwwRight!?!,Didnt Even Use My AJ,Nikolai Khabibulin,0-0-0,7,Pew Pew Pew,Weazy,0-0-0,6
2019,24,388.l.22108,Kershaw's Back - OwwRight!?!,Too Many Kids,Joshua,0-0-0,2,Solerpowered,NOBS,0-0-0,11
2019,24,388.l.22108,Kershaw's Back - OwwRight!?!,micah schnabel,Brett,0-0-0,10,Zegster,M Z,0-0-0,3
2019,24,388.l.22108,Kershaw's Back - OwwRight!?!,The Rebuild of Sidd,Paulie,0-0-0,8,The Evil Empire,Kevo,0-0-0,4
2019,25,388.l.22108,Kershaw's Back - OwwRight!?!,GooseRules,The Wizard,0-0-0,5,Solerpowered,NOBS,0-0-0,6
2019,25,388.l.22108,Kershaw's Back - OwwRight!?!,Didnt Even Use My AJ,Nikolai Khabibulin,0-0-0,11,The Rebuild of Sidd,Paulie,0-0-0,2
2019,25,388.l.22108,Kershaw's Back - OwwRight!?!,Dan's Tan Legs,Dan,0-0-0,4,Too Many Kids,Joshua,0-0-0,9
2019,25,388.l.22108,Kershaw's Back - OwwRight!?!,Pew Pew Pew,Weazy,0-0-0,5,The Evil Empire,Kevo,0-0-0,8
2020,1,398.l.71044,Our Nationals Pastime,Solerpowered,NOBS,0-0-0,0,Dan's Dead Legs,Dan,0-0-0,0
2020,1,398.l.71044,Our Nationals Pastime,Didnt Even Use My AJ,Nikolai Khabibulin,0-0-0,0,Zegster,M Z,0-0-0,0
2020,1,398.l.71044,Our Nationals Pastime,GooseRules,The Wizard,0-0-0,0,Too Many Kids,Joshua,0-0-0,0
2020,1,398.l.71044,Our Nationals Pastime,micah schnabel,Brett,0-0-0,0,The Rebuild of Sidd,Paulie,0-0-0,0
2020,1,398.l.71044,Our Nationals Pastime,The Evil Empire,Kevo,0-0-0,0,Theodore's Team,Theodore,0-0-0,0
2020,2,398.l.71044,Our Nationals Pastime,Solerpowered,NOBS,0-0-0,0,Didnt Even Use My AJ,Nikolai Khabibulin,0-0-0,0
2020,2,398.l.71044,Our Nationals Pastime,Dan's Dead Legs,Dan,0-0-0,0,Theodore's Team,Theodore,0-0-0,0
2020,2,398.l.71044,Our Nationals Pastime,GooseRules,The Wizard,0-0-0,0,Zegster,M Z,0-0-0,0
2020,2,398.l.71044,Our Nationals Pastime,micah schnabel,Brett,0-0-0,0,Too Many Kids,Joshua,0-0-0,0
2020,2,398.l.71044,Our Nationals Pastime,The Evil Empire,Kevo,0-0-0,0,The Rebuild of Sidd,Paulie,0-0-0,0
2020,3,398.l.71044,Our Nationals Pastime,Solerpowered,NOBS,0-0-0,0,GooseRules,The Wizard,0-0-0,0
2020,3,398.l.71044,Our Nationals Pastime,Dan's Dead Legs,Dan,0-0-0,0,Didnt Even Use My AJ,Nikolai Khabibulin,0-0-0,0
2020,3,398.l.71044,Our Nationals Pastime,micah schnabel,Brett,0-0-0,0,Zegster,M Z,0-0-0,0
2020,3,398.l.71044,Our Nationals Pastime,The Evil Empire,Kevo,0-0-0,0,Too Many Kids,Joshua,0-0-0,0
2020,3,398.l.71044,Our Nationals Pastime,The Rebuild of Sidd,Paulie,0-0-0,0,Theodore's Team,Theodore,0-0-0,0
2020,4,398.l.71044,Our Nationals Pastime,Solerpowered,NOBS,0-0-0,0,micah schnabel,Brett,0-0-0,0
2020,4,398.l.71044,Our Nationals Pastime,Dan's Dead Legs,Dan,0-0-0,0,GooseRules,The Wizard,0-0-0,0
2020,4,398.l.71044,Our Nationals Pastime,Didnt Even Use My AJ,Nikolai Khabibulin,0-0-0,0,Theodore's Team,Theodore,0-0-0,0
2020,4,398.l.71044,Our Nationals Pastime,The Evil Empire,Kevo,0-0-0,0,Zegster,M Z,0-0-0,0
2020,4,398.l.71044,Our Nationals Pastime,The Rebuild of Sidd,Paulie,0-0-0,0,Too Many Kids,Joshua,0-0-0,0
2020,5,398.l.71044,Our Nationals Pastime,Solerpowered,NOBS,0-0-0,0,The Evil Empire,Kevo,0-0-0,0
2020,5,398.l.71044,Our Nationals Pastime,Dan's Dead Legs,Dan,0-0-0,0,micah schnabel,Brett,0-0-0,0
2020,5,398.l.71044,Our Nationals Pastime,Didnt Even Use My AJ,Nikolai Khabibulin,0-0-0,0,GooseRules,The Wizard,0-0-0,0
2020,5,398.l.71044,Our Nationals Pastime,The Rebuild of Sidd,Paulie,0-0-0,0,Zegster,M Z,0-0-0,0
2020,5,398.l.71044,Our Nationals Pastime,Too Many Kids,Joshua,0-0-0,0,Theodore's Team,Theodore,0-0-0,0
2020,6,398.l.71044,Our Nationals Pastime,Solerpowered,NOBS,0-0-0,0,The Rebuild of Sidd,Paulie,0-0-0,0
2020,6,398.l.71044,Our Nationals Pastime,Dan's Dead Legs,Dan,0-0-0,0,The Evil Empire,Kevo,0-0-0,0
2020,6,398.l.71044,Our Nationals Pastime,Didnt Even Use My AJ,Nikolai Khabibulin,0-0-0,0,micah schnabel,Brett,0-0-0,0
2020,6,398.l.71044,Our Nationals Pastime,GooseRules,The Wizard,0-0-0,0,Theodore's Team,Theodore,0-0-0,0
2020,6,398.l.71044,Our Nationals Pastime,Too Many Kids,Joshua,0-0-0,0,Zegster,M Z,0-0-0,0
2020,7,398.l.71044,Our Nationals Pastime,Solerpowered,NOBS,0-0-0,0,Too Many Kids,Joshua,0-0-0,0
2020,7,398.l.71044,Our Nationals Pastime,Dan's Dead Legs,Dan,0-0-0,0,The Rebuild of Sidd,Paulie,0-0-0,0
2020,7,398.l.71044,Our Nationals Pastime,Didnt Even Use My AJ,Nikolai Khabibulin,0-0-0,0,The Evil Empire,Kevo,0-0-0,0
2020,7,398.l.71044,Our Nationals Pastime,GooseRules,The Wizard,0-0-0,0,micah schnabel,Brett,0-0-0,0
2020,7,398.l.71044,Our Nationals Pastime,Zegster,M Z,0-0-0,0,Theodore's Team,Theodore,0-0-0,0
2021,1,404.l.120405,LA Superspreaders,THE GOAT,NOBS,0-0-0,5,Dan's Tan Legs,Dan,0-0-0,8
2021,1,404.l.120405,LA Superspreaders,Concussion Protocol,Nikolai Khabibulin,0-0-0,9,Zegster,M Z,0-0-0,4
2021,1,404.l.120405,LA Superspreaders,Gooserules,The Wizard,0-0-0,6,Let Pitchers Cheat Again,Joshua,0-0-0,7
2021,1,404.l.120405,LA Superspreaders,Lovable losers,Brett,0-0-0,5,The Rebuild of Sidd,Paulie,0-0-0,8
2021,1,404.l.120405,LA Superspreaders,The Evil Empire,Kevo,0-0-0,2,Dumpster Devers,Theodore,0-0-0,12
2021,2,404.l.120405,LA Superspreaders,THE GOAT,NOBS,0-0-0,7,Concussion Protocol,Nikolai Khabibulin,0-0-0,6
2021,2,404.l.120405,LA Superspreaders,Dan's Tan Legs,Dan,0-0-0,8,Dumpster Devers,Theodore,0-0-0,4
2021,2,404.l.120405,LA Superspreaders,Gooserules,The Wizard,0-0-0,5,Zegster,M Z,0-0-0,6
2021,2,404.l.120405,LA Superspreaders,Lovable losers,Brett,0-0-0,6,Let Pitchers Cheat Again,Joshua,0-0-0,7
2021,2,404.l.120405,LA Superspreaders,The Evil Empire,Kevo,0-0-0,6,The Rebuild of Sidd,Paulie,0-0-0,6
2021,3,404.l.120405,LA Superspreaders,THE GOAT,NOBS,0-0-0,8,Gooserules,The Wizard,0-0-0,4
2021,3,404.l.120405,LA Superspreaders,Dan's Tan Legs,Dan,0-0-0,5,Concussion Protocol,Nikolai Khabibulin,0-0-0,8
2021,3,404.l.120405,LA Superspreaders,Lovable losers,Brett,0-0-0,8,Zegster,M Z,0-0-0,4
2021,3,404.l.120405,LA Superspreaders,The Evil Empire,Kevo,0-0-0,4,Let Pitchers Cheat Again,Joshua,0-0-0,8
2021,3,404.l.120405,LA Superspreaders,The Rebuild of Sidd,Paulie,0-0-0,8,Dumpster Devers,Theodore,0-0-0,5
2021,4,404.l.120405,LA Superspreaders,THE GOAT,NOBS,0-0-0,9,Lovable losers,Brett,0-0-0,3
2021,4,404.l.120405,LA Superspreaders,Dan's Tan Legs,Dan,0-0-0,8,Gooserules,The Wizard,0-0-0,4
2021,4,404.l.120405,LA Superspreaders,Concussion Protocol,Nikolai Khabibulin,0-0-0,7,Dumpster Devers,Theodore,0-0-0,7
2021,4,404.l.120405,LA Superspreaders,The Evil Empire,Kevo,0-0-0,8,Zegster,M Z,0-0-0,4
2021,4,404.l.120405,LA Superspreaders,The Rebuild of Sidd,Paulie,0-0-0,5,Let Pitchers Cheat Again,Joshua,0-0-0,8
2021,5,404.l.120405,LA Superspreaders,THE GOAT,NOBS,0-0-0,8,The Evil Empire,Kevo,0-0-0,5
2021,5,404.l.120405,LA Superspreaders,Dan's Tan Legs,Dan,0-0-0,6,Lovable losers,Brett,0-0-0,7
2021,5,404.l.120405,LA Superspreaders,Concussion Protocol,Nikolai Khabibulin,0-0-0,12,Gooserules,The Wizard,0-0-0,2
2021,5,404.l.120405,LA Superspreaders,The Rebuild of Sidd,Paulie,0-0-0,9,Zegster,M Z,0-0-0,5
2021,5,404.l.120405,LA Superspreaders,Let Pitchers Cheat Again,Joshua,0-0-0,7,Dumpster Devers,Theodore,0-0-0,6
2021,6,404.l.120405,LA Superspreaders,THE GOAT,NOBS,0-0-0,7,The Rebuild of Sidd,Paulie,0-0-0,4
2021,6,404.l.120405,LA Superspreaders,Dan's Tan Legs,Dan,0-0-0,6,The Evil Empire,Kevo,0-0-0,6
2021,6,404.l.120405,LA Superspreaders,Concussion Protocol,Nikolai Khabibulin,0-0-0,9,Lovable losers,Brett,0-0-0,4
2021,6,404.l.120405,LA Superspreaders,Gooserules,The Wizard,0-0-0,5,Dumpster Devers,Theodore,0-0-0,6
2021,6,404.l.120405,LA Superspreaders,Let Pitchers Cheat Again,Joshua,0-0-0,9,Zegster,M Z,0-0-0,4
2021,7,404.l.120405,LA Superspreaders,THE GOAT,NOBS,0-0-0,2,Let Pitchers Cheat Again,Joshua,0-0-0,10
2021,7,404.l.120405,LA Superspreaders,Dan's Tan Legs,Dan,0-0-0,9,The Rebuild of Sidd,Paulie,0-0-0,4
2021,7,404.l.120405,LA Superspreaders,Concussion Protocol,Nikolai Khabibulin,0-0-0,6,The Evil Empire,Kevo,0-0-0,7
2021,7,404.l.120405,LA Superspreaders,Gooserules,The Wizard,0-0-0,12,Lovable losers,Brett,0-0-0,1
2021,7,404.l.120405,LA Superspreaders,Zegster,M Z,0-0-0,3,Dumpster Devers,Theodore,0-0-0,9
2021,8,404.l.120405,LA Superspreaders,THE GOAT,NOBS,0-0-0,8,Zegster,M Z,0-0-0,5
2021,8,404.l.120405,LA Superspreaders,Dan's Tan Legs,Dan,0-0-0,4,Let Pitchers Cheat Again,Joshua,0-0-0,9
2021,8,404.l.120405,LA Superspreaders,Concussion Protocol,Nikolai Khabibulin,0-0-0,7,The Rebuild of Sidd,Paulie,0-0-0,5
2021,8,404.l.120405,LA Superspreaders,Gooserules,The Wizard,0-0-0,5,The Evil Empire,Kevo,0-0-0,8
2021,8,404.l.120405,LA Superspreaders,Lovable losers,Brett,0-0-0,10,Dumpster Devers,Theodore,0-0-0,4
2021,9,404.l.120405,LA Superspreaders,THE GOAT,NOBS,0-0-0,4,Dumpster Devers,Theodore,0-0-0,9
2021,9,404.l.120405,LA Superspreaders,Dan's Tan Legs,Dan,0-0-0,9,Zegster,M Z,0-0-0,4
2021,9,404.l.120405,LA Superspreaders,Concussion Protocol,Nikolai Khabibulin,0-0-0,5,Let Pitchers Cheat Again,Joshua,0-0-0,6
2021,9,404.l.120405,LA Superspreaders,Gooserules,The Wizard,0-0-0,8,The Rebuild of Sidd,Paulie,0-0-0,5
2021,9,404.l.120405,LA Superspreaders,Lovable losers,Brett,0-0-0,7,The Evil Empire,Kevo,0-0-0,7
2021,10,404.l.120405,LA Superspreaders,THE GOAT,NOBS,0-0-0,7,Dan's Tan Legs,Dan,0-0-0,4
2021,10,404.l.120405,LA Superspreaders,Concussion Protocol,Nikolai Khabibulin,0-0-0,7,Zegster,M Z,0-0-0,7
2021,10,404.l.120405,LA Superspreaders,Gooserules,The Wizard,0-0-0,6,Let Pitchers Cheat Again,Joshua,0-0-0,7
2021,10,404.l.120405,LA Superspreaders,Lovable losers,Brett,0-0-0,6,The Rebuild of Sidd,Paulie,0-0-0,7
2021,10,404.l.120405,LA Superspreaders,The Evil Empire,Kevo,0-0-0,9,Dumpster Devers,Theodore,0-0-0,4
2021,11,404.l.120405,LA Superspreaders,THE GOAT,NOBS,0-0-0,2,Concussion Protocol,Nikolai Khabibulin,0-0-0,12
2021,11,404.l.120405,LA Superspreaders,Dan's Tan Legs,Dan,0-0-0,8,Dumpster Devers,Theodore,0-0-0,4
2021,11,404.l.120405,LA Superspreaders,Gooserules,The Wizard,0-0-0,7,Zegster,M Z,0-0-0,3
2021,11,404.l.120405,LA Superspreaders,Lovable losers,Brett,0-0-0,4,Let Pitchers Cheat Again,Joshua,0-0-0,9
2021,11,404.l.120405,LA Superspreaders,The Evil Empire,Kevo,0-0-0,3,The Rebuild of Sidd,Paulie,0-0-0,9
2021,12,404.l.120405,LA Superspreaders,THE GOAT,NOBS,0-0-0,5,Gooserules,The Wizard,0-0-0,8
2021,12,404.l.120405,LA Superspreaders,Dan's Tan Legs,Dan,0-0-0,7,Concussion Protocol,Nikolai Khabibulin,0-0-0,6
2021,12,404.l.120405,LA Superspreaders,Lovable losers,Brett,0-0-0,6,Zegster,M Z,0-0-0,5
2021,12,404.l.120405,LA Superspreaders,The Evil Empire,Kevo,0-0-0,3,Let Pitchers Cheat Again,Joshua,0-0-0,10
2021,12,404.l.120405,LA Superspreaders,The Rebuild of Sidd,Paulie,0-0-0,3,Dumpster Devers,Theodore,0-0-0,9
2021,13,404.l.120405,LA Superspreaders,THE GOAT,NOBS,0-0-0,7,Lovable losers,Brett,0-0-0,6
2021,13,404.l.120405,LA Superspreaders,Dan's Tan Legs,Dan,0-0-0,3,Gooserules,The Wizard,0-0-0,9
2021,13,404.l.120405,LA Superspreaders,Concussion Protocol,Nikolai Khabibulin,0-0-0,6,Dumpster Devers,Theodore,0-0-0,7
2021,13,404.l.120405,LA Superspreaders,The Evil Empire,Kevo,0-0-0,8,Zegster,M Z,0-0-0,4
2021,13,404.l.120405,LA Superspreaders,The Rebuild of Sidd,Paulie,0-0-0,6,Let Pitchers Cheat Again,Joshua,0-0-0,6
2021,14,404.l.120405,LA Superspreaders,THE GOAT,NOBS,0-0-0,7,The Evil Empire,Kevo,0-0-0,5
2021,14,404.l.120405,LA Superspreaders,Dan's Tan Legs,Dan,0-0-0,4,Lovable losers,Brett,0-0-0,8
2021,14,404.l.120405,LA Superspreaders,Concussion Protocol,Nikolai Khabibulin,0-0-0,8,Gooserules,The Wizard,0-0-0,3
2021,14,404.l.120405,LA Superspreaders,The Rebuild of Sidd,Paulie,0-0-0,5,Zegster,M Z,0-0-0,8
2021,14,404.l.120405,LA Superspreaders,Let Pitchers Cheat Again,Joshua,0-0-0,7,Dumpster Devers,Theodore,0-0-0,4
2021,15,404.l.120405,LA Superspreaders,THE GOAT,NOBS,0-0-0,7,The Rebuild of Sidd,Paulie,0-0-0,7
2021,15,404.l.120405,LA Superspreaders,Dan's Tan Legs,Dan,0-0-0,7,The Evil Empire,Kevo,0-0-0,7
2021,15,404.l.120405,LA Superspreaders,Concussion Protocol,Nikolai Khabibulin,0-0-0,10,Lovable losers,Brett,0-0-0,3
2021,15,404.l.120405,LA Superspreaders,Gooserules,The Wizard,0-0-0,3,Dumpster Devers,Theodore,0-0-0,10
2021,15,404.l.120405,LA Superspreaders,Let Pitchers Cheat Again,Joshua,0-0-0,12,Zegster,M Z,0-0-0,1
2021,16,404.l.120405,LA Superspreaders,THE GOAT,NOBS,0-0-0,7,Let Pitchers Cheat Again,Joshua,0-0-0,4
2021,16,404.l.120405,LA Superspreaders,Dan's Tan Legs,Dan,0-0-0,6,The Rebuild of Sidd,Paulie,0-0-0,7
2021,16,404.l.120405,LA Superspreaders,Concussion Protocol,Nikolai Khabibulin,0-0-0,9,The Evil Empire,Kevo,0-0-0,4
2021,16,404.l.120405,LA Superspreaders,Gooserules,The Wizard,0-0-0,9,Lovable losers,Brett,0-0-0,3
2021,16,404.l.120405,LA Superspreaders,Zegster,M Z,0-0-0,5,Dumpster Devers,Theodore,0-0-0,6
2021,17,404.l.120405,LA Superspreaders,THE GOAT,NOBS,0-0-0,6,Zegster,M Z,0-0-0,7
2021,17,404.l.120405,LA Superspreaders,Dan's Tan Legs,Dan,0-0-0,2,Let Pitchers Cheat Again,Joshua,0-0-0,10
2021,17,404.l.120405,LA Superspreaders,Concussion Protocol,Nikolai Khabibulin,0-0-0,11,The Rebuild of Sidd,Paulie,0-0-0,1
2021,17,404.l.120405,LA Superspreaders,Gooserules,The Wizard,0-0-0,6,The Evil Empire,Kevo,0-0-0,6
2021,17,404.l.120405,LA Superspreaders,Lovable losers,Brett,0-0-0,10,Dumpster Devers,Theodore,0-0-0,0
2021,18,404.l.120405,LA Superspreaders,THE GOAT,NOBS,0-0-0,1,Dumpster Devers,Theodore,0-0-0,10
2021,18,404.l.120405,LA Superspreaders,Dan's Tan Legs,Dan,0-0-0,8,Zegster,M Z,0-0-0,3
2021,18,404.l.120405,LA Superspreaders,Concussion Protocol,Nikolai Khabibulin,0-0-0,7,Let Pitchers Cheat Again,Joshua,0-0-0,6
2021,18,404.l.120405,LA Superspreaders,Gooserules,The Wizard,0-0-0,7,The Rebuild of Sidd,Paulie,0-0-0,7
2021,18,404.l.120405,LA Superspreaders,Lovable losers,Brett,0-0-0,3,The Evil Empire,Kevo,0-0-0,9
2021,19,404.l.120405,LA Superspreaders,THE GOAT,NOBS,0-0-0,9,Dan's Tan Legs,Dan,0-0-0,4
2021,19,404.l.120405,LA Superspreaders,Concussion Protocol,Nikolai Khabibulin,0-0-0,9,Zegster,M Z,0-0-0,5
2021,19,404.l.120405,LA Superspreaders,Gooserules,The Wizard,0-0-0,6,Let Pitchers Cheat Again,Joshua,0-0-0,7
2021,19,404.l.120405,LA Superspreaders,Lovable losers,Brett,0-0-0,8,The Rebuild of Sidd,Paulie,0-0-0,4
2021,19,404.l.120405,LA Superspreaders,The Evil Empire,Kevo,0-0-0,10,Dumpster Devers,Theodore,0-0-0,3
2021,20,404.l.120405,LA Superspreaders,THE GOAT,NOBS,0-0-0,6,Concussion Protocol,Nikolai Khabibulin,0-0-0,7
2021,20,404.l.120405,LA Superspreaders,Dan's Tan Legs,Dan,0-0-0,3,Dumpster Devers,Theodore,0-0-0,9
2021,20,404.l.120405,LA Superspreaders,Gooserules,The Wizard,0-0-0,7,Zegster,M Z,0-0-0,5
2021,20,404.l.120405,LA Superspreaders,Lovable losers,Brett,0-0-0,7,Let Pitchers Cheat Again,Joshua,0-0-0,5
2021,20,404.l.120405,LA Superspreaders,The Evil Empire,Kevo,0-0-0,7,The Rebuild of Sidd,Paulie,0-0-0,6
2021,21,404.l.120405,LA Superspreaders,THE GOAT,NOBS,0-0-0,1,Gooserules,The Wizard,0-0-0,10
2021,21,404.l.120405,LA Superspreaders,Dan's Tan Legs,Dan,0-0-0,1,Concussion Protocol,Nikolai Khabibulin,0-0-0,12
2021,21,404.l.120405,LA Superspreaders,Lovable losers,Brett,0-0-0,6,Zegster,M Z,0-0-0,6
2021,21,404.l.120405,LA Superspreaders,The Evil Empire,Kevo,0-0-0,8,Let Pitchers Cheat Again,Joshua,0-0-0,3
2021,21,404.l.120405,LA Superspreaders,The Rebuild of Sidd,Paulie,0-0-0,5,Dumpster Devers,Theodore,0-0-0,9
2021,22,404.l.120405,LA Superspreaders,THE GOAT,NOBS,0-0-0,8,Lovable losers,Brett,0-0-0,1
2021,22,404.l.120405,LA Superspreaders,Dan's Tan Legs,Dan,0-0-0,1,Gooserules,The Wizard,0-0-0,12
2021,22,404.l.120405,LA Superspreaders,Concussion Protocol,Nikolai Khabibulin,0-0-0,4,Dumpster Devers,Theodore,0-0-0,8
2021,22,404.l.120405,LA Superspreaders,The Evil Empire,Kevo,0-0-0,7,Zegster,M Z,0-0-0,6
2021,22,404.l.120405,LA Superspreaders,The Rebuild of Sidd,Paulie,0-0-0,9,Let Pitchers Cheat Again,Joshua,0-0-0,4
2021,23,404.l.120405,LA Superspreaders,THE GOAT,NOBS,0-0-0,8,Gooserules,The Wizard,0-0-0,2
2021,23,404.l.120405,LA Superspreaders,The Evil Empire,Kevo,0-0-0,3,Dumpster Devers,Theodore,0-0-0,9
2021,24,404.l.120405,LA Superspreaders,THE GOAT,NOBS,0-0-0,11,Let Pitchers Cheat Again,Joshua,0-0-0,2
2021,24,404.l.120405,LA Superspreaders,Dan's Tan Legs,Dan,0-0-0,3,Lovable losers,Brett,0-0-0,9
2021,24,404.l.120405,LA Superspreaders,Concussion Protocol,Nikolai Khabibulin,0-0-0,12,Dumpster Devers,Theodore,0-0-0,1
2021,24,404.l.120405,LA Superspreaders,Gooserules,The Wizard,0-0-0,6,The Evil Empire,Kevo,0-0-0,6
2021,24,404.l.120405,LA Superspreaders,The Rebuild of Sidd,Paulie,0-0-0,4,Zegster,M Z,0-0-0,8
2021,25,404.l.120405,LA Superspreaders,THE GOAT,NOBS,0-0-0,9,Concussion Protocol,Nikolai Khabibulin,0-0-0,3
2021,25,404.l.120405,LA Superspreaders,Dan's Tan Legs,Dan,0-0-0,2,The Rebuild of Sidd,Paulie,0-0-0,8
2021,25,404.l.120405,LA Superspreaders,Lovable losers,Brett,0-0-0,3,Zegster,M Z,0-0-0,8
2021,25,404.l.120405,LA Superspreaders,Let Pitchers Cheat Again,Joshua,0-0-0,1,Dumpster Devers,Theodore,0-0-0,11
2022,1,412.l.72928,My safeword is Asdrubal Pujols,No Mud Belong To Villejoy,NOBS,0-0-0,6,I Want Jazz Back,DiZzY,0-0-0,7
2022,1,412.l.72928,My safeword is Asdrubal Pujols,Here we go…. 🙄🙄,Dan,0-0-0,5,No Way Jose's,M Z,0-0-0,8
2022,1,412.l.72928,My safeword is Asdrubal Pujols,I Liked Turtles,Nikolai Khabibulin,0-0-0,8,The Evil Empire,Kevo,0-0-0,4
2022,1,412.l.72928,My safeword is Asdrubal Pujols,I can’t draft heart,The Wizard,0-0-0,11,Sexual Chocolate,Joshua,0-0-0,1
2022,1,412.l.72928,My safeword is Asdrubal Pujols,Lovable losers,Brett,0-0-0,5,Dumpster Devers,Theodore,0-0-0,7
2022,1,412.l.72928,My safeword is Asdrubal Pujols,The Desolation of Sidd,Paulie,0-0-0,11,Pujols for president,Douglas,0-0-0,2
2022,2,412.l.72928,My safeword is Asdrubal Pujols,No Mud Belong To Villejoy,NOBS,0-0-0,4,The Evil Empire,Kevo,0-0-0,9
2022,2,412.l.72928,My safeword is Asdrubal Pujols,Here we go…. 🙄🙄,Dan,0-0-0,9,Dumpster Devers,Theodore,0-0-0,4
2022,2,412.l.72928,My safeword is Asdrubal Pujols,I Liked Turtles,Nikolai Khabibulin,0-0-0,6,I can’t draft heart,The Wizard,0-0-0,5
2022,2,412.l.72928,My safeword is Asdrubal Pujols,Lovable losers,Brett,0-0-0,2,Pujols for president,Douglas,0-0-0,10
2022,2,412.l.72928,My safeword is Asdrubal Pujols,The Desolation of Sidd,Paulie,0-0-0,3,I Want Jazz Back,DiZzY,0-0-0,10
2022,2,412.l.72928,My safeword is Asdrubal Pujols,Sexual Chocolate,Joshua,0-0-0,6,No Way Jose's,M Z,0-0-0,7
2022,3,412.l.72928,My safeword is Asdrubal Pujols,No Mud Belong To Villejoy,NOBS,0-0-0,6,I can’t draft heart,The Wizard,0-0-0,6
2022,3,412.l.72928,My safeword is Asdrubal Pujols,Here we go…. 🙄🙄,Dan,0-0-0,2,Pujols for president,Douglas,0-0-0,10
2022,3,412.l.72928,My safeword is Asdrubal Pujols,I Liked Turtles,Nikolai Khabibulin,0-0-0,6,Sexual Chocolate,Joshua,0-0-0,7
2022,3,412.l.72928,My safeword is Asdrubal Pujols,Lovable losers,Brett,0-0-0,8,I Want Jazz Back,DiZzY,0-0-0,4
2022,3,412.l.72928,My safeword is Asdrubal Pujols,The Evil Empire,Kevo,0-0-0,5,The Desolation of Sidd,Paulie,0-0-0,6
2022,3,412.l.72928,My safeword is Asdrubal Pujols,No Way Jose's,M Z,0-0-0,6,Dumpster Devers,Theodore,0-0-0,5
2022,4,412.l.72928,My safeword is Asdrubal Pujols,No Mud Belong To Villejoy,NOBS,0-0-0,7,Sexual Chocolate,Joshua,0-0-0,6
2022,4,412.l.72928,My safeword is Asdrubal Pujols,Here we go…. 🙄🙄,Dan,0-0-0,9,I Want Jazz Back,DiZzY,0-0-0,4
2022,4,412.l.72928,My safeword is Asdrubal Pujols,I Liked Turtles,Nikolai Khabibulin,0-0-0,4,No Way Jose's,M Z,0-0-0,6
2022,4,412.l.72928,My safeword is Asdrubal Pujols,I can’t draft heart,The Wizard,0-0-0,6,The Desolation of Sidd,Paulie,0-0-0,6
2022,4,412.l.72928,My safeword is Asdrubal Pujols,Lovable losers,Brett,0-0-0,5,The Evil Empire,Kevo,0-0-0,7
2022,4,412.l.72928,My safeword is Asdrubal Pujols,Dumpster Devers,Theodore,0-0-0,5,Pujols for president,Douglas,0-0-0,7
2022,5,412.l.72928,My safeword is Asdrubal Pujols,No Mud Belong To Villejoy,NOBS,0-0-0,5,I Liked Turtles,Nikolai Khabibulin,0-0-0,7
2022,5,412.l.72928,My safeword is Asdrubal Pujols,Here we go…. 🙄🙄,Dan,0-0-0,5,The Evil Empire,Kevo,0-0-0,7
2022,5,412.l.72928,My safeword is Asdrubal Pujols,I can’t draft heart,The Wizard,0-0-0,7,Lovable losers,Brett,0-0-0,5
2022,5,412.l.72928,My safeword is Asdrubal Pujols,The Desolation of Sidd,Paulie,0-0-0,8,Sexual Chocolate,Joshua,0-0-0,5
2022,5,412.l.72928,My safeword is Asdrubal Pujols,No Way Jose's,M Z,0-0-0,3,Pujols for president,Douglas,0-0-0,9
2022,5,412.l.72928,My safeword is Asdrubal Pujols,Dumpster Devers,Theodore,0-0-0,7,I Want Jazz Back,DiZzY,0-0-0,5
2022,6,412.l.72928,My safeword is Asdrubal Pujols,No Mud Belong To Villejoy,NOBS,0-0-0,2,No Way Jose's,M Z,0-0-0,9
2022,6,412.l.72928,My safeword is Asdrubal Pujols,Here we go…. 🙄🙄,Dan,0-0-0,3,I can’t draft heart,The Wizard,0-0-0,10
2022,6,412.l.72928,My safeword is Asdrubal Pujols,I Liked Turtles,Nikolai Khabibulin,0-0-0,4,The Desolation of Sidd,Paulie,0-0-0,9
2022,6,412.l.72928,My safeword is Asdrubal Pujols,Lovable losers,Brett,0-0-0,4,Sexual Chocolate,Joshua,0-0-0,10
2022,6,412.l.72928,My safeword is Asdrubal Pujols,The Evil Empire,Kevo,0-0-0,3,Dumpster Devers,Theodore,0-0-0,9
2022,6,412.l.72928,My safeword is Asdrubal Pujols,I Want Jazz Back,DiZzY,0-0-0,8,Pujols for president,Douglas,0-0-0,5
2022,7,412.l.72928,My safeword is Asdrubal Pujols,No Mud Belong To Villejoy,NOBS,0-0-0,10,The Desolation of Sidd,Paulie,0-0-0,3
2022,7,412.l.72928,My safeword is Asdrubal Pujols,Here we go…. 🙄🙄,Dan,0-0-0,3,Sexual Chocolate,Joshua,0-0-0,9
2022,7,412.l.72928,My safeword is Asdrubal Pujols,I Liked Turtles,Nikolai Khabibulin,0-0-0,7,Lovable losers,Brett,0-0-0,4
2022,7,412.l.72928,My safeword is Asdrubal Pujols,I can’t draft heart,The Wizard,0-0-0,6,Dumpster Devers,Theodore,0-0-0,7
2022,7,412.l.72928,My safeword is Asdrubal Pujols,The Evil Empire,Kevo,0-0-0,6,Pujols for president,Douglas,0-0-0,7
2022,7,412.l.72928,My safeword is Asdrubal Pujols,No Way Jose's,M Z,0-0-0,4,I Want Jazz Back,DiZzY,0-0-0,8
2022,8,412.l.72928,My safeword is Asdrubal Pujols,No Mud Belong To Villejoy,NOBS,0-0-0,4,Lovable losers,Brett,0-0-0,9
2022,8,412.l.72928,My safeword is Asdrubal Pujols,Here we go…. 🙄🙄,Dan,0-0-0,6,I Liked Turtles,Nikolai Khabibulin,0-0-0,6
2022,8,412.l.72928,My safeword is Asdrubal Pujols,I can’t draft heart,The Wizard,0-0-0,12,Pujols for president,Douglas,0-0-0,1
2022,8,412.l.72928,My safeword is Asdrubal Pujols,The Evil Empire,Kevo,0-0-0,5,I Want Jazz Back,DiZzY,0-0-0,7
2022,8,412.l.72928,My safeword is Asdrubal Pujols,The Desolation of Sidd,Paulie,0-0-0,7,No Way Jose's,M Z,0-0-0,5
2022,8,412.l.72928,My safeword is Asdrubal Pujols,Sexual Chocolate,Joshua,0-0-0,6,Dumpster Devers,Theodore,0-0-0,5
2022,9,412.l.72928,My safeword is Asdrubal Pujols,No Mud Belong To Villejoy,NOBS,0-0-0,6,Here we go…. 🙄🙄,Dan,0-0-0,6
2022,9,412.l.72928,My safeword is Asdrubal Pujols,I Liked Turtles,Nikolai Khabibulin,0-0-0,5,Dumpster Devers,Theodore,0-0-0,6
2022,9,412.l.72928,My safeword is Asdrubal Pujols,I can’t draft heart,The Wizard,0-0-0,2,I Want Jazz Back,DiZzY,0-0-0,9
2022,9,412.l.72928,My safeword is Asdrubal Pujols,Lovable losers,Brett,0-0-0,5,The Desolation of Sidd,Paulie,0-0-0,7
2022,9,412.l.72928,My safeword is Asdrubal Pujols,The Evil Empire,Kevo,0-0-0,4,No Way Jose's,M Z,0-0-0,8
2022,9,412.l.72928,My safeword is Asdrubal Pujols,Sexual Chocolate,Joshua,0-0-0,10,Pujols for president,Douglas,0-0-0,2
2022,10,412.l.72928,My safeword is Asdrubal Pujols,No Mud Belong To Villejoy,NOBS,0-0-0,9,Dumpster Devers,Theodore,0-0-0,3
2022,10,412.l.72928,My safeword is Asdrubal Pujols,Here we go…. 🙄🙄,Dan,0-0-0,3,The Desolation of Sidd,Paulie,0-0-0,9
2022,10,412.l.72928,My safeword is Asdrubal Pujols,I Liked Turtles,Nikolai Khabibulin,0-0-0,10,Pujols for president,Douglas,0-0-0,3
2022,10,412.l.72928,My safeword is Asdrubal Pujols,I can’t draft heart,The Wizard,0-0-0,6,The Evil Empire,Kevo,0-0-0,6
2022,10,412.l.72928,My safeword is Asdrubal Pujols,Lovable losers,Brett,0-0-0,4,No Way Jose's,M Z,0-0-0,8
2022,10,412.l.72928,My safeword is Asdrubal Pujols,Sexual Chocolate,Joshua,0-0-0,11,I Want Jazz Back,DiZzY,0-0-0,2
2022,11,412.l.72928,My safeword is Asdrubal Pujols,No Mud Belong To Villejoy,NOBS,0-0-0,7,Pujols for president,Douglas,0-0-0,5
2022,11,412.l.72928,My safeword is Asdrubal Pujols,Here we go…. 🙄🙄,Dan,0-0-0,9,Lovable losers,Brett,0-0-0,4
2022,11,412.l.72928,My safeword is Asdrubal Pujols,I Liked Turtles,Nikolai Khabibulin,0-0-0,9,I Want Jazz Back,DiZzY,0-0-0,2
2022,11,412.l.72928,My safeword is Asdrubal Pujols,I can’t draft heart,The Wizard,0-0-0,4,No Way Jose's,M Z,0-0-0,8
2022,11,412.l.72928,My safeword is Asdrubal Pujols,The Evil Empire,Kevo,0-0-0,7,Sexual Chocolate,Joshua,0-0-0,5
2022,11,412.l.72928,My safeword is Asdrubal Pujols,The Desolation of Sidd,Paulie,0-0-0,3,Dumpster Devers,Theodore,0-0-0,10
2022,12,412.l.72928,My safeword is Asdrubal Pujols,No Mud Belong To Villejoy,NOBS,0-0-0,7,I Want Jazz Back,DiZzY,0-0-0,6
2022,12,412.l.72928,My safeword is Asdrubal Pujols,Here we go…. 🙄🙄,Dan,0-0-0,5,No Way Jose's,M Z,0-0-0,8
2022,12,412.l.72928,My safeword is Asdrubal Pujols,I Liked Turtles,Nikolai Khabibulin,0-0-0,8,The Evil Empire,Kevo,0-0-0,5
2022,12,412.l.72928,My safeword is Asdrubal Pujols,I can’t draft heart,The Wizard,0-0-0,8,Sexual Chocolate,Joshua,0-0-0,5
2022,12,412.l.72928,My safeword is Asdrubal Pujols,Lovable losers,Brett,0-0-0,9,Dumpster Devers,Theodore,0-0-0,3
2022,12,412.l.72928,My safeword is Asdrubal Pujols,The Desolation of Sidd,Paulie,0-0-0,1,Pujols for president,Douglas,0-0-0,9
2022,13,412.l.72928,My safeword is Asdrubal Pujols,No Mud Belong To Villejoy,NOBS,0-0-0,10,The Evil Empire,Kevo,0-0-0,2
2022,13,412.l.72928,My safeword is Asdrubal Pujols,Here we go…. 🙄🙄,Dan,0-0-0,5,Dumpster Devers,Theodore,0-0-0,8
2022,13,412.l.72928,My safeword is Asdrubal Pujols,I Liked Turtles,Nikolai Khabibulin,0-0-0,6,I can’t draft heart,The Wizard,0-0-0,6
2022,13,412.l.72928,My safeword is Asdrubal Pujols,Lovable losers,Brett,0-0-0,8,Pujols for president,Douglas,0-0-0,5
2022,13,412.l.72928,My safeword is Asdrubal Pujols,The Desolation of Sidd,Paulie,0-0-0,9,I Want Jazz Back,DiZzY,0-0-0,4
2022,13,412.l.72928,My safeword is Asdrubal Pujols,Sexual Chocolate,Joshua,0-0-0,7,No Way Jose's,M Z,0-0-0,7
2022,14,412.l.72928,My safeword is Asdrubal Pujols,No Mud Belong To Villejoy,NOBS,0-0-0,6,I can’t draft heart,The Wizard,0-0-0,8
2022,14,412.l.72928,My safeword is Asdrubal Pujols,Here we go…. 🙄🙄,Dan,0-0-0,10,Pujols for president,Douglas,0-0-0,0
2022,14,412.l.72928,My safeword is Asdrubal Pujols,I Liked Turtles,Nikolai Khabibulin,0-0-0,2,Sexual Chocolate,Joshua,0-0-0,9
2022,14,412.l.72928,My safeword is Asdrubal Pujols,Lovable losers,Brett,0-0-0,9,I Want Jazz Back,DiZzY,0-0-0,4
2022,14,412.l.72928,My safeword is Asdrubal Pujols,The Evil Empire,Kevo,0-0-0,10,The Desolation of Sidd,Paulie,0-0-0,3
2022,14,412.l.72928,My safeword is Asdrubal Pujols,No Way Jose's,M Z,0-0-0,6,Dumpster Devers,Theodore,0-0-0,7
2022,15,412.l.72928,My safeword is Asdrubal Pujols,No Mud Belong To Villejoy,NOBS,0-0-0,4,Sexual Chocolate,Joshua,0-0-0,9
2022,15,412.l.72928,My safeword is Asdrubal Pujols,Here we go…. 🙄🙄,Dan,0-0-0,8,I Want Jazz Back,DiZzY,0-0-0,4
2022,15,412.l.72928,My safeword is Asdrubal Pujols,I Liked Turtles,Nikolai Khabibulin,0-0-0,7,No Way Jose's,M Z,0-0-0,5
2022,15,412.l.72928,My safeword is Asdrubal Pujols,I can’t draft heart,The Wizard,0-0-0,4,The Desolation of Sidd,Paulie,0-0-0,9
2022,15,412.l.72928,My safeword is Asdrubal Pujols,Lovable losers,Brett,0-0-0,2,The Evil Empire,Kevo,0-0-0,10
2022,15,412.l.72928,My safeword is Asdrubal Pujols,Dumpster Devers,Theodore,0-0-0,7,Pujols for president,Douglas,0-0-0,6
2022,16,412.l.72928,My safeword is Asdrubal Pujols,No Mud Belong To Villejoy,NOBS,0-0-0,4,I Liked Turtles,Nikolai Khabibulin,0-0-0,9
2022,16,412.l.72928,My safeword is Asdrubal Pujols,Here we go…. 🙄🙄,Dan,0-0-0,5,The Evil Empire,Kevo,0-0-0,8
2022,16,412.l.72928,My safeword is Asdrubal Pujols,I can’t draft heart,The Wizard,0-0-0,11,Lovable losers,Brett,0-0-0,2
2022,16,412.l.72928,My safeword is Asdrubal Pujols,The Desolation of Sidd,Paulie,0-0-0,6,Sexual Chocolate,Joshua,0-0-0,7
2022,16,412.l.72928,My safeword is Asdrubal Pujols,No Way Jose's,M Z,0-0-0,8,Pujols for president,Douglas,0-0-0,5
2022,16,412.l.72928,My safeword is Asdrubal Pujols,Dumpster Devers,Theodore,0-0-0,8,I Want Jazz Back,DiZzY,0-0-0,4
2022,17,412.l.72928,My safeword is Asdrubal Pujols,No Mud Belong To Villejoy,NOBS,0-0-0,9,No Way Jose's,M Z,0-0-0,3
2022,17,412.l.72928,My safeword is Asdrubal Pujols,Here we go…. 🙄🙄,Dan,0-0-0,6,I can’t draft heart,The Wizard,0-0-0,6
2022,17,412.l.72928,My safeword is Asdrubal Pujols,I Liked Turtles,Nikolai Khabibulin,0-0-0,8,The Desolation of Sidd,Paulie,0-0-0,3
2022,17,412.l.72928,My safeword is Asdrubal Pujols,Lovable losers,Brett,0-0-0,6,Sexual Chocolate,Joshua,0-0-0,8
2022,17,412.l.72928,My safeword is Asdrubal Pujols,The Evil Empire,Kevo,0-0-0,8,Dumpster Devers,Theodore,0-0-0,4
2022,17,412.l.72928,My safeword is Asdrubal Pujols,I Want Jazz Back,DiZzY,0-0-0,5,Pujols for president,Douglas,0-0-0,8
2022,18,412.l.72928,My safeword is Asdrubal Pujols,No Mud Belong To Villejoy,NOBS,0-0-0,6,The Desolation of Sidd,Paulie,0-0-0,6
2022,18,412.l.72928,My safeword is Asdrubal Pujols,Here we go…. 🙄🙄,Dan,0-0-0,1,Sexual Chocolate,Joshua,0-0-0,11
2022,18,412.l.72928,My safeword is Asdrubal Pujols,I Liked Turtles,Nikolai Khabibulin,0-0-0,8,Lovable losers,Brett,0-0-0,3
2022,18,412.l.72928,My safeword is Asdrubal Pujols,I can’t draft heart,The Wizard,0-0-0,9,Dumpster Devers,Theodore,0-0-0,3
2022,18,412.l.72928,My safeword is Asdrubal Pujols,The Evil Empire,Kevo,0-0-0,6,Pujols for president,Douglas,0-0-0,5
2022,18,412.l.72928,My safeword is Asdrubal Pujols,No Way Jose's,M Z,0-0-0,8,I Want Jazz Back,DiZzY,0-0-0,5
2022,19,412.l.72928,My safeword is Asdrubal Pujols,No Mud Belong To Villejoy,NOBS,0-0-0,4,Lovable losers,Brett,0-0-0,9
2022,19,412.l.72928,My safeword is Asdrubal Pujols,Here we go…. 🙄🙄,Dan,0-0-0,6,I Liked Turtles,Nikolai Khabibulin,0-0-0,8
2022,19,412.l.72928,My safeword is Asdrubal Pujols,I can’t draft heart,The Wizard,0-0-0,4,Pujols for president,Douglas,0-0-0,9
2022,19,412.l.72928,My safeword is Asdrubal Pujols,The Evil Empire,Kevo,0-0-0,7,I Want Jazz Back,DiZzY,0-0-0,5
2022,19,412.l.72928,My safeword is Asdrubal Pujols,The Desolation of Sidd,Paulie,0-0-0,3,No Way Jose's,M Z,0-0-0,9
2022,19,412.l.72928,My safeword is Asdrubal Pujols,Sexual Chocolate,Joshua,0-0-0,9,Dumpster Devers,Theodore,0-0-0,5
2022,20,412.l.72928,My safeword is Asdrubal Pujols,No Mud Belong To Villejoy,NOBS,0-0-0,10,Here we go…. 🙄🙄,Dan,0-0-0,2
2022,20,412.l.72928,My safeword is Asdrubal Pujols,I Liked Turtles,Nikolai Khabibulin,0-0-0,6,Dumpster Devers,Theodore,0-0-0,7
2022,20,412.l.72928,My safeword is Asdrubal Pujols,I can’t draft heart,The Wizard,0-0-0,9,I Want Jazz Back,DiZzY,0-0-0,4
2022,20,412.l.72928,My safeword is Asdrubal Pujols,Lovable losers,Brett,0-0-0,4,The Desolation of Sidd,Paulie,0-0-0,8
2022,20,412.l.72928,My safeword is Asdrubal Pujols,The Evil Empire,Kevo,0-0-0,3,No Way Jose's,M Z,0-0-0,10
2022,20,412.l.72928,My safeword is Asdrubal Pujols,Sexual Chocolate,Joshua,0-0-0,9,Pujols for president,Douglas,0-0-0,0
2022,21,412.l.72928,My safeword is Asdrubal Pujols,No Mud Belong To Villejoy,NOBS,0-0-0,11,Dumpster Devers,Theodore,0-0-0,2
2022,21,412.l.72928,My safeword is Asdrubal Pujols,Here we go…. 🙄🙄,Dan,0-0-0,11,The Desolation of Sidd,Paulie,0-0-0,2
2022,21,412.l.72928,My safeword is Asdrubal Pujols,I Liked Turtles,Nikolai Khabibulin,0-0-0,6,Pujols for president,Douglas,0-0-0,5
2022,21,412.l.72928,My safeword is Asdrubal Pujols,I can’t draft heart,The Wizard,0-0-0,4,The Evil Empire,Kevo,0-0-0,6
2022,21,412.l.72928,My safeword is Asdrubal Pujols,Lovable losers,Brett,0-0-0,11,No Way Jose's,M Z,0-0-0,2
2022,21,412.l.72928,My safeword is Asdrubal Pujols,Sexual Chocolate,Joshua,0-0-0,10,I Want Jazz Back,DiZzY,0-0-0,3
2022,22,412.l.72928,My safeword is Asdrubal Pujols,No Mud Belong To Villejoy,NOBS,0-0-0,7,No Way Jose's,M Z,0-0-0,6
2022,22,412.l.72928,My safeword is Asdrubal Pujols,Here we go…. 🙄🙄,Dan,0-0-0,5,I Want Jazz Back,DiZzY,0-0-0,7
2022,22,412.l.72928,My safeword is Asdrubal Pujols,I can’t draft heart,The Wizard,0-0-0,4,The Evil Empire,Kevo,0-0-0,9
2022,22,412.l.72928,My safeword is Asdrubal Pujols,Lovable losers,Brett,0-0-0,9,Pujols for president,Douglas,0-0-0,3
2022,23,412.l.72928,My safeword is Asdrubal Pujols,No Mud Belong To Villejoy,NOBS,0-0-0,4,Sexual Chocolate,Joshua,0-0-0,9
2022,23,412.l.72928,My safeword is Asdrubal Pujols,Here we go…. 🙄🙄,Dan,0-0-0,6,Pujols for president,Douglas,0-0-0,7
2022,23,412.l.72928,My safeword is Asdrubal Pujols,I Liked Turtles,Nikolai Khabibulin,0-0-0,5,The Evil Empire,Kevo,0-0-0,8
2022,23,412.l.72928,My safeword is Asdrubal Pujols,I can’t draft heart,The Wizard,0-0-0,7,No Way Jose's,M Z,0-0-0,5
2022,23,412.l.72928,My safeword is Asdrubal Pujols,Lovable losers,Brett,0-0-0,10,The Desolation of Sidd,Paulie,0-0-0,3
2022,23,412.l.72928,My safeword is Asdrubal Pujols,Dumpster Devers,Theodore,0-0-0,6,I Want Jazz Back,DiZzY,0-0-0,5
2022,24,412.l.72928,My safeword is Asdrubal Pujols,No Mud Belong To Villejoy,NOBS,0-0-0,12,I Liked Turtles,Nikolai Khabibulin,0-0-0,2
2022,24,412.l.72928,My safeword is Asdrubal Pujols,Lovable losers,Brett,0-0-0,6,Dumpster Devers,Theodore,0-0-0,7
2022,24,412.l.72928,My safeword is Asdrubal Pujols,The Evil Empire,Kevo,0-0-0,9,Sexual Chocolate,Joshua,0-0-0,3
2022,24,412.l.72928,My safeword is Asdrubal Pujols,The Desolation of Sidd,Paulie,0-0-0,9,I Want Jazz Back,DiZzY,0-0-0,4
2023,1,422.l.55401,Cheaters Always Win,No Joy In Mudville,NOBS,0-0-0,6,This is good it’s all good,Brett,0-0-0,5
2023,1,422.l.55401,Cheaters Always Win,Jobu needs a refill,Theodore,0-0-0,8,I Like Turtles,Nikolai Khabibulin,0-0-0,3
2023,1,422.l.55401,Cheaters Always Win,Insult me w/trade offers,Dan,0-0-0,7,Zegster,M Z,0-0-0,6
2023,1,422.l.55401,Cheaters Always Win,GooseRules,The Wizard,0-0-0,10,Mercy for Knate,Douglas,0-0-0,3
2023,1,422.l.55401,Cheaters Always Win,Just A Bit Outside,DiZzY,0-0-0,5,Sexual Chocolate,Joshua,0-0-0,8
2023,1,422.l.55401,Cheaters Always Win,The Rejuvenation of Sidd,Paulie,0-0-0,2,The Evil Empire,Kevo,0-0-0,9
2023,2,422.l.55401,Cheaters Always Win,No Joy In Mudville,NOBS,0-0-0,8,GooseRules,The Wizard,0-0-0,5
2023,2,422.l.55401,Cheaters Always Win,Jobu needs a refill,Theodore,0-0-0,7,The Rejuvenation of Sidd,Paulie,0-0-0,6
2023,2,422.l.55401,Cheaters Always Win,Insult me w/trade offers,Dan,0-0-0,4,Mercy for Knate,Douglas,0-0-0,8
2023,2,422.l.55401,Cheaters Always Win,I Like Turtles,Nikolai Khabibulin,0-0-0,1,Zegster,M Z,0-0-0,11
2023,2,422.l.55401,Cheaters Always Win,Just A Bit Outside,DiZzY,0-0-0,9,The Evil Empire,Kevo,0-0-0,4
2023,2,422.l.55401,Cheaters Always Win,This is good it’s all good,Brett,0-0-0,1,Sexual Chocolate,Joshua,0-0-0,12
2023,3,422.l.55401,Cheaters Always Win,No Joy In Mudville,NOBS,0-0-0,3,Sexual Chocolate,Joshua,0-0-0,8
2023,3,422.l.55401,Cheaters Always Win,Jobu needs a refill,Theodore,0-0-0,2,Just A Bit Outside,DiZzY,0-0-0,10
2023,3,422.l.55401,Cheaters Always Win,Insult me w/trade offers,Dan,0-0-0,3,GooseRules,The Wizard,0-0-0,10
2023,3,422.l.55401,Cheaters Always Win,I Like Turtles,Nikolai Khabibulin,0-0-0,7,Mercy for Knate,Douglas,0-0-0,6
2023,3,422.l.55401,Cheaters Always Win,This is good it’s all good,Brett,0-0-0,5,The Evil Empire,Kevo,0-0-0,7
2023,3,422.l.55401,Cheaters Always Win,Zegster,M Z,0-0-0,6,The Rejuvenation of Sidd,Paulie,0-0-0,3
2023,4,422.l.55401,Cheaters Always Win,No Joy In Mudville,NOBS,0-0-0,9,Insult me w/trade offers,Dan,0-0-0,4
2023,4,422.l.55401,Cheaters Always Win,Jobu needs a refill,Theodore,0-0-0,6,This is good it’s all good,Brett,0-0-0,5
2023,4,422.l.55401,Cheaters Always Win,GooseRules,The Wizard,0-0-0,3,I Like Turtles,Nikolai Khabibulin,0-0-0,8
2023,4,422.l.55401,Cheaters Always Win,Just A Bit Outside,DiZzY,0-0-0,8,Zegster,M Z,0-0-0,4
2023,4,422.l.55401,Cheaters Always Win,Mercy for Knate,Douglas,0-0-0,9,The Rejuvenation of Sidd,Paulie,0-0-0,3
2023,4,422.l.55401,Cheaters Always Win,Sexual Chocolate,Joshua,0-0-0,10,The Evil Empire,Kevo,0-0-0,1
2023,5,422.l.55401,Cheaters Always Win,No Joy In Mudville,NOBS,0-0-0,9,The Evil Empire,Kevo,0-0-0,4
2023,5,422.l.55401,Cheaters Always Win,Jobu needs a refill,Theodore,0-0-0,6,Sexual Chocolate,Joshua,0-0-0,5
2023,5,422.l.55401,Cheaters Always Win,Insult me w/trade offers,Dan,0-0-0,4,I Like Turtles,Nikolai Khabibulin,0-0-0,8
2023,5,422.l.55401,Cheaters Always Win,GooseRules,The Wizard,0-0-0,12,The Rejuvenation of Sidd,Paulie,0-0-0,1
2023,5,422.l.55401,Cheaters Always Win,Just A Bit Outside,DiZzY,0-0-0,3,Mercy for Knate,Douglas,0-0-0,10
2023,5,422.l.55401,Cheaters Always Win,This is good it’s all good,Brett,0-0-0,3,Zegster,M Z,0-0-0,10
2023,6,422.l.55401,Cheaters Always Win,No Joy In Mudville,NOBS,0-0-0,4,I Like Turtles,Nikolai Khabibulin,0-0-0,8
2023,6,422.l.55401,Cheaters Always Win,Jobu needs a refill,Theodore,0-0-0,1,The Evil Empire,Kevo,0-0-0,10
2023,6,422.l.55401,Cheaters Always Win,Insult me w/trade offers,Dan,0-0-0,6,The Rejuvenation of Sidd,Paulie,0-0-0,6
2023,6,422.l.55401,Cheaters Always Win,GooseRules,The Wizard,0-0-0,7,Just A Bit Outside,DiZzY,0-0-0,6
2023,6,422.l.55401,Cheaters Always Win,This is good it’s all good,Brett,0-0-0,4,Mercy for Knate,Douglas,0-0-0,9
2023,6,422.l.55401,Cheaters Always Win,Zegster,M Z,0-0-0,3,Sexual Chocolate,Joshua,0-0-0,10
2023,7,422.l.55401,Cheaters Always Win,No Joy In Mudville,NOBS,0-0-0,9,Jobu needs a refill,Theodore,0-0-0,2
2023,7,422.l.55401,Cheaters Always Win,Insult me w/trade offers,Dan,0-0-0,3,Just A Bit Outside,DiZzY,0-0-0,9
2023,7,422.l.55401,Cheaters Always Win,GooseRules,The Wizard,0-0-0,11,This is good it’s all good,Brett,0-0-0,2
2023,7,422.l.55401,Cheaters Always Win,I Like Turtles,Nikolai Khabibulin,0-0-0,3,The Rejuvenation of Sidd,Paulie,0-0-0,10
2023,7,422.l.55401,Cheaters Always Win,Zegster,M Z,0-0-0,7,The Evil Empire,Kevo,0-0-0,6
2023,7,422.l.55401,Cheaters Always Win,Mercy for Knate,Douglas,0-0-0,3,Sexual Chocolate,Joshua,0-0-0,8
2023,8,422.l.55401,Cheaters Always Win,No Joy In Mudville,NOBS,0-0-0,6,The Rejuvenation of Sidd,Paulie,0-0-0,6
2023,8,422.l.55401,Cheaters Always Win,Jobu needs a refill,Theodore,0-0-0,4,Zegster,M Z,0-0-0,8
2023,8,422.l.55401,Cheaters Always Win,Insult me w/trade offers,Dan,0-0-0,6,This is good it’s all good,Brett,0-0-0,6
2023,8,422.l.55401,Cheaters Always Win,GooseRules,The Wizard,0-0-0,3,Sexual Chocolate,Joshua,0-0-0,8
2023,8,422.l.55401,Cheaters Always Win,I Like Turtles,Nikolai Khabibulin,0-0-0,5,Just A Bit Outside,DiZzY,0-0-0,8
2023,8,422.l.55401,Cheaters Always Win,Mercy for Knate,Douglas,0-0-0,12,The Evil Empire,Kevo,0-0-0,1
2023,9,422.l.55401,Cheaters Always Win,No Joy In Mudville,NOBS,0-0-0,7,Zegster,M Z,0-0-0,5
2023,9,422.l.55401,Cheaters Always Win,Jobu needs a refill,Theodore,0-0-0,2,Mercy for Knate,Douglas,0-0-0,10
2023,9,422.l.55401,Cheaters Always Win,Insult me w/trade offers,Dan,0-0-0,2,Sexual Chocolate,Joshua,0-0-0,10
2023,9,422.l.55401,Cheaters Always Win,GooseRules,The Wizard,0-0-0,8,The Evil Empire,Kevo,0-0-0,4
2023,9,422.l.55401,Cheaters Always Win,I Like Turtles,Nikolai Khabibulin,0-0-0,5,This is good it’s all good,Brett,0-0-0,7
2023,9,422.l.55401,Cheaters Always Win,Just A Bit Outside,DiZzY,0-0-0,8,The Rejuvenation of Sidd,Paulie,0-0-0,5
2023,10,422.l.55401,Cheaters Always Win,No Joy In Mudville,NOBS,0-0-0,6,Just A Bit Outside,DiZzY,0-0-0,7
2023,10,422.l.55401,Cheaters Always Win,Jobu needs a refill,Theodore,0-0-0,2,GooseRules,The Wizard,0-0-0,11
2023,10,422.l.55401,Cheaters Always Win,Insult me w/trade offers,Dan,0-0-0,7,The Evil Empire,Kevo,0-0-0,6
2023,10,422.l.55401,Cheaters Always Win,I Like Turtles,Nikolai Khabibulin,0-0-0,7,Sexual Chocolate,Joshua,0-0-0,7
2023,10,422.l.55401,Cheaters Always Win,This is good it’s all good,Brett,0-0-0,4,The Rejuvenation of Sidd,Paulie,0-0-0,8
2023,10,422.l.55401,Cheaters Always Win,Zegster,M Z,0-0-0,6,Mercy for Knate,Douglas,0-0-0,6
2023,11,422.l.55401,Cheaters Always Win,No Joy In Mudville,NOBS,0-0-0,4,Mercy for Knate,Douglas,0-0-0,6
2023,11,422.l.55401,Cheaters Always Win,Jobu needs a refill,Theodore,0-0-0,3,Insult me w/trade offers,Dan,0-0-0,8
2023,11,422.l.55401,Cheaters Always Win,GooseRules,The Wizard,0-0-0,7,Zegster,M Z,0-0-0,4
2023,11,422.l.55401,Cheaters Always Win,I Like Turtles,Nikolai Khabibulin,0-0-0,10,The Evil Empire,Kevo,0-0-0,3
2023,11,422.l.55401,Cheaters Always Win,Just A Bit Outside,DiZzY,0-0-0,11,This is good it’s all good,Brett,0-0-0,2
2023,11,422.l.55401,Cheaters Always Win,Sexual Chocolate,Joshua,0-0-0,4,The Rejuvenation of Sidd,Paulie,0-0-0,8
2023,12,422.l.55401,Cheaters Always Win,No Joy In Mudville,NOBS,0-0-0,10,This is good it’s all good,Brett,0-0-0,3
2023,12,422.l.55401,Cheaters Always Win,Jobu needs a refill,Theodore,0-0-0,5,I Like Turtles,Nikolai Khabibulin,0-0-0,6
2023,12,422.l.55401,Cheaters Always Win,Insult me w/trade offers,Dan,0-0-0,5,Zegster,M Z,0-0-0,8
2023,12,422.l.55401,Cheaters Always Win,GooseRules,The Wizard,0-0-0,4,Mercy for Knate,Douglas,0-0-0,9
2023,12,422.l.55401,Cheaters Always Win,Just A Bit Outside,DiZzY,0-0-0,3,Sexual Chocolate,Joshua,0-0-0,9
2023,12,422.l.55401,Cheaters Always Win,The Rejuvenation of Sidd,Paulie,0-0-0,3,The Evil Empire,Kevo,0-0-0,8
2023,13,422.l.55401,Cheaters Always Win,No Joy In Mudville,NOBS,0-0-0,2,GooseRules,The Wizard,0-0-0,10
2023,13,422.l.55401,Cheaters Always Win,Jobu needs a refill,Theodore,0-0-0,6,The Rejuvenation of Sidd,Paulie,0-0-0,7
2023,13,422.l.55401,Cheaters Always Win,Insult me w/trade offers,Dan,0-0-0,4,Mercy for Knate,Douglas,0-0-0,9
2023,13,422.l.55401,Cheaters Always Win,I Like Turtles,Nikolai Khabibulin,0-0-0,8,Zegster,M Z,0-0-0,4
2023,13,422.l.55401,Cheaters Always Win,Just A Bit Outside,DiZzY,0-0-0,1,The Evil Empire,Kevo,0-0-0,11
2023,13,422.l.55401,Cheaters Always Win,This is good it’s all good,Brett,0-0-0,7,Sexual Chocolate,Joshua,0-0-0,6
2023,14,422.l.55401,Cheaters Always Win,No Joy In Mudville,NOBS,0-0-0,9,Sexual Chocolate,Joshua,0-0-0,4
2023,14,422.l.55401,Cheaters Always Win,Jobu needs a refill,Theodore,0-0-0,4,Just A Bit Outside,DiZzY,0-0-0,10
2023,14,422.l.55401,Cheaters Always Win,Insult me w/trade offers,Dan,0-0-0,7,GooseRules,The Wizard,0-0-0,6
2023,14,422.l.55401,Cheaters Always Win,I Like Turtles,Nikolai Khabibulin,0-0-0,4,Mercy for Knate,Douglas,0-0-0,9
2023,14,422.l.55401,Cheaters Always Win,This is good it’s all good,Brett,0-0-0,6,The Evil Empire,Kevo,0-0-0,6
2023,14,422.l.55401,Cheaters Always Win,Zegster,M Z,0-0-0,6,The Rejuvenation of Sidd,Paulie,0-0-0,6
2023,15,422.l.55401,Cheaters Always Win,No Joy In Mudville,NOBS,0-0-0,7,Insult me w/trade offers,Dan,0-0-0,5
2023,15,422.l.55401,Cheaters Always Win,Jobu needs a refill,Theodore,0-0-0,8,This is good it’s all good,Brett,0-0-0,3
2023,15,422.l.55401,Cheaters Always Win,GooseRules,The Wizard,0-0-0,4,I Like Turtles,Nikolai Khabibulin,0-0-0,8
2023,15,422.l.55401,Cheaters Always Win,Just A Bit Outside,DiZzY,0-0-0,7,Zegster,M Z,0-0-0,5
2023,15,422.l.55401,Cheaters Always Win,Mercy for Knate,Douglas,0-0-0,4,The Rejuvenation of Sidd,Paulie,0-0-0,7
2023,15,422.l.55401,Cheaters Always Win,Sexual Chocolate,Joshua,0-0-0,6,The Evil Empire,Kevo,0-0-0,6
2023,16,422.l.55401,Cheaters Always Win,No Joy In Mudville,NOBS,0-0-0,5,The Evil Empire,Kevo,0-0-0,7
2023,16,422.l.55401,Cheaters Always Win,Jobu needs a refill,Theodore,0-0-0,2,Sexual Chocolate,Joshua,0-0-0,12
2023,16,422.l.55401,Cheaters Always Win,Insult me w/trade offers,Dan,0-0-0,4,I Like Turtles,Nikolai Khabibulin,0-0-0,9
2023,16,422.l.55401,Cheaters Always Win,GooseRules,The Wizard,0-0-0,9,The Rejuvenation of Sidd,Paulie,0-0-0,2
2023,16,422.l.55401,Cheaters Always Win,Just A Bit Outside,DiZzY,0-0-0,9,Mercy for Knate,Douglas,0-0-0,3
2023,16,422.l.55401,Cheaters Always Win,This is good it’s all good,Brett,0-0-0,8,Zegster,M Z,0-0-0,5
2023,17,422.l.55401,Cheaters Always Win,No Joy In Mudville,NOBS,0-0-0,5,I Like Turtles,Nikolai Khabibulin,0-0-0,7
2023,17,422.l.55401,Cheaters Always Win,Jobu needs a refill,Theodore,0-0-0,2,The Evil Empire,Kevo,0-0-0,11
2023,17,422.l.55401,Cheaters Always Win,Insult me w/trade offers,Dan,0-0-0,3,The Rejuvenation of Sidd,Paulie,0-0-0,9
2023,17,422.l.55401,Cheaters Always Win,GooseRules,The Wizard,0-0-0,10,Just A Bit Outside,DiZzY,0-0-0,2
2023,17,422.l.55401,Cheaters Always Win,This is good it’s all good,Brett,0-0-0,7,Mercy for Knate,Douglas,0-0-0,6
2023,17,422.l.55401,Cheaters Always Win,Zegster,M Z,0-0-0,4,Sexual Chocolate,Joshua,0-0-0,8
2023,18,422.l.55401,Cheaters Always Win,No Joy In Mudville,NOBS,0-0-0,9,Jobu needs a refill,Theodore,0-0-0,2
2023,18,422.l.55401,Cheaters Always Win,Insult me w/trade offers,Dan,0-0-0,3,Just A Bit Outside,DiZzY,0-0-0,9
2023,18,422.l.55401,Cheaters Always Win,GooseRules,The Wizard,0-0-0,7,This is good it’s all good,Brett,0-0-0,5
2023,18,422.l.55401,Cheaters Always Win,I Like Turtles,Nikolai Khabibulin,0-0-0,8,The Rejuvenation of Sidd,Paulie,0-0-0,6
2023,18,422.l.55401,Cheaters Always Win,Zegster,M Z,0-0-0,2,The Evil Empire,Kevo,0-0-0,11
2023,18,422.l.55401,Cheaters Always Win,Mercy for Knate,Douglas,0-0-0,8,Sexual Chocolate,Joshua,0-0-0,5
2023,19,422.l.55401,Cheaters Always Win,No Joy In Mudville,NOBS,0-0-0,5,The Rejuvenation of Sidd,Paulie,0-0-0,8
2023,19,422.l.55401,Cheaters Always Win,Jobu needs a refill,Theodore,0-0-0,4,Zegster,M Z,0-0-0,9
2023,19,422.l.55401,Cheaters Always Win,Insult me w/trade offers,Dan,0-0-0,7,This is good it’s all good,Brett,0-0-0,6
2023,19,422.l.55401,Cheaters Always Win,GooseRules,The Wizard,0-0-0,7,Sexual Chocolate,Joshua,0-0-0,5
2023,19,422.l.55401,Cheaters Always Win,I Like Turtles,Nikolai Khabibulin,0-0-0,10,Just A Bit Outside,DiZzY,0-0-0,3
2023,19,422.l.55401,Cheaters Always Win,Mercy for Knate,Douglas,0-0-0,10,The Evil Empire,Kevo,0-0-0,3
2023,20,422.l.55401,Cheaters Always Win,No Joy In Mudville,NOBS,0-0-0,8,Zegster,M Z,0-0-0,4
2023,20,422.l.55401,Cheaters Always Win,Jobu needs a refill,Theodore,0-0-0,6,Mercy for Knate,Douglas,0-0-0,6
2023,20,422.l.55401,Cheaters Always Win,Insult me w/trade offers,Dan,0-0-0,4,Sexual Chocolate,Joshua,0-0-0,8
2023,20,422.l.55401,Cheaters Always Win,GooseRules,The Wizard,0-0-0,12,The Evil Empire,Kevo,0-0-0,1
2023,20,422.l.55401,Cheaters Always Win,I Like Turtles,Nikolai Khabibulin,0-0-0,7,This is good it’s all good,Brett,0-0-0,6
2023,20,422.l.55401,Cheaters Always Win,Just A Bit Outside,DiZzY,0-0-0,4,The Rejuvenation of Sidd,Paulie,0-0-0,8
2023,21,422.l.55401,Cheaters Always Win,No Joy In Mudville,NOBS,0-0-0,8,Just A Bit Outside,DiZzY,0-0-0,4
2023,21,422.l.55401,Cheaters Always Win,Jobu needs a refill,Theodore,0-0-0,3,GooseRules,The Wizard,0-0-0,10
2023,21,422.l.55401,Cheaters Always Win,Insult me w/trade offers,Dan,0-0-0,3,The Evil Empire,Kevo,0-0-0,10
2023,21,422.l.55401,Cheaters Always Win,I Like Turtles,Nikolai Khabibulin,0-0-0,4,Sexual Chocolate,Joshua,0-0-0,9
2023,21,422.l.55401,Cheaters Always Win,This is good it’s all good,Brett,0-0-0,9,The Rejuvenation of Sidd,Paulie,0-0-0,3
2023,21,422.l.55401,Cheaters Always Win,Zegster,M Z,0-0-0,4,Mercy for Knate,Douglas,0-0-0,10
2023,22,422.l.55401,Cheaters Always Win,No Joy In Mudville,NOBS,0-0-0,9,Mercy for Knate,Douglas,0-0-0,4
2023,22,422.l.55401,Cheaters Always Win,Jobu needs a refill,Theodore,0-0-0,4,Insult me w/trade offers,Dan,0-0-0,8
2023,22,422.l.55401,Cheaters Always Win,GooseRules,The Wizard,0-0-0,10,Zegster,M Z,0-0-0,1
2023,22,422.l.55401,Cheaters Always Win,I Like Turtles,Nikolai Khabibulin,0-0-0,9,The Evil Empire,Kevo,0-0-0,4
2023,22,422.l.55401,Cheaters Always Win,Just A Bit Outside,DiZzY,0-0-0,8,This is good it’s all good,Brett,0-0-0,5
2023,22,422.l.55401,Cheaters Always Win,Sexual Chocolate,Joshua,0-0-0,5,The Rejuvenation of Sidd,Paulie,0-0-0,9
2023,23,422.l.55401,Cheaters Always Win,No Joy In Mudville,NOBS,0-0-0,7,I Like Turtles,Nikolai Khabibulin,0-0-0,6
2023,23,422.l.55401,Cheaters Always Win,Jobu needs a refill,Theodore,0-0-0,6,Zegster,M Z,0-0-0,7
2023,23,422.l.55401,Cheaters Always Win,Insult me w/trade offers,Dan,0-0-0,6,This is good it’s all good,Brett,0-0-0,6
2023,23,422.l.55401,Cheaters Always Win,Just A Bit Outside,DiZzY,0-0-0,8,Mercy for Knate,Douglas,0-0-0,3
2023,24,422.l.55401,Cheaters Always Win,No Joy In Mudville,NOBS,0-0-0,4,GooseRules,The Wizard,0-0-0,8
2023,24,422.l.55401,Cheaters Always Win,Jobu needs a refill,Theodore,0-0-0,4,This is good it’s all good,Brett,0-0-0,7
2023,24,422.l.55401,Cheaters Always Win,Insult me w/trade offers,Dan,0-0-0,0,The Evil Empire,Kevo,0-0-0,12
2023,24,422.l.55401,Cheaters Always Win,I Like Turtles,Nikolai Khabibulin,0-0-0,4,Mercy for Knate,Douglas,0-0-0,8
2023,24,422.l.55401,Cheaters Always Win,Just A Bit Outside,DiZzY,0-0-0,4,Sexual Chocolate,Joshua,0-0-0,8
2023,24,422.l.55401,Cheaters Always Win,Zegster,M Z,0-0-0,5,The Rejuvenation of Sidd,Paulie,0-0-0,8
2023,25,422.l.55401,Cheaters Always Win,No Joy In Mudville,NOBS,0-0-0,12,Just A Bit Outside,DiZzY,0-0-0,2
2023,25,422.l.55401,Cheaters Always Win,Insult me w/trade offers,Dan,0-0-0,7,Zegster,M Z,0-0-0,6
2023,25,422.l.55401,Cheaters Always Win,GooseRules,The Wizard,0-0-0,10,Sexual Chocolate,Joshua,0-0-0,1
2023,25,422.l.55401,Cheaters Always Win,The Rejuvenation of Sidd,Paulie,0-0-0,5,The Evil Empire,Kevo,0-0-0,7
2024,1,431.l.47097,Believe All Women,I’m A Driver I’m A Winner,NOBS,0-0-0,6,Stranger Things,Brett,0-0-0,7
2024,1,431.l.47097,Believe All Women,GooseRules,The Wizard,0-0-0,8,Mystik Dan,Dan,0-0-0,5
2024,1,431.l.47097,Believe All Women,Worst. Season. Ever.,Nikolai Khabibulin,0-0-0,1,Sexual Chocolate,Joshua,0-0-0,11
2024,1,431.l.47097,Believe All Women,Too High,Theodore,0-0-0,10,Sidd Finch,Paulie,0-0-0,2
2024,1,431.l.47097,Believe All Women,Just A Bit Outside,DiZzY,0-0-0,12,Zegster,M Z,0-0-0,1
2024,1,431.l.47097,Believe All Women,Cool kids play D&D,Douglas,0-0-0,10,The Evil Empire,Kevo,0-0-0,2
2024,2,431.l.47097,Believe All Women,I’m A Driver I’m A Winner,NOBS,0-0-0,4,Zegster,M Z,0-0-0,7
2024,2,431.l.47097,Believe All Women,GooseRules,The Wizard,0-0-0,8,Worst. Season. Ever.,Nikolai Khabibulin,0-0-0,5
2024,2,431.l.47097,Believe All Women,Mystik Dan,Dan,0-0-0,3,Cool kids play D&D,Douglas,0-0-0,10
2024,2,431.l.47097,Believe All Women,Too High,Theodore,0-0-0,7,Just A Bit Outside,DiZzY,0-0-0,6
2024,2,431.l.47097,Believe All Women,Sexual Chocolate,Joshua,0-0-0,4,Stranger Things,Brett,0-0-0,9
2024,2,431.l.47097,Believe All Women,The Evil Empire,Kevo,0-0-0,3,Sidd Finch,Paulie,0-0-0,9
2024,3,431.l.47097,Believe All Women,I’m A Driver I’m A Winner,NOBS,0-0-0,5,Sexual Chocolate,Joshua,0-0-0,8
2024,3,431.l.47097,Believe All Women,GooseRules,The Wizard,0-0-0,2,Stranger Things,Brett,0-0-0,8
2024,3,431.l.47097,Believe All Women,Worst. Season. Ever.,Nikolai Khabibulin,0-0-0,7,Cool kids play D&D,Douglas,0-0-0,5
2024,3,431.l.47097,Believe All Women,Mystik Dan,Dan,0-0-0,2,Sidd Finch,Paulie,0-0-0,9
2024,3,431.l.47097,Believe All Women,Too High,Theodore,0-0-0,3,Zegster,M Z,0-0-0,8
2024,3,431.l.47097,Believe All Women,Just A Bit Outside,DiZzY,0-0-0,7,The Evil Empire,Kevo,0-0-0,6
2024,4,431.l.47097,Believe All Women,I’m A Driver I’m A Winner,NOBS,0-0-0,3,Too High,Theodore,0-0-0,10
2024,4,431.l.47097,Believe All Women,GooseRules,The Wizard,0-0-0,10,Sexual Chocolate,Joshua,0-0-0,2
2024,4,431.l.47097,Believe All Women,Worst. Season. Ever.,Nikolai Khabibulin,0-0-0,5,Sidd Finch,Paulie,0-0-0,6
2024,4,431.l.47097,Believe All Women,Mystik Dan,Dan,0-0-0,7,Just A Bit Outside,DiZzY,0-0-0,6
2024,4,431.l.47097,Believe All Women,Cool kids play D&D,Douglas,0-0-0,1,Stranger Things,Brett,0-0-0,11
2024,4,431.l.47097,Believe All Women,The Evil Empire,Kevo,0-0-0,8,Zegster,M Z,0-0-0,4
2024,5,431.l.47097,Believe All Women,I’m A Driver I’m A Winner,NOBS,0-0-0,5,GooseRules,The Wizard,0-0-0,5
2024,5,431.l.47097,Believe All Women,Worst. Season. Ever.,Nikolai Khabibulin,0-0-0,3,Just A Bit Outside,DiZzY,0-0-0,8
2024,5,431.l.47097,Believe All Women,Mystik Dan,Dan,0-0-0,4,Zegster,M Z,0-0-0,8
2024,5,431.l.47097,Believe All Women,Too High,Theodore,0-0-0,8,The Evil Empire,Kevo,0-0-0,5
2024,5,431.l.47097,Believe All Women,Cool kids play D&D,Douglas,0-0-0,8,Sexual Chocolate,Joshua,0-0-0,3
2024,5,431.l.47097,Believe All Women,Sidd Finch,Paulie,0-0-0,10,Stranger Things,Brett,0-0-0,2
2024,6,431.l.47097,Believe All Women,I’m A Driver I’m A Winner,NOBS,0-0-0,7,The Evil Empire,Kevo,0-0-0,6
2024,6,431.l.47097,Believe All Women,GooseRules,The Wizard,0-0-0,8,Cool kids play D&D,Douglas,0-0-0,4
2024,6,431.l.47097,Believe All Women,Worst. Season. Ever.,Nikolai Khabibulin,0-0-0,3,Zegster,M Z,0-0-0,9
2024,6,431.l.47097,Believe All Women,Mystik Dan,Dan,0-0-0,2,Too High,Theodore,0-0-0,11
2024,6,431.l.47097,Believe All Women,Just A Bit Outside,DiZzY,0-0-0,8,Stranger Things,Brett,0-0-0,3
2024,6,431.l.47097,Believe All Women,Sexual Chocolate,Joshua,0-0-0,7,Sidd Finch,Paulie,0-0-0,7
2024,7,431.l.47097,Believe All Women,I’m A Driver I’m A Winner,NOBS,0-0-0,3,Cool kids play D&D,Douglas,0-0-0,9
2024,7,431.l.47097,Believe All Women,GooseRules,The Wizard,0-0-0,5,Sidd Finch,Paulie,0-0-0,7
2024,7,431.l.47097,Believe All Women,Worst. Season. Ever.,Nikolai Khabibulin,0-0-0,8,Too High,Theodore,0-0-0,5
2024,7,431.l.47097,Believe All Women,Mystik Dan,Dan,0-0-0,4,The Evil Empire,Kevo,0-0-0,7
2024,7,431.l.47097,Believe All Women,Just A Bit Outside,DiZzY,0-0-0,4,Sexual Chocolate,Joshua,0-0-0,6
2024,7,431.l.47097,Believe All Women,Stranger Things,Brett,0-0-0,8,Zegster,M Z,0-0-0,5
2024,8,431.l.47097,Believe All Women,I’m A Driver I’m A Winner,NOBS,0-0-0,6,Mystik Dan,Dan,0-0-0,4
2024,8,431.l.47097,Believe All Women,GooseRules,The Wizard,0-0-0,5,Just A Bit Outside,DiZzY,0-0-0,6
2024,8,431.l.47097,Believe All Women,Worst. Season. Ever.,Nikolai Khabibulin,0-0-0,6,The Evil Empire,Kevo,0-0-0,4
2024,8,431.l.47097,Believe All Women,Too High,Theodore,0-0-0,6,Stranger Things,Brett,0-0-0,7
2024,8,431.l.47097,Believe All Women,Cool kids play D&D,Douglas,0-0-0,7,Sidd Finch,Paulie,0-0-0,6
2024,8,431.l.47097,Believe All Women,Sexual Chocolate,Joshua,0-0-0,5,Zegster,M Z,0-0-0,8
2024,9,431.l.47097,Believe All Women,I’m A Driver I’m A Winner,NOBS,0-0-0,8,Sidd Finch,Paulie,0-0-0,4
2024,9,431.l.47097,Believe All Women,GooseRules,The Wizard,0-0-0,5,Zegster,M Z,0-0-0,8
2024,9,431.l.47097,Believe All Women,Worst. Season. Ever.,Nikolai Khabibulin,0-0-0,6,Mystik Dan,Dan,0-0-0,6
2024,9,431.l.47097,Believe All Women,Too High,Theodore,0-0-0,7,Sexual Chocolate,Joshua,0-0-0,5
2024,9,431.l.47097,Believe All Women,Just A Bit Outside,DiZzY,0-0-0,4,Cool kids play D&D,Douglas,0-0-0,8
2024,9,431.l.47097,Believe All Women,The Evil Empire,Kevo,0-0-0,3,Stranger Things,Brett,0-0-0,9
2024,10,431.l.47097,Believe All Women,I’m A Driver I’m A Winner,NOBS,0-0-0,6,Worst. Season. Ever.,Nikolai Khabibulin,0-0-0,6
2024,10,431.l.47097,Believe All Women,GooseRules,The Wizard,0-0-0,5,Too High,Theodore,0-0-0,5
2024,10,431.l.47097,Believe All Women,Mystik Dan,Dan,0-0-0,8,Stranger Things,Brett,0-0-0,4
2024,10,431.l.47097,Believe All Women,Just A Bit Outside,DiZzY,0-0-0,7,Sidd Finch,Paulie,0-0-0,5
2024,10,431.l.47097,Believe All Women,Cool kids play D&D,Douglas,0-0-0,6,Zegster,M Z,0-0-0,7
2024,10,431.l.47097,Believe All Women,Sexual Chocolate,Joshua,0-0-0,7,The Evil Empire,Kevo,0-0-0,5
2024,11,431.l.47097,Believe All Women,I’m A Driver I’m A Winner,NOBS,0-0-0,11,Just A Bit Outside,DiZzY,0-0-0,2
2024,11,431.l.47097,Believe All Women,GooseRules,The Wizard,0-0-0,9,The Evil Empire,Kevo,0-0-0,3
2024,11,431.l.47097,Believe All Women,Worst. Season. Ever.,Nikolai Khabibulin,0-0-0,6,Stranger Things,Brett,0-0-0,6
2024,11,431.l.47097,Believe All Women,Mystik Dan,Dan,0-0-0,5,Sexual Chocolate,Joshua,0-0-0,7
2024,11,431.l.47097,Believe All Women,Too High,Theodore,0-0-0,7,Cool kids play D&D,Douglas,0-0-0,6
2024,11,431.l.47097,Believe All Women,Sidd Finch,Paulie,0-0-0,10,Zegster,M Z,0-0-0,3
2024,12,431.l.47097,Believe All Women,I’m A Driver I’m A Winner,NOBS,0-0-0,12,Stranger Things,Brett,0-0-0,0
2024,12,431.l.47097,Believe All Women,GooseRules,The Wizard,0-0-0,10,Mystik Dan,Dan,0-0-0,4
2024,12,431.l.47097,Believe All Women,Worst. Season. Ever.,Nikolai Khabibulin,0-0-0,4,Sexual Chocolate,Joshua,0-0-0,9
2024,12,431.l.47097,Believe All Women,Too High,Theodore,0-0-0,7,Sidd Finch,Paulie,0-0-0,6
2024,12,431.l.47097,Believe All Women,Just A Bit Outside,DiZzY,0-0-0,4,Zegster,M Z,0-0-0,7
2024,12,431.l.47097,Believe All Women,Cool kids play D&D,Douglas,0-0-0,6,The Evil Empire,Kevo,0-0-0,7
2024,13,431.l.47097,Believe All Women,I’m A Driver I’m A Winner,NOBS,0-0-0,9,Zegster,M Z,0-0-0,5
2024,13,431.l.47097,Believe All Women,GooseRules,The Wizard,0-0-0,8,Worst. Season. Ever.,Nikolai Khabibulin,0-0-0,5
2024,13,431.l.47097,Believe All Women,Mystik Dan,Dan,0-0-0,4,Cool kids play D&D,Douglas,0-0-0,9
2024,13,431.l.47097,Believe All Women,Too High,Theodore,0-0-0,7,Just A Bit Outside,DiZzY,0-0-0,6
2024,13,431.l.47097,Believe All Women,Sexual Chocolate,Joshua,0-0-0,2,Stranger Things,Brett,0-0-0,10
2024,13,431.l.47097,Believe All Women,The Evil Empire,Kevo,0-0-0,5,Sidd Finch,Paulie,0-0-0,7
2024,14,431.l.47097,Believe All Women,I’m A Driver I’m A Winner,NOBS,0-0-0,8,Sexual Chocolate,Joshua,0-0-0,5
2024,14,431.l.47097,Believe All Women,GooseRules,The Wizard,0-0-0,6,Stranger Things,Brett,0-0-0,7
2024,14,431.l.47097,Believe All Women,Worst. Season. Ever.,Nikolai Khabibulin,0-0-0,5,Cool kids play D&D,Douglas,0-0-0,8
2024,14,431.l.47097,Believe All Women,Mystik Dan,Dan,0-0-0,11,Sidd Finch,Paulie,0-0-0,3
2024,14,431.l.47097,Believe All Women,Too High,Theodore,0-0-0,12,Zegster,M Z,0-0-0,0
2024,14,431.l.47097,Believe All Women,Just A Bit Outside,DiZzY,0-0-0,4,The Evil Empire,Kevo,0-0-0,7
2024,15,431.l.47097,Believe All Women,I’m A Driver I’m A Winner,NOBS,0-0-0,5,Too High,Theodore,0-0-0,8
2024,15,431.l.47097,Believe All Women,GooseRules,The Wizard,0-0-0,9,Sexual Chocolate,Joshua,0-0-0,4
2024,15,431.l.47097,Believe All Women,Worst. Season. Ever.,Nikolai Khabibulin,0-0-0,9,Sidd Finch,Paulie,0-0-0,4
2024,15,431.l.47097,Believe All Women,Mystik Dan,Dan,0-0-0,7,Just A Bit Outside,DiZzY,0-0-0,5
2024,15,431.l.47097,Believe All Women,Cool kids play D&D,Douglas,0-0-0,12,Stranger Things,Brett,0-0-0,2
2024,15,431.l.47097,Believe All Women,The Evil Empire,Kevo,0-0-0,1,Zegster,M Z,0-0-0,11
2024,16,431.l.47097,Believe All Women,I’m A Driver I’m A Winner,NOBS,0-0-0,5,GooseRules,The Wizard,0-0-0,8
2024,16,431.l.47097,Believe All Women,Worst. Season. Ever.,Nikolai Khabibulin,0-0-0,9,Just A Bit Outside,DiZzY,0-0-0,5
2024,16,431.l.47097,Believe All Women,Mystik Dan,Dan,0-0-0,1,Zegster,M Z,0-0-0,10
2024,16,431.l.47097,Believe All Women,Too High,Theodore,0-0-0,10,The Evil Empire,Kevo,0-0-0,2
2024,16,431.l.47097,Believe All Women,Cool kids play D&D,Douglas,0-0-0,4,Sexual Chocolate,Joshua,0-0-0,9
2024,16,431.l.47097,Believe All Women,Sidd Finch,Paulie,0-0-0,2,Stranger Things,Brett,0-0-0,10
2024,17,431.l.47097,Believe All Women,I’m A Driver I’m A Winner,NOBS,0-0-0,4,The Evil Empire,Kevo,0-0-0,9
2024,17,431.l.47097,Believe All Women,GooseRules,The Wizard,0-0-0,6,Cool kids play D&D,Douglas,0-0-0,8
2024,17,431.l.47097,Believe All Women,Worst. Season. Ever.,Nikolai Khabibulin,0-0-0,7,Zegster,M Z,0-0-0,5
2024,17,431.l.47097,Believe All Women,Mystik Dan,Dan,0-0-0,0,Too High,Theodore,0-0-0,11
2024,17,431.l.47097,Believe All Women,Just A Bit Outside,DiZzY,0-0-0,7,Stranger Things,Brett,0-0-0,5
2024,17,431.l.47097,Believe All Women,Sexual Chocolate,Joshua,0-0-0,3,Sidd Finch,Paulie,0-0-0,9
2024,18,431.l.47097,Believe All Women,I’m A Driver I’m A Winner,NOBS,0-0-0,7,Cool kids play D&D,Douglas,0-0-0,6
2024,18,431.l.47097,Believe All Women,GooseRules,The Wizard,0-0-0,8,Sidd Finch,Paulie,0-0-0,4
2024,18,431.l.47097,Believe All Women,Worst. Season. Ever.,Nikolai Khabibulin,0-0-0,8,Too High,Theodore,0-0-0,4
2024,18,431.l.47097,Believe All Women,Mystik Dan,Dan,0-0-0,6,The Evil Empire,Kevo,0-0-0,6
2024,18,431.l.47097,Believe All Women,Just A Bit Outside,DiZzY,0-0-0,4,Sexual Chocolate,Joshua,0-0-0,8
2024,18,431.l.47097,Believe All Women,Stranger Things,Brett,0-0-0,7,Zegster,M Z,0-0-0,6
2024,19,431.l.47097,Believe All Women,I’m A Driver I’m A Winner,NOBS,0-0-0,9,Mystik Dan,Dan,0-0-0,4
2024,19,431.l.47097,Believe All Women,GooseRules,The Wizard,0-0-0,9,Just A Bit Outside,DiZzY,0-0-0,4
2024,19,431.l.47097,Believe All Women,Worst. Season. Ever.,Nikolai Khabibulin,0-0-0,5,The Evil Empire,Kevo,0-0-0,6
2024,19,431.l.47097,Believe All Women,Too High,Theodore,0-0-0,5,Stranger Things,Brett,0-0-0,8
2024,19,431.l.47097,Believe All Women,Cool kids play D&D,Douglas,0-0-0,7,Sidd Finch,Paulie,0-0-0,5
2024,19,431.l.47097,Believe All Women,Sexual Chocolate,Joshua,0-0-0,4,Zegster,M Z,0-0-0,9
2024,20,431.l.47097,Believe All Women,I’m A Driver I’m A Winner,NOBS,0-0-0,8,Sidd Finch,Paulie,0-0-0,5
2024,20,431.l.47097,Believe All Women,GooseRules,The Wizard,0-0-0,6,Zegster,M Z,0-0-0,7
2024,20,431.l.47097,Believe All Women,Worst. Season. Ever.,Nikolai Khabibulin,0-0-0,3,Mystik Dan,Dan,0-0-0,10
2024,20,431.l.47097,Believe All Women,Too High,Theodore,0-0-0,6,Sexual Chocolate,Joshua,0-0-0,7
2024,20,431.l.47097,Believe All Women,Just A Bit Outside,DiZzY,0-0-0,6,Cool kids play D&D,Douglas,0-0-0,6
2024,20,431.l.47097,Believe All Women,The Evil Empire,Kevo,0-0-0,6,Stranger Things,Brett,0-0-0,7
2024,21,431.l.47097,Believe All Women,I’m A Driver I’m A Winner,NOBS,0-0-0,5,Worst. Season. Ever.,Nikolai Khabibulin,0-0-0,8
2024,21,431.l.47097,Believe All Women,GooseRules,The Wizard,0-0-0,9,Too High,Theodore,0-0-0,4
2024,21,431.l.47097,Believe All Women,Mystik Dan,Dan,0-0-0,7,Stranger Things,Brett,0-0-0,3
2024,21,431.l.47097,Believe All Women,Just A Bit Outside,DiZzY,0-0-0,10,Sidd Finch,Paulie,0-0-0,3
2024,21,431.l.47097,Believe All Women,Cool kids play D&D,Douglas,0-0-0,8,Zegster,M Z,0-0-0,5
2024,21,431.l.47097,Believe All Women,Sexual Chocolate,Joshua,0-0-0,9,The Evil Empire,Kevo,0-0-0,2
2024,22,431.l.47097,Believe All Women,I’m A Driver I’m A Winner,NOBS,0-0-0,7,Stranger Things,Brett,0-0-0,5
2024,22,431.l.47097,Believe All Women,Worst. Season. Ever.,Nikolai Khabibulin,0-0-0,6,The Evil Empire,Kevo,0-0-0,5
2024,22,431.l.47097,Believe All Women,Mystik Dan,Dan,0-0-0,7,Sidd Finch,Paulie,0-0-0,5
2024,22,431.l.47097,Believe All Women,Cool kids play D&D,Douglas,0-0-0,3,Zegster,M Z,0-0-0,8
2024,23,431.l.47097,Believe All Women,I’m A Driver I’m A Winner,NOBS,0-0-0,10,Too High,Theodore,0-0-0,1
2024,23,431.l.47097,Believe All Women,GooseRules,The Wizard,0-0-0,6,Zegster,M Z,0-0-0,6
2024,23,431.l.47097,Believe All Women,Worst. Season. Ever.,Nikolai Khabibulin,0-0-0,9,Just A Bit Outside,DiZzY,0-0-0,3
2024,23,431.l.47097,Believe All Women,Mystik Dan,Dan,0-0-0,5,Sexual Chocolate,Joshua,0-0-0,7
2024,23,431.l.47097,Believe All Women,Cool kids play D&D,Douglas,0-0-0,8,Stranger Things,Brett,0-0-0,5
2024,23,431.l.47097,Believe All Women,The Evil Empire,Kevo,0-0-0,5,Sidd Finch,Paulie,0-0-0,8
2024,24,431.l.47097,Believe All Women,I’m A Driver I’m A Winner,NOBS,0-0-0,9,Zegster,M Z,0-0-0,4
2024,24,431.l.47097,Believe All Women,GooseRules,The Wizard,0-0-0,9,Too High,Theodore,0-0-0,3
2024,24,431.l.47097,Believe All Women,Worst. Season. Ever.,Nikolai Khabibulin,0-0-0,8,Sexual Chocolate,Joshua,0-0-0,4
2024,24,431.l.47097,Believe All Women,Mystik Dan,Dan,0-0-0,6,Just A Bit Outside,DiZzY,0-0-0,7
2025,1,458.l.66409,Who Is Mike Stanton?,There’s No Joy In Mudville,NOBS,0-0-0,8,The Evil Empire,Kevo,0-0-0,2
2025,1,458.l.66409,Who Is Mike Stanton?,Gooserules,The Wizard,0-0-0,6,Let Down,Theodore,0-0-0,6
2025,1,458.l.66409,Who Is Mike Stanton?,Cucumber Calm,Nikolai Khabibulin,0-0-0,11,Winter is coming….,Paulie,0-0-0,1
2025,1,458.l.66409,Who Is Mike Stanton?,Knate Cheats!,Dan,0-0-0,9,Zegster,M Z,0-0-0,3
2025,1,458.l.66409,Who Is Mike Stanton?,Just A Bit Outside,DiZzY,0-0-0,7,dungeon crawler carl,Brett,0-0-0,6
2025,1,458.l.66409,Who Is Mike Stanton?,Princess Donut the Queen Chonk,Douglas,0-0-0,10,Change your guy Quagmire,Joshua,0-0-0,3
2025,2,458.l.66409,Who Is Mike Stanton?,There’s No Joy In Mudville,NOBS,0-0-0,4,Princess Donut the Queen Chonk,Douglas,0-0-0,6
2025,2,458.l.66409,Who Is Mike Stanton?,Gooserules,The Wizard,0-0-0,8,The Evil Empire,Kevo,0-0-0,4
2025,2,458.l.66409,Who Is Mike Stanton?,Cucumber Calm,Nikolai Khabibulin,0-0-0,10,Let Down,Theodore,0-0-0,3
2025,2,458.l.66409,Who Is Mike Stanton?,Knate Cheats!,Dan,0-0-0,7,Just A Bit Outside,DiZzY,0-0-0,3
2025,2,458.l.66409,Who Is Mike Stanton?,Change your guy Quagmire,Joshua,0-0-0,7,dungeon crawler carl,Brett,0-0-0,5
2025,2,458.l.66409,Who Is Mike Stanton?,Winter is coming….,Paulie,0-0-0,7,Zegster,M Z,0-0-0,4
2025,3,458.l.66409,Who Is Mike Stanton?,There’s No Joy In Mudville,NOBS,0-0-0,9,dungeon crawler carl,Brett,0-0-0,4
2025,3,458.l.66409,Who Is Mike Stanton?,Gooserules,The Wizard,0-0-0,9,Princess Donut the Queen Chonk,Douglas,0-0-0,4
2025,3,458.l.66409,Who Is Mike Stanton?,Cucumber Calm,Nikolai Khabibulin,0-0-0,5,Zegster,M Z,0-0-0,7
2025,3,458.l.66409,Who Is Mike Stanton?,Knate Cheats!,Dan,0-0-0,11,Change your guy Quagmire,Joshua,0-0-0,2
2025,3,458.l.66409,Who Is Mike Stanton?,Let Down,Theodore,0-0-0,9,The Evil Empire,Kevo,0-0-0,4
2025,3,458.l.66409,Who Is Mike Stanton?,Just A Bit Outside,DiZzY,0-0-0,8,Winter is coming….,Paulie,0-0-0,4
2025,4,458.l.66409,Who Is Mike Stanton?,There’s No Joy In Mudville,NOBS,0-0-0,6,Knate Cheats!,Dan,0-0-0,6
2025,4,458.l.66409,Who Is Mike Stanton?,Gooserules,The Wizard,0-0-0,5,dungeon crawler carl,Brett,0-0-0,7
2025,4,458.l.66409,Who Is Mike Stanton?,Cucumber Calm,Nikolai Khabibulin,0-0-0,5,Just A Bit Outside,DiZzY,0-0-0,7
2025,4,458.l.66409,Who Is Mike Stanton?,Let Down,Theodore,0-0-0,10,Zegster,M Z,0-0-0,4
2025,4,458.l.66409,Who Is Mike Stanton?,Princess Donut the Queen Chonk,Douglas,0-0-0,4,The Evil Empire,Kevo,0-0-0,9
2025,4,458.l.66409,Who Is Mike Stanton?,Change your guy Quagmire,Joshua,0-0-0,6,Winter is coming….,Paulie,0-0-0,5
2025,5,458.l.66409,Who Is Mike Stanton?,There’s No Joy In Mudville,NOBS,0-0-0,2,Winter is coming….,Paulie,0-0-0,10
2025,5,458.l.66409,Who Is Mike Stanton?,Gooserules,The Wizard,0-0-0,7,Knate Cheats!,Dan,0-0-0,6
2025,5,458.l.66409,Who Is Mike Stanton?,Cucumber Calm,Nikolai Khabibulin,0-0-0,8,Change your guy Quagmire,Joshua,0-0-0,5
2025,5,458.l.66409,Who Is Mike Stanton?,Let Down,Theodore,0-0-0,8,Princess Donut the Queen Chonk,Douglas,0-0-0,4
2025,5,458.l.66409,Who Is Mike Stanton?,Just A Bit Outside,DiZzY,0-0-0,7,Zegster,M Z,0-0-0,4
2025,5,458.l.66409,Who Is Mike Stanton?,The Evil Empire,Kevo,0-0-0,9,dungeon crawler carl,Brett,0-0-0,3
2025,6,458.l.66409,Who Is Mike Stanton?,There’s No Joy In Mudville,NOBS,0-0-0,9,Cucumber Calm,Nikolai Khabibulin,0-0-0,4
2025,6,458.l.66409,Who Is Mike Stanton?,Gooserules,The Wizard,0-0-0,9,Winter is coming….,Paulie,0-0-0,1
2025,6,458.l.66409,Who Is Mike Stanton?,Knate Cheats!,Dan,0-0-0,7,The Evil Empire,Kevo,0-0-0,5
2025,6,458.l.66409,Who Is Mike Stanton?,Let Down,Theodore,0-0-0,4,Just A Bit Outside,DiZzY,0-0-0,8
2025,6,458.l.66409,Who Is Mike Stanton?,Princess Donut the Queen Chonk,Douglas,0-0-0,9,dungeon crawler carl,Brett,0-0-0,3
2025,6,458.l.66409,Who Is Mike Stanton?,Change your guy Quagmire,Joshua,0-0-0,3,Zegster,M Z,0-0-0,9
2025,7,458.l.66409,Who Is Mike Stanton?,There’s No Joy In Mudville,NOBS,0-0-0,12,Zegster,M Z,0-0-0,1
2025,7,458.l.66409,Who Is Mike Stanton?,Gooserules,The Wizard,0-0-0,7,Cucumber Calm,Nikolai Khabibulin,0-0-0,6
2025,7,458.l.66409,Who Is Mike Stanton?,Knate Cheats!,Dan,0-0-0,3,Princess Donut the Queen Chonk,Douglas,0-0-0,9
2025,7,458.l.66409,Who Is Mike Stanton?,Let Down,Theodore,0-0-0,3,dungeon crawler carl,Brett,0-0-0,10
2025,7,458.l.66409,Who Is Mike Stanton?,Just A Bit Outside,DiZzY,0-0-0,8,Change your guy Quagmire,Joshua,0-0-0,4
2025,7,458.l.66409,Who Is Mike Stanton?,The Evil Empire,Kevo,0-0-0,3,Winter is coming….,Paulie,0-0-0,11
2025,8,458.l.66409,Who Is Mike Stanton?,There’s No Joy In Mudville,NOBS,0-0-0,4,Just A Bit Outside,DiZzY,0-0-0,8
2025,8,458.l.66409,Who Is Mike Stanton?,Gooserules,The Wizard,0-0-0,8,Zegster,M Z,0-0-0,4
2025,8,458.l.66409,Who Is Mike Stanton?,Cucumber Calm,Nikolai Khabibulin,0-0-0,10,The Evil Empire,Kevo,0-0-0,2
2025,8,458.l.66409,Who Is Mike Stanton?,Knate Cheats!,Dan,0-0-0,10,dungeon crawler carl,Brett,0-0-0,4
2025,8,458.l.66409,Who Is Mike Stanton?,Let Down,Theodore,0-0-0,9,Change your guy Quagmire,Joshua,0-0-0,3
2025,8,458.l.66409,Who Is Mike Stanton?,Princess Donut the Queen Chonk,Douglas,0-0-0,8,Winter is coming….,Paulie,0-0-0,5
2025,9,458.l.66409,Who Is Mike Stanton?,There’s No Joy In Mudville,NOBS,0-0-0,10,Change your guy Quagmire,Joshua,0-0-0,3
2025,9,458.l.66409,Who Is Mike Stanton?,Gooserules,The Wizard,0-0-0,4,Just A Bit Outside,DiZzY,0-0-0,8
2025,9,458.l.66409,Who Is Mike Stanton?,Cucumber Calm,Nikolai Khabibulin,0-0-0,9,Princess Donut the Queen Chonk,Douglas,0-0-0,2
2025,9,458.l.66409,Who Is Mike Stanton?,Knate Cheats!,Dan,0-0-0,9,Let Down,Theodore,0-0-0,3
2025,9,458.l.66409,Who Is Mike Stanton?,The Evil Empire,Kevo,0-0-0,1,Zegster,M Z,0-0-0,13
2025,9,458.l.66409,Who Is Mike Stanton?,Winter is coming….,Paulie,0-0-0,7,dungeon crawler carl,Brett,0-0-0,6
2025,10,458.l.66409,Who Is Mike Stanton?,There’s No Joy In Mudville,NOBS,0-0-0,8,Let Down,Theodore,0-0-0,4
2025,10,458.l.66409,Who Is Mike Stanton?,Gooserules,The Wizard,0-0-0,12,Change your guy Quagmire,Joshua,0-0-0,2
2025,10,458.l.66409,Who Is Mike Stanton?,Cucumber Calm,Nikolai Khabibulin,0-0-0,8,dungeon crawler carl,Brett,0-0-0,4
2025,10,458.l.66409,Who Is Mike Stanton?,Knate Cheats!,Dan,0-0-0,8,Winter is coming….,Paulie,0-0-0,2
2025,10,458.l.66409,Who Is Mike Stanton?,Just A Bit Outside,DiZzY,0-0-0,4,The Evil Empire,Kevo,0-0-0,9
2025,10,458.l.66409,Who Is Mike Stanton?,Princess Donut the Queen Chonk,Douglas,0-0-0,4,Zegster,M Z,0-0-0,9
2025,11,458.l.66409,Who Is Mike Stanton?,There’s No Joy In Mudville,NOBS,0-0-0,5,Gooserules,The Wizard,0-0-0,7
2025,11,458.l.66409,Who Is Mike Stanton?,Cucumber Calm,Nikolai Khabibulin,0-0-0,4,Knate Cheats!,Dan,0-0-0,9
2025,11,458.l.66409,Who Is Mike Stanton?,Let Down,Theodore,0-0-0,7,Winter is coming….,Paulie,0-0-0,7
2025,11,458.l.66409,Who Is Mike Stanton?,Just A Bit Outside,DiZzY,0-0-0,12,Princess Donut the Queen Chonk,Douglas,0-0-0,1
2025,11,458.l.66409,Who Is Mike Stanton?,Change your guy Quagmire,Joshua,0-0-0,2,The Evil Empire,Kevo,0-0-0,10
2025,11,458.l.66409,Who Is Mike Stanton?,dungeon crawler carl,Brett,0-0-0,6,Zegster,M Z,0-0-0,7
2025,12,458.l.66409,Who Is Mike Stanton?,There’s No Joy In Mudville,NOBS,0-0-0,6,The Evil Empire,Kevo,0-0-0,8
2025,12,458.l.66409,Who Is Mike Stanton?,Gooserules,The Wizard,0-0-0,7,Let Down,Theodore,0-0-0,7
2025,12,458.l.66409,Who Is Mike Stanton?,Cucumber Calm,Nikolai Khabibulin,0-0-0,6,Winter is coming….,Paulie,0-0-0,6
2025,12,458.l.66409,Who Is Mike Stanton?,Knate Cheats!,Dan,0-0-0,6,Zegster,M Z,0-0-0,5
2025,12,458.l.66409,Who Is Mike Stanton?,Just A Bit Outside,DiZzY,0-0-0,7,dungeon crawler carl,Brett,0-0-0,6
2025,12,458.l.66409,Who Is Mike Stanton?,Princess Donut the Queen Chonk,Douglas,0-0-0,9,Change your guy Quagmire,Joshua,0-0-0,4
2025,13,458.l.66409,Who Is Mike Stanton?,There’s No Joy In Mudville,NOBS,0-0-0,5,Princess Donut the Queen Chonk,Douglas,0-0-0,6
2025,13,458.l.66409,Who Is Mike Stanton?,Gooserules,The Wizard,0-0-0,4,The Evil Empire,Kevo,0-0-0,6
2025,13,458.l.66409,Who Is Mike Stanton?,Cucumber Calm,Nikolai Khabibulin,0-0-0,7,Let Down,Theodore,0-0-0,3
2025,13,458.l.66409,Who Is Mike Stanton?,Knate Cheats!,Dan,0-0-0,7,Just A Bit Outside,DiZzY,0-0-0,4
2025,13,458.l.66409,Who Is Mike Stanton?,Change your guy Quagmire,Joshua,0-0-0,3,dungeon crawler carl,Brett,0-0-0,10
2025,13,458.l.66409,Who Is Mike Stanton?,Winter is coming….,Paulie,0-0-0,7,Zegster,M Z,0-0-0,6
2025,14,458.l.66409,Who Is Mike Stanton?,There’s No Joy In Mudville,NOBS,0-0-0,6,dungeon crawler carl,Brett,0-0-0,5
2025,14,458.l.66409,Who Is Mike Stanton?,Gooserules,The Wizard,0-0-0,7,Princess Donut the Queen Chonk,Douglas,0-0-0,7
2025,14,458.l.66409,Who Is Mike Stanton?,Cucumber Calm,Nikolai Khabibulin,0-0-0,8,Zegster,M Z,0-0-0,5
2025,14,458.l.66409,Who Is Mike Stanton?,Knate Cheats!,Dan,0-0-0,7,Change your guy Quagmire,Joshua,0-0-0,6
2025,14,458.l.66409,Who Is Mike Stanton?,Let Down,Theodore,0-0-0,5,The Evil Empire,Kevo,0-0-0,6
2025,14,458.l.66409,Who Is Mike Stanton?,Just A Bit Outside,DiZzY,0-0-0,7,Winter is coming….,Paulie,0-0-0,6
2025,15,458.l.66409,Who Is Mike Stanton?,There’s No Joy In Mudville,NOBS,0-0-0,8,Knate Cheats!,Dan,0-0-0,5
2025,15,458.l.66409,Who Is Mike Stanton?,Gooserules,The Wizard,0-0-0,10,dungeon crawler carl,Brett,0-0-0,3
2025,15,458.l.66409,Who Is Mike Stanton?,Cucumber Calm,Nikolai Khabibulin,0-0-0,7,Just A Bit Outside,DiZzY,0-0-0,6
2025,15,458.l.66409,Who Is Mike Stanton?,Let Down,Theodore,0-0-0,6,Zegster,M Z,0-0-0,7
2025,15,458.l.66409,Who Is Mike Stanton?,Princess Donut the Queen Chonk,Douglas,0-0-0,10,The Evil Empire,Kevo,0-0-0,3
2025,15,458.l.66409,Who Is Mike Stanton?,Change your guy Quagmire,Joshua,0-0-0,11,Winter is coming….,Paulie,0-0-0,2
2025,16,458.l.66409,Who Is Mike Stanton?,There’s No Joy In Mudville,NOBS,0-0-0,11,Winter is coming….,Paulie,0-0-0,2
2025,16,458.l.66409,Who Is Mike Stanton?,Gooserules,The Wizard,0-0-0,10,Knate Cheats!,Dan,0-0-0,4
2025,16,458.l.66409,Who Is Mike Stanton?,Cucumber Calm,Nikolai Khabibulin,0-0-0,11,Change your guy Quagmire,Joshua,0-0-0,2
2025,16,458.l.66409,Who Is Mike Stanton?,Let Down,Theodore,0-0-0,5,Princess Donut the Queen Chonk,Douglas,0-0-0,7
2025,16,458.l.66409,Who Is Mike Stanton?,Just A Bit Outside,DiZzY,0-0-0,3,Zegster,M Z,0-0-0,10
2025,16,458.l.66409,Who Is Mike Stanton?,The Evil Empire,Kevo,0-0-0,2,dungeon crawler carl,Brett,0-0-0,10
2025,17,458.l.66409,Who Is Mike Stanton?,There’s No Joy In Mudville,NOBS,0-0-0,7,Cucumber Calm,Nikolai Khabibulin,0-0-0,6
2025,17,458.l.66409,Who Is Mike Stanton?,Gooserules,The Wizard,0-0-0,3,Winter is coming….,Paulie,0-0-0,10
2025,17,458.l.66409,Who Is Mike Stanton?,Knate Cheats!,Dan,0-0-0,10,The Evil Empire,Kevo,0-0-0,3
2025,17,458.l.66409,Who Is Mike Stanton?,Let Down,Theodore,0-0-0,8,Just A Bit Outside,DiZzY,0-0-0,4
2025,17,458.l.66409,Who Is Mike Stanton?,Princess Donut the Queen Chonk,Douglas,0-0-0,11,dungeon crawler carl,Brett,0-0-0,2
2025,17,458.l.66409,Who Is Mike Stanton?,Change your guy Quagmire,Joshua,0-0-0,8,Zegster,M Z,0-0-0,4
2025,18,458.l.66409,Who Is Mike Stanton?,There’s No Joy In Mudville,NOBS,0-0-0,9,Zegster,M Z,0-0-0,2
2025,18,458.l.66409,Who Is Mike Stanton?,Gooserules,The Wizard,0-0-0,7,Cucumber Calm,Nikolai Khabibulin,0-0-0,6
2025,18,458.l.66409,Who Is Mike Stanton?,Knate Cheats!,Dan,0-0-0,6,Princess Donut the Queen Chonk,Douglas,0-0-0,5
2025,18,458.l.66409,Who Is Mike Stanton?,Let Down,Theodore,0-0-0,7,dungeon crawler carl,Brett,0-0-0,5
2025,18,458.l.66409,Who Is Mike Stanton?,Just A Bit Outside,DiZzY,0-0-0,5,Change your guy Quagmire,Joshua,0-0-0,7
2025,18,458.l.66409,Who Is Mike Stanton?,The Evil Empire,Kevo,0-0-0,8,Winter is coming….,Paulie,0-0-0,5
2025,19,458.l.66409,Who Is Mike Stanton?,There’s No Joy In Mudville,NOBS,0-0-0,9,Just A Bit Outside,DiZzY,0-0-0,3
2025,19,458.l.66409,Who Is Mike Stanton?,Gooserules,The Wizard,0-0-0,7,Zegster,M Z,0-0-0,5
2025,19,458.l.66409,Who Is Mike Stanton?,Cucumber Calm,Nikolai Khabibulin,0-0-0,7,The Evil Empire,Kevo,0-0-0,6
2025,19,458.l.66409,Who Is Mike Stanton?,Knate Cheats!,Dan,0-0-0,3,dungeon crawler carl,Brett,0-0-0,8
2025,19,458.l.66409,Who Is Mike Stanton?,Let Down,Theodore,0-0-0,8,Change your guy Quagmire,Joshua,0-0-0,5
2025,19,458.l.66409,Who Is Mike Stanton?,Princess Donut the Queen Chonk,Douglas,0-0-0,5,Winter is coming….,Paulie,0-0-0,5
2025,20,458.l.66409,Who Is Mike Stanton?,There’s No Joy In Mudville,NOBS,0-0-0,10,Change your guy Quagmire,Joshua,0-0-0,3
2025,20,458.l.66409,Who Is Mike Stanton?,Gooserules,The Wizard,0-0-0,11,Just A Bit Outside,DiZzY,0-0-0,2
2025,20,458.l.66409,Who Is Mike Stanton?,Cucumber Calm,Nikolai Khabibulin,0-0-0,5,Princess Donut the Queen Chonk,Douglas,0-0-0,7
2025,20,458.l.66409,Who Is Mike Stanton?,Knate Cheats!,Dan,0-0-0,2,Let Down,Theodore,0-0-0,7
2025,20,458.l.66409,Who Is Mike Stanton?,The Evil Empire,Kevo,0-0-0,3,Zegster,M Z,0-0-0,9
2025,20,458.l.66409,Who Is Mike Stanton?,Winter is coming….,Paulie,0-0-0,5,dungeon crawler carl,Brett,0-0-0,8
2025,21,458.l.66409,Who Is Mike Stanton?,There’s No Joy In Mudville,NOBS,0-0-0,7,Let Down,Theodore,0-0-0,6
2025,21,458.l.66409,Who Is Mike Stanton?,Gooserules,The Wizard,0-0-0,10,Change your guy Quagmire,Joshua,0-0-0,2
2025,21,458.l.66409,Who Is Mike Stanton?,Cucumber Calm,Nikolai Khabibulin,0-0-0,5,dungeon crawler carl,Brett,0-0-0,8
2025,21,458.l.66409,Who Is Mike Stanton?,Knate Cheats!,Dan,0-0-0,5,Winter is coming….,Paulie,0-0-0,8
2025,21,458.l.66409,Who Is Mike Stanton?,Just A Bit Outside,DiZzY,0-0-0,7,The Evil Empire,Kevo,0-0-0,5
2025,21,458.l.66409,Who Is Mike Stanton?,Princess Donut the Queen Chonk,Douglas,0-0-0,9,Zegster,M Z,0-0-0,3
2025,22,458.l.66409,Who Is Mike Stanton?,Cucumber Calm,Nikolai Khabibulin,0-0-0,9,Just A Bit Outside,DiZzY,0-0-0,2
2025,22,458.l.66409,Who Is Mike Stanton?,Knate Cheats!,Dan,0-0-0,4,Princess Donut the Queen Chonk,Douglas,0-0-0,9
2025,22,458.l.66409,Who Is Mike Stanton?,Change your guy Quagmire,Joshua,0-0-0,4,Zegster,M Z,0-0-0,8
2025,22,458.l.66409,Who Is Mike Stanton?,The Evil Empire,Kevo,0-0-0,6,Winter is coming….,Paulie,0-0-0,5
2025,23,458.l.66409,Who Is Mike Stanton?,There’s No Joy In Mudville,NOBS,0-0-0,7,Princess Donut the Queen Chonk,Douglas,0-0-0,7
2025,23,458.l.66409,Who Is Mike Stanton?,Gooserules,The Wizard,0-0-0,11,Cucumber Calm,Nikolai Khabibulin,0-0-0,1
2025,23,458.l.66409,Who Is Mike Stanton?,Knate Cheats!,Dan,0-0-0,0,Just A Bit Outside,DiZzY,0-0-0,12
2025,23,458.l.66409,Who Is Mike Stanton?,Let Down,Theodore,0-0-0,10,The Evil Empire,Kevo,0-0-0,3
2025,23,458.l.66409,Who Is Mike Stanton?,Change your guy Quagmire,Joshua,0-0-0,4,Winter is coming….,Paulie,0-0-0,8
2025,23,458.l.66409,Who Is Mike Stanton?,dungeon crawler carl,Brett,0-0-0,8,Zegster,M Z,0-0-0,4
2025,24,458.l.66409,Who Is Mike Stanton?,There’s No Joy In Mudville,NOBS,0-0-0,4,Cucumber Calm,Nikolai Khabibulin,0-0-0,8
2025,24,458.l.66409,Who Is Mike Stanton?,Gooserules,The Wizard,0-0-0,5,Princess Donut the Queen Chonk,Douglas,0-0-0,6
2025,24,458.l.66409,Who Is Mike Stanton?,Let Down,Theodore,0-0-0,4,dungeon crawler carl,Brett,0-0-0,9
2025,24,458.l.66409,Who Is Mike Stanton?,The Evil Empire,Kevo,0-0-0,9,Zegster,M Z,0-0-0,3
2025,1,458.l.151388,Yahoo H2H-Pts 151388,🔥 MacLaine's Bats,MacLaine,0-0-0,1021,🔥 Gabe's Torches,Gabe,0-0-0,750
2025,1,458.l.151388,Yahoo H2H-Pts 151388,❄️ Halo Now,B rian,0-0-0,997,🎯 Ace M Z,M Z,0-0-0,1071
2025,1,458.l.151388,Yahoo H2H-Pts 151388,🌟 翔君's Stars,翔君,0-0-0,1060,Wazzup,Aj,0-0-0,1121
2025,1,458.l.151388,Yahoo H2H-Pts 151388,Anthony Banda-Pokemon Master,Travis,0-0-0,1061,🔥 leo's Bats,leo,0-0-0,1178
2025,1,458.l.151388,Yahoo H2H-Pts 151388,Baseball Team,Sam,0-0-0,990,IRON HORSE,Kyle,0-0-0,1283
2025,2,458.l.151388,Yahoo H2H-Pts 151388,🔥 MacLaine's Bats,MacLaine,0-0-0,688,❄️ Halo Now,B rian,0-0-0,635
2025,2,458.l.151388,Yahoo H2H-Pts 151388,🔥 Gabe's Torches,Gabe,0-0-0,392,IRON HORSE,Kyle,0-0-0,593
2025,2,458.l.151388,Yahoo H2H-Pts 151388,🌟 翔君's Stars,翔君,0-0-0,616,🎯 Ace M Z,M Z,0-0-0,665
2025,2,458.l.151388,Yahoo H2H-Pts 151388,Anthony Banda-Pokemon Master,Travis,0-0-0,637,Wazzup,Aj,0-0-0,740
2025,2,458.l.151388,Yahoo H2H-Pts 151388,Baseball Team,Sam,0-0-0,673,🔥 leo's Bats,leo,0-0-0,734
2025,3,458.l.151388,Yahoo H2H-Pts 151388,🔥 MacLaine's Bats,MacLaine,0-0-0,884,🌟 翔君's Stars,翔君,0-0-0,528
2025,3,458.l.151388,Yahoo H2H-Pts 151388,🔥 Gabe's Torches,Gabe,0-0-0,569,❄️ Halo Now,B rian,0-0-0,691
2025,3,458.l.151388,Yahoo H2H-Pts 151388,Anthony Banda-Pokemon Master,Travis,0-0-0,595,🎯 Ace M Z,M Z,0-0-0,554
2025,3,458.l.151388,Yahoo H2H-Pts 151388,Baseball Team,Sam,0-0-0,819,Wazzup,Aj,0-0-0,686
2025,3,458.l.151388,Yahoo H2H-Pts 151388,🔥 leo's Bats,leo,0-0-0,644,IRON HORSE,Kyle,0-0-0,899
2025,4,458.l.151388,Yahoo H2H-Pts 151388,🔥 MacLaine's Bats,MacLaine,0-0-0,714,Anthony Banda-Pokemon Master,Travis,0-0-0,608
2025,4,458.l.151388,Yahoo H2H-Pts 151388,🔥 Gabe's Torches,Gabe,0-0-0,429,🌟 翔君's Stars,翔君,0-0-0,613
2025,4,458.l.151388,Yahoo H2H-Pts 151388,❄️ Halo Now,B rian,0-0-0,677,IRON HORSE,Kyle,0-0-0,697
2025,4,458.l.151388,Yahoo H2H-Pts 151388,Baseball Team,Sam,0-0-0,572,🎯 Ace M Z,M Z,0-0-0,840
2025,4,458.l.151388,Yahoo H2H-Pts 151388,🔥 leo's Bats,leo,0-0-0,470,Wazzup,Aj,0-0-0,544
2025,5,458.l.151388,Yahoo H2H-Pts 151388,🔥 MacLaine's Bats,MacLaine,0-0-0,807,Baseball Team,Sam,0-0-0,690
2025,5,458.l.151388,Yahoo H2H-Pts 151388,🔥 Gabe's Torches,Gabe,0-0-0,482,Anthony Banda-Pokemon Master,Travis,0-0-0,974
2025,5,458.l.151388,Yahoo H2H-Pts 151388,❄️ Halo Now,B rian,0-0-0,552,🌟 翔君's Stars,翔君,0-0-0,647
2025,5,458.l.151388,Yahoo H2H-Pts 151388,🔥 leo's Bats,leo,0-0-0,660,🎯 Ace M Z,M Z,0-0-0,720
2025,5,458.l.151388,Yahoo H2H-Pts 151388,Wazzup,Aj,0-0-0,518,IRON HORSE,Kyle,0-0-0,841
2025,6,458.l.151388,Yahoo H2H-Pts 151388,🔥 MacLaine's Bats,MacLaine,0-0-0,945,🔥 leo's Bats,leo,0-0-0,561
2025,6,458.l.151388,Yahoo H2H-Pts 151388,🔥 Gabe's Torches,Gabe,0-0-0,449,Baseball Team,Sam,0-0-0,738
2025,6,458.l.151388,Yahoo H2H-Pts 151388,❄️ Halo Now,B rian,0-0-0,772,Anthony Banda-Pokemon Master,Travis,0-0-0,711
2025,6,458.l.151388,Yahoo H2H-Pts 151388,🌟 翔君's Stars,翔君,0-0-0,628,IRON HORSE,Kyle,0-0-0,857
2025,6,458.l.151388,Yahoo H2H-Pts 151388,Wazzup,Aj,0-0-0,636,🎯 Ace M Z,M Z,0-0-0,690
2025,7,458.l.151388,Yahoo H2H-Pts 151388,🔥 MacLaine's Bats,MacLaine,0-0-0,706,Wazzup,Aj,0-0-0,558
2025,7,458.l.151388,Yahoo H2H-Pts 151388,🔥 Gabe's Torches,Gabe,0-0-0,476,🔥 leo's Bats,leo,0-0-0,649
2025,7,458.l.151388,Yahoo H2H-Pts 151388,❄️ Halo Now,B rian,0-0-0,610,Baseball Team,Sam,0-0-0,834
2025,7,458.l.151388,Yahoo H2H-Pts 151388,🌟 翔君's Stars,翔君,0-0-0,629,Anthony Banda-Pokemon Master,Travis,0-0-0,652
2025,7,458.l.151388,Yahoo H2H-Pts 151388,🎯 Ace M Z,M Z,0-0-0,797,IRON HORSE,Kyle,0-0-0,613
2025,8,458.l.151388,Yahoo H2H-Pts 151388,🔥 MacLaine's Bats,MacLaine,0-0-0,756,🎯 Ace M Z,M Z,0-0-0,834
2025,8,458.l.151388,Yahoo H2H-Pts 151388,🔥 Gabe's Torches,Gabe,0-0-0,412,Wazzup,Aj,0-0-0,691
2025,8,458.l.151388,Yahoo H2H-Pts 151388,❄️ Halo Now,B rian,0-0-0,656,🔥 leo's Bats,leo,0-0-0,637
2025,8,458.l.151388,Yahoo H2H-Pts 151388,🌟 翔君's Stars,翔君,0-0-0,559,Baseball Team,Sam,0-0-0,699
2025,8,458.l.151388,Yahoo H2H-Pts 151388,Anthony Banda-Pokemon Master,Travis,0-0-0,697,IRON HORSE,Kyle,0-0-0,824
2025,9,458.l.151388,Yahoo H2H-Pts 151388,🔥 MacLaine's Bats,MacLaine,0-0-0,793,IRON HORSE,Kyle,0-0-0,679
2025,9,458.l.151388,Yahoo H2H-Pts 151388,🔥 Gabe's Torches,Gabe,0-0-0,251,🎯 Ace M Z,M Z,0-0-0,758
2025,9,458.l.151388,Yahoo H2H-Pts 151388,❄️ Halo Now,B rian,0-0-0,600,Wazzup,Aj,0-0-0,642
2025,9,458.l.151388,Yahoo H2H-Pts 151388,🌟 翔君's Stars,翔君,0-0-0,550,🔥 leo's Bats,leo,0-0-0,695
2025,9,458.l.151388,Yahoo H2H-Pts 151388,Anthony Banda-Pokemon Master,Travis,0-0-0,608,Baseball Team,Sam,0-0-0,745
2025,10,458.l.151388,Yahoo H2H-Pts 151388,🔥 MacLaine's Bats,MacLaine,0-0-0,787,🔥 Gabe's Torches,Gabe,0-0-0,321
2025,10,458.l.151388,Yahoo H2H-Pts 151388,❄️ Halo Now,B rian,0-0-0,547,🎯 Ace M Z,M Z,0-0-0,772
2025,10,458.l.151388,Yahoo H2H-Pts 151388,🌟 翔君's Stars,翔君,0-0-0,567,Wazzup,Aj,0-0-0,684
2025,10,458.l.151388,Yahoo H2H-Pts 151388,Anthony Banda-Pokemon Master,Travis,0-0-0,790,🔥 leo's Bats,leo,0-0-0,545
2025,10,458.l.151388,Yahoo H2H-Pts 151388,Baseball Team,Sam,0-0-0,821,IRON HORSE,Kyle,0-0-0,804
2025,11,458.l.151388,Yahoo H2H-Pts 151388,🔥 MacLaine's Bats,MacLaine,0-0-0,851,❄️ Halo Now,B rian,0-0-0,641
2025,11,458.l.151388,Yahoo H2H-Pts 151388,🔥 Gabe's Torches,Gabe,0-0-0,303,IRON HORSE,Kyle,0-0-0,853
2025,11,458.l.151388,Yahoo H2H-Pts 151388,🌟 翔君's Stars,翔君,0-0-0,553,🎯 Ace M Z,M Z,0-0-0,605
2025,11,458.l.151388,Yahoo H2H-Pts 151388,Anthony Banda-Pokemon Master,Travis,0-0-0,582,Wazzup,Aj,0-0-0,650
2025,11,458.l.151388,Yahoo H2H-Pts 151388,Baseball Team,Sam,0-0-0,676,🔥 leo's Bats,leo,0-0-0,533
2025,12,458.l.151388,Yahoo H2H-Pts 151388,🔥 MacLaine's Bats,MacLaine,0-0-0,847,🌟 翔君's Stars,翔君,0-0-0,498
2025,12,458.l.151388,Yahoo H2H-Pts 151388,🔥 Gabe's Torches,Gabe,0-0-0,411,❄️ Halo Now,B rian,0-0-0,470
2025,12,458.l.151388,Yahoo H2H-Pts 151388,Anthony Banda-Pokemon Master,Travis,0-0-0,703,🎯 Ace M Z,M Z,0-0-0,659
2025,12,458.l.151388,Yahoo H2H-Pts 151388,Baseball Team,Sam,0-0-0,880,Wazzup,Aj,0-0-0,585
2025,12,458.l.151388,Yahoo H2H-Pts 151388,🔥 leo's Bats,leo,0-0-0,492,IRON HORSE,Kyle,0-0-0,780
2025,13,458.l.151388,Yahoo H2H-Pts 151388,🔥 MacLaine's Bats,MacLaine,0-0-0,697,Anthony Banda-Pokemon Master,Travis,0-0-0,736
2025,13,458.l.151388,Yahoo H2H-Pts 151388,🔥 Gabe's Torches,Gabe,0-0-0,321,🌟 翔君's Stars,翔君,0-0-0,484
2025,13,458.l.151388,Yahoo H2H-Pts 151388,❄️ Halo Now,B rian,0-0-0,598,IRON HORSE,Kyle,0-0-0,859
2025,13,458.l.151388,Yahoo H2H-Pts 151388,Baseball Team,Sam,0-0-0,906,🎯 Ace M Z,M Z,0-0-0,762
2025,13,458.l.151388,Yahoo H2H-Pts 151388,🔥 leo's Bats,leo,0-0-0,521,Wazzup,Aj,0-0-0,708
2025,14,458.l.151388,Yahoo H2H-Pts 151388,🔥 MacLaine's Bats,MacLaine,0-0-0,765,Baseball Team,Sam,0-0-0,769
2025,14,458.l.151388,Yahoo H2H-Pts 151388,🔥 Gabe's Torches,Gabe,0-0-0,464,Anthony Banda-Pokemon Master,Travis,0-0-0,614
2025,14,458.l.151388,Yahoo H2H-Pts 151388,❄️ Halo Now,B rian,0-0-0,869,🌟 翔君's Stars,翔君,0-0-0,434
2025,14,458.l.151388,Yahoo H2H-Pts 151388,🔥 leo's Bats,leo,0-0-0,594,🎯 Ace M Z,M Z,0-0-0,724
2025,14,458.l.151388,Yahoo H2H-Pts 151388,Wazzup,Aj,0-0-0,682,IRON HORSE,Kyle,0-0-0,757
2025,15,458.l.151388,Yahoo H2H-Pts 151388,🔥 MacLaine's Bats,MacLaine,0-0-0,1226,🔥 leo's Bats,leo,0-0-0,918
2025,15,458.l.151388,Yahoo H2H-Pts 151388,🔥 Gabe's Torches,Gabe,0-0-0,795,Baseball Team,Sam,0-0-0,1111
2025,15,458.l.151388,Yahoo H2H-Pts 151388,❄️ Halo Now,B rian,0-0-0,1085,Anthony Banda-Pokemon Master,Travis,0-0-0,1000
2025,15,458.l.151388,Yahoo H2H-Pts 151388,🌟 翔君's Stars,翔君,0-0-0,783,IRON HORSE,Kyle,0-0-0,1171
2025,15,458.l.151388,Yahoo H2H-Pts 151388,Wazzup,Aj,0-0-0,1312,🎯 Ace M Z,M Z,0-0-0,883
2025,16,458.l.151388,Yahoo H2H-Pts 151388,🔥 MacLaine's Bats,MacLaine,0-0-0,719,Wazzup,Aj,0-0-0,823
2025,16,458.l.151388,Yahoo H2H-Pts 151388,🔥 Gabe's Torches,Gabe,0-0-0,404,🔥 leo's Bats,leo,0-0-0,619
2025,16,458.l.151388,Yahoo H2H-Pts 151388,❄️ Halo Now,B rian,0-0-0,795,Baseball Team,Sam,0-0-0,863
2025,16,458.l.151388,Yahoo H2H-Pts 151388,🌟 翔君's Stars,翔君,0-0-0,601,Anthony Banda-Pokemon Master,Travis,0-0-0,614
2025,16,458.l.151388,Yahoo H2H-Pts 151388,🎯 Ace M Z,M Z,0-0-0,736,IRON HORSE,Kyle,0-0-0,614
2025,17,458.l.151388,Yahoo H2H-Pts 151388,🔥 MacLaine's Bats,MacLaine,0-0-0,657,🎯 Ace M Z,M Z,0-0-0,660
2025,17,458.l.151388,Yahoo H2H-Pts 151388,🔥 Gabe's Torches,Gabe,0-0-0,531,Wazzup,Aj,0-0-0,600
2025,17,458.l.151388,Yahoo H2H-Pts 151388,❄️ Halo Now,B rian,0-0-0,720,🔥 leo's Bats,leo,0-0-0,315
2025,17,458.l.151388,Yahoo H2H-Pts 151388,🌟 翔君's Stars,翔君,0-0-0,518,Baseball Team,Sam,0-0-0,797
2025,17,458.l.151388,Yahoo H2H-Pts 151388,Anthony Banda-Pokemon Master,Travis,0-0-0,571,IRON HORSE,Kyle,0-0-0,732
2025,18,458.l.151388,Yahoo H2H-Pts 151388,🔥 MacLaine's Bats,MacLaine,0-0-0,932,IRON HORSE,Kyle,0-0-0,768
2025,18,458.l.151388,Yahoo H2H-Pts 151388,🔥 Gabe's Torches,Gabe,0-0-0,341,🎯 Ace M Z,M Z,0-0-0,447
2025,18,458.l.151388,Yahoo H2H-Pts 151388,❄️ Halo Now,B rian,0-0-0,619,Wazzup,Aj,0-0-0,858
2025,18,458.l.151388,Yahoo H2H-Pts 151388,🌟 翔君's Stars,翔君,0-0-0,562,🔥 leo's Bats,leo,0-0-0,464
2025,18,458.l.151388,Yahoo H2H-Pts 151388,Anthony Banda-Pokemon Master,Travis,0-0-0,626,Baseball Team,Sam,0-0-0,727
2025,19,458.l.151388,Yahoo H2H-Pts 151388,🔥 MacLaine's Bats,MacLaine,0-0-0,748,🔥 Gabe's Torches,Gabe,0-0-0,448
2025,19,458.l.151388,Yahoo H2H-Pts 151388,❄️ Halo Now,B rian,0-0-0,702,🎯 Ace M Z,M Z,0-0-0,600
2025,19,458.l.151388,Yahoo H2H-Pts 151388,🌟 翔君's Stars,翔君,0-0-0,543,Wazzup,Aj,0-0-0,732
2025,19,458.l.151388,Yahoo H2H-Pts 151388,Anthony Banda-Pokemon Master,Travis,0-0-0,665,🔥 leo's Bats,leo,0-0-0,573
2025,19,458.l.151388,Yahoo H2H-Pts 151388,Baseball Team,Sam,0-0-0,880,IRON HORSE,Kyle,0-0-0,581
2025,20,458.l.151388,Yahoo H2H-Pts 151388,🔥 MacLaine's Bats,MacLaine,0-0-0,810,❄️ Halo Now,B rian,0-0-0,736
2025,20,458.l.151388,Yahoo H2H-Pts 151388,🔥 Gabe's Torches,Gabe,0-0-0,529,IRON HORSE,Kyle,0-0-0,819
2025,20,458.l.151388,Yahoo H2H-Pts 151388,🌟 翔君's Stars,翔君,0-0-0,609,🎯 Ace M Z,M Z,0-0-0,687
2025,20,458.l.151388,Yahoo H2H-Pts 151388,Anthony Banda-Pokemon Master,Travis,0-0-0,703,Wazzup,Aj,0-0-0,793
2025,20,458.l.151388,Yahoo H2H-Pts 151388,Baseball Team,Sam,0-0-0,933,🔥 leo's Bats,leo,0-0-0,426
2025,21,458.l.151388,Yahoo H2H-Pts 151388,🔥 MacLaine's Bats,MacLaine,0-0-0,657,🌟 翔君's Stars,翔君,0-0-0,594
2025,21,458.l.151388,Yahoo H2H-Pts 151388,🔥 Gabe's Torches,Gabe,0-0-0,427,❄️ Halo Now,B rian,0-0-0,810
2025,21,458.l.151388,Yahoo H2H-Pts 151388,Anthony Banda-Pokemon Master,Travis,0-0-0,760,🎯 Ace M Z,M Z,0-0-0,706
2025,21,458.l.151388,Yahoo H2H-Pts 151388,Baseball Team,Sam,0-0-0,897,Wazzup,Aj,0-0-0,829
2025,21,458.l.151388,Yahoo H2H-Pts 151388,🔥 leo's Bats,leo,0-0-0,679,IRON HORSE,Kyle,0-0-0,631
2025,22,458.l.151388,Yahoo H2H-Pts 151388,🔥 MacLaine's Bats,MacLaine,0-0-0,696,Anthony Banda-Pokemon Master,Travis,0-0-0,659
2025,22,458.l.151388,Yahoo H2H-Pts 151388,🔥 Gabe's Torches,Gabe,0-0-0,376,🌟 翔君's Stars,翔君,0-0-0,380
2025,22,458.l.151388,Yahoo H2H-Pts 151388,❄️ Halo Now,B rian,0-0-0,697,IRON HORSE,Kyle,0-0-0,727
2025,22,458.l.151388,Yahoo H2H-Pts 151388,Baseball Team,Sam,0-0-0,860,🎯 Ace M Z,M Z,0-0-0,683
2025,22,458.l.151388,Yahoo H2H-Pts 151388,🔥 leo's Bats,leo,0-0-0,415,Wazzup,Aj,0-0-0,799
2025,23,458.l.151388,Yahoo H2H-Pts 151388,Anthony Banda-Pokemon Master,Travis,0-0-0,530,IRON HORSE,Kyle,0-0-0,629
2025,23,458.l.151388,Yahoo H2H-Pts 151388,Wazzup,Aj,0-0-0,784,🎯 Ace M Z,M Z,0-0-0,588
2025,24,458.l.151388,Yahoo H2H-Pts 151388,🔥 MacLaine's Bats,MacLaine,0-0-0,774,IRON HORSE,Kyle,0-0-0,748
2025,24,458.l.151388,Yahoo H2H-Pts 151388,🔥 Gabe's Torches,Gabe,0-0-0,518,❄️ Halo Now,B rian,0-0-0,668
2025,24,458.l.151388,Yahoo H2H-Pts 151388,🌟 翔君's Stars,翔君,0-0-0,523,🔥 leo's Bats,leo,0-0-0,517
2025,24,458.l.151388,Yahoo H2H-Pts 151388,Anthony Banda-Pokemon Master,Travis,0-0-0,706,🎯 Ace M Z,M Z,0-0-0,534
2025,24,458.l.151388,Yahoo H2H-Pts 151388,Baseball Team,Sam,0-0-0,721,Wazzup,Aj,0-0-0,775
2025,25,458.l.151388,Yahoo H2H-Pts 151388,🔥 MacLaine's Bats,MacLaine,0-0-0,839,Wazzup,Aj,0-0-0,763
2025,25,458.l.151388,Yahoo H2H-Pts 151388,🔥 Gabe's Torches,Gabe,0-0-0,345,🔥 leo's Bats,leo,0-0-0,640
2025,25,458.l.151388,Yahoo H2H-Pts 151388,❄️ Halo Now,B rian,0-0-0,508,🌟 翔君's Stars,翔君,0-0-0,412
2025,25,458.l.151388,Yahoo H2H-Pts 151388,Baseball Team,Sam,0-0-0,670,IRON HORSE,Kyle,0-0-0,637
2026,1,469.l.23321,Walking On The Fightin' Side,Jablonski Auto Body LLC,NOBS,0-0-0,7,Sidd Finch Version 24,Paulie,0-0-0,3
2026,1,469.l.23321,Walking On The Fightin' Side,Sexual Chocolate,Joshua,0-0-0,5,Cuban Missile Crisis,Theodore,0-0-0,6
2026,1,469.l.23321,Walking On The Fightin' Side,Errors Built My Hotrod,Nikolai Khabibulin,0-0-0,4,Zegster,M Z,0-0-0,9
2026,1,469.l.23321,Walking On The Fightin' Side,Oasis Breeze Tan and Spa,Brett,0-0-0,5,Just A Bit Outside,DiZzY,0-0-0,7
2026,1,469.l.23321,Walking On The Fightin' Side,Gooserules,The Wizard,0-0-0,8,Jensen Tire Inc,Douglas,0-0-0,1
2026,1,469.l.23321,Walking On The Fightin' Side,Need Homers Now!,Dan,0-0-0,2,The Evil Empire,Kevo,0-0-0,7
2026,2,469.l.23321,Walking On The Fightin' Side,Jablonski Auto Body LLC,NOBS,0-0-0,7,Jensen Tire Inc,Douglas,0-0-0,5
2026,2,469.l.23321,Walking On The Fightin' Side,Sexual Chocolate,Joshua,0-0-0,4,Need Homers Now!,Dan,0-0-0,7
2026,2,469.l.23321,Walking On The Fightin' Side,Errors Built My Hotrod,Nikolai Khabibulin,0-0-0,4,Cuban Missile Crisis,Theodore,0-0-0,9
2026,2,469.l.23321,Walking On The Fightin' Side,Oasis Breeze Tan and Spa,Brett,0-0-0,7,Gooserules,The Wizard,0-0-0,6
2026,2,469.l.23321,Walking On The Fightin' Side,Just A Bit Outside,DiZzY,0-0-0,7,Zegster,M Z,0-0-0,4
2026,2,469.l.23321,Walking On The Fightin' Side,The Evil Empire,Kevo,0-0-0,6,Sidd Finch Version 24,Paulie,0-0-0,7
2026,3,469.l.23321,Walking On The Fightin' Side,Jablonski Auto Body LLC,NOBS,0-0-0,4,Oasis Breeze Tan and Spa,Brett,0-0-0,9
2026,3,469.l.23321,Walking On The Fightin' Side,Sexual Chocolate,Joshua,0-0-0,6,The Evil Empire,Kevo,0-0-0,4
2026,3,469.l.23321,Walking On The Fightin' Side,Errors Built My Hotrod,Nikolai Khabibulin,0-0-0,2,Need Homers Now!,Dan,0-0-0,9
2026,3,469.l.23321,Walking On The Fightin' Side,Gooserules,The Wizard,0-0-0,6,Zegster,M Z,0-0-0,7
2026,3,469.l.23321,Walking On The Fightin' Side,Just A Bit Outside,DiZzY,0-0-0,2,Cuban Missile Crisis,Theodore,0-0-0,10
2026,3,469.l.23321,Walking On The Fightin' Side,Jensen Tire Inc,Douglas,0-0-0,5,Sidd Finch Version 24,Paulie,0-0-0,6
2026,4,469.l.23321,Walking On The Fightin' Side,Jablonski Auto Body LLC,NOBS,0-0-0,8,Zegster,M Z,0-0-0,4
2026,4,469.l.23321,Walking On The Fightin' Side,Sexual Chocolate,Joshua,0-0-0,6,Errors Built My Hotrod,Nikolai Khabibulin,0-0-0,6
2026,4,469.l.23321,Walking On The Fightin' Side,Oasis Breeze Tan and Spa,Brett,0-0-0,5,Sidd Finch Version 24,Paulie,0-0-0,8
2026,4,469.l.23321,Walking On The Fightin' Side,Gooserules,The Wizard,0-0-0,11,Cuban Missile Crisis,Theodore,0-0-0,2
2026,4,469.l.23321,Walking On The Fightin' Side,Just A Bit Outside,DiZzY,0-0-0,4,Need Homers Now!,Dan,0-0-0,9
2026,4,469.l.23321,Walking On The Fightin' Side,Jensen Tire Inc,Douglas,0-0-0,3,The Evil Empire,Kevo,0-0-0,10
2026,5,469.l.23321,Walking On The Fightin' Side,Jablonski Auto Body LLC,NOBS,0-0-0,7,Cuban Missile Crisis,Theodore,0-0-0,3
2026,5,469.l.23321,Walking On The Fightin' Side,Sexual Chocolate,Joshua,0-0-0,6,Just A Bit Outside,DiZzY,0-0-0,5
2026,5,469.l.23321,Walking On The Fightin' Side,Errors Built My Hotrod,Nikolai Khabibulin,0-0-0,7,The Evil Empire,Kevo,0-0-0,5
2026,5,469.l.23321,Walking On The Fightin' Side,Oasis Breeze Tan and Spa,Brett,0-0-0,7,Jensen Tire Inc,Douglas,0-0-0,5
2026,5,469.l.23321,Walking On The Fightin' Side,Gooserules,The Wizard,0-0-0,4,Need Homers Now!,Dan,0-0-0,8
2026,5,469.l.23321,Walking On The Fightin' Side,Sidd Finch Version 24,Paulie,0-0-0,7,Zegster,M Z,0-0-0,6
2026,6,469.l.23321,Walking On The Fightin' Side,Jablonski Auto Body LLC,NOBS,0-0-0,6,Need Homers Now!,Dan,0-0-0,7
2026,6,469.l.23321,Walking On The Fightin' Side,Sexual Chocolate,Joshua,0-0-0,9,Gooserules,The Wizard,0-0-0,4
2026,6,469.l.23321,Walking On The Fightin' Side,Errors Built My Hotrod,Nikolai Khabibulin,0-0-0,7,Just A Bit Outside,DiZzY,0-0-0,4
2026,6,469.l.23321,Walking On The Fightin' Side,Oasis Breeze Tan and Spa,Brett,0-0-0,6,The Evil Empire,Kevo,0-0-0,7
2026,6,469.l.23321,Walking On The Fightin' Side,Cuban Missile Crisis,Theodore,0-0-0,7,Sidd Finch Version 24,Paulie,0-0-0,4
2026,6,469.l.23321,Walking On The Fightin' Side,Jensen Tire Inc,Douglas,0-0-0,7,Zegster,M Z,0-0-0,5
2026,7,469.l.23321,Walking On The Fightin' Side,Jablonski Auto Body LLC,NOBS,0-0-0,6,Sexual Chocolate,Joshua,0-0-0,7
2026,7,469.l.23321,Walking On The Fightin' Side,Errors Built My Hotrod,Nikolai Khabibulin,0-0-0,4,Gooserules,The Wizard,0-0-0,9
2026,7,469.l.23321,Walking On The Fightin' Side,Oasis Breeze Tan and Spa,Brett,0-0-0,11,Zegster,M Z,0-0-0,2
2026,7,469.l.23321,Walking On The Fightin' Side,Just A Bit Outside,DiZzY,0-0-0,4,The Evil Empire,Kevo,0-0-0,9
2026,7,469.l.23321,Walking On The Fightin' Side,Need Homers Now!,Dan,0-0-0,6,Sidd Finch Version 24,Paulie,0-0-0,6
2026,7,469.l.23321,Walking On The Fightin' Side,Cuban Missile Crisis,Theodore,0-0-0,4,Jensen Tire Inc,Douglas,0-0-0,7
2026,8,469.l.23321,Walking On The Fightin' Side,Jablonski Auto Body LLC,NOBS,0-0-0,2,Errors Built My Hotrod,Nikolai Khabibulin,0-0-0,11
2026,8,469.l.23321,Walking On The Fightin' Side,Sexual Chocolate,Joshua,0-0-0,7,Sidd Finch Version 24,Paulie,0-0-0,6
2026,8,469.l.23321,Walking On The Fightin' Side,Oasis Breeze Tan and Spa,Brett,0-0-0,7,Cuban Missile Crisis,Theodore,0-0-0,5
2026,8,469.l.23321,Walking On The Fightin' Side,Gooserules,The Wizard,0-0-0,10,Just A Bit Outside,DiZzY,0-0-0,4
2026,8,469.l.23321,Walking On The Fightin' Side,Need Homers Now!,Dan,0-0-0,4,Jensen Tire Inc,Douglas,0-0-0,10
2026,8,469.l.23321,Walking On The Fightin' Side,The Evil Empire,Kevo,0-0-0,8,Zegster,M Z,0-0-0,4
2026,9,469.l.23321,Walking On The Fightin' Side,Jablonski Auto Body LLC,NOBS,0-0-0,6,Just A Bit Outside,DiZzY,0-0-0,6
2026,9,469.l.23321,Walking On The Fightin' Side,Sexual Chocolate,Joshua,0-0-0,8,Jensen Tire Inc,Douglas,0-0-0,4
2026,9,469.l.23321,Walking On The Fightin' Side,Errors Built My Hotrod,Nikolai Khabibulin,0-0-0,6,Sidd Finch Version 24,Paulie,0-0-0,6
2026,9,469.l.23321,Walking On The Fightin' Side,Oasis Breeze Tan and Spa,Brett,0-0-0,5,Need Homers Now!,Dan,0-0-0,7
2026,9,469.l.23321,Walking On The Fightin' Side,Gooserules,The Wizard,0-0-0,8,The Evil Empire,Kevo,0-0-0,6
2026,9,469.l.23321,Walking On The Fightin' Side,Cuban Missile Crisis,Theodore,0-0-0,10,Zegster,M Z,0-0-0,3
2026,10,469.l.23321,Walking On The Fightin' Side,Jablonski Auto Body LLC,NOBS,0-0-0,1,Gooserules,The Wizard,0-0-0,11
2026,10,469.l.23321,Walking On The Fightin' Side,Sexual Chocolate,Joshua,0-0-0,7,Oasis Breeze Tan and Spa,Brett,0-0-0,6
2026,10,469.l.23321,Walking On The Fightin' Side,Errors Built My Hotrod,Nikolai Khabibulin,0-0-0,8,Jensen Tire Inc,Douglas,0-0-0,4
2026,10,469.l.23321,Walking On The Fightin' Side,Just A Bit Outside,DiZzY,0-0-0,8,Sidd Finch Version 24,Paulie,0-0-0,5
2026,10,469.l.23321,Walking On The Fightin' Side,Need Homers Now!,Dan,0-0-0,7,Zegster,M Z,0-0-0,4
2026,10,469.l.23321,Walking On The Fightin' Side,Cuban Missile Crisis,Theodore,0-0-0,8,The Evil Empire,Kevo,0-0-0,3
2026,11,469.l.23321,Walking On The Fightin' Side,Jablonski Auto Body LLC,NOBS,0-0-0,11,The Evil Empire,Kevo,0-0-0,0
2026,11,469.l.23321,Walking On The Fightin' Side,Sexual Chocolate,Joshua,0-0-0,8,Zegster,M Z,0-0-0,3
2026,11,469.l.23321,Walking On The Fightin' Side,Errors Built My Hotrod,Nikolai Khabibulin,0-0-0,2,Oasis Breeze Tan and Spa,Brett,0-0-0,10
2026,11,469.l.23321,Walking On The Fightin' Side,Gooserules,The Wizard,0-0-0,4,Sidd Finch Version 24,Paulie,0-0-0,5
2026,11,469.l.23321,Walking On The Fightin' Side,Just A Bit Outside,DiZzY,0-0-0,5,Jensen Tire Inc,Douglas,0-0-0,3
2026,11,469.l.23321,Walking On The Fightin' Side,Need Homers Now!,Dan,0-0-0,2,Cuban Missile Crisis,Theodore,0-0-0,8
